site,amino_acid,treatment_count,treatment_total,treatment_bg_freq,control_count,control_total,control_bg_freq,log2_enrich_treatment,log2_enrich_control,delta_log2_enrichment,enrichment_ratio,p_value,p_adj
A,L,208,3955,0.0823041101219517,215,3282,0.0772685861873054,-0.6461305495334803,-0.23819248480475064,-0.4079380647287296,0.7536998106124837,0.0038074550573548153,0.0761491011470963
A,E,508,3955,0.0759263008531239,347,3282,0.0738363100812151,0.7584791757396906,0.5179580617459887,0.2405211139937019,1.1814193233004924,0.017579981323149557,0.12640524602129252
A,M,93,3955,0.0227778902795586,49,3282,0.0217589355826356,0.04591889274563958,-0.5434014732702633,0.5893203660159029,1.5045378131677325,0.02225392112013316,0.12640524602129252
A,S,181,3955,0.0600661402375203,192,3282,0.060658064784992,-0.3923118638679353,-0.05224030444462151,-0.3400715594233138,0.7900021258282193,0.025281049204258502,0.12640524602129252
A,Q,147,3955,0.039481676459822,90,3282,0.038284709426774,-0.08711669515435187,-0.4814185449958324,0.39430184984148053,1.3143065859755987,0.042742175517147395,0.17096870206858958
A,I,249,3955,0.0549706418269753,242,3282,0.0540901290264242,0.1957348183700538,0.4469945646398637,-0.2512597462698099,0.8401624737518102,0.0566920765509446,0.1889735885031487
A,G,249,3955,0.075420125514328,191,3282,0.0806161147352206,-0.2605534089349776,-0.47014276039683156,0.20958935146185398,1.1563589911764791,0.13870248884508068,0.34675622211270174
A,N,222,3955,0.040089086866377,217,3282,0.040827136172026,0.48560052004807475,0.6955195257375709,-0.20991900568949617,0.8645857686359736,0.13751384112284432,0.34675622211270174
A,P,104,3955,0.0454545454576131,101,3282,0.04574249454618,-0.7895906426791295,-0.5718268956014488,-0.21776374707768065,0.8598972898146375,0.2931394812448943,0.6514210694330985
A,H,75,3955,0.019875818337129,70,3282,0.019174135058296,-0.0678013600708482,0.15361818371775257,-0.22141954378860076,0.8577210640736559,0.3592727790461986,0.653223234629452
A,R,210,3955,0.0597961800568292,157,3282,0.05974702853461,-0.17141359598993597,-0.3207495485686369,0.14933595257870094,1.1090588740674687,0.3454003823048736,0.653223234629452
A,A,200,3955,0.0692785314036049,163,3282,0.0721837326968013,-0.4541579473234797,-0.5394489279512338,0.08529098062775409,1.0609016956020003,0.5988604591291504,0.70454171662253
A,C,54,3955,0.0168050212817675,48,3282,0.0156994851731182,-0.29961065708846457,-0.10225808319414084,-0.19735257389432373,0.8721495389353159,0.4869610089417966,0.70454171662253
A,D,350,3955,0.0570290882047451,275,3282,0.0569079853357452,0.63390735552224,0.5581533687849495,0.0757539867372905,1.0539116913626163,0.520601953039781,0.70454171662253
A,F,98,3955,0.0352298036139368,94,3282,0.0370770567227792,-0.5076923781234453,-0.3724412055289633,-0.13525117259448194,0.9105113001610501,0.5161558623045452,0.70454171662253
A,K,406,3955,0.0857123574031771,315,3282,0.083942456393592,0.26022691067078096,0.19330400347114504,0.06692290719963592,1.0474801517664352,0.5492458594103582,0.70454171662253
A,V,204,3955,0.0659715191901386,185,3282,0.0678616072298728,-0.355023775248047,-0.26771747237130566,-0.08730630287674135,0.9412785976650307,0.575916873300113,0.70454171662253
A,T,209,3955,0.0554430721431848,160,3282,0.0534545223401112,-0.06925385803415543,-0.13288724632326968,0.06363338828911425,1.045094491359048,0.7139157407185321,0.7597180113089499
A,W,36,3955,0.0083687656351698,35,3282,0.0088561198504815,0.12123246095125649,0.2680330317501497,-0.1468005707988932,0.9032513613799174,0.7217321107435024,0.7597180113089499
A,Y,152,3955,0.0299993251130462,136,3282,0.0320133901218189,0.3573916787041121,0.37228404546820243,-0.014892366764090337,0.9897304931713788,0.9529552435112266,0.9529552435112266
E,G,253,3955,0.075420125514328,146,3282,0.0806161147352206,-0.23756176630874856,-0.8577470295525631,0.6201852632438145,1.5370725513181767,2.9772558363406982e-05,0.0005954511672681396
E,M,115,3955,0.0227778902795586,54,3282,0.0217589355826356,0.35225013258198323,-0.403223815222003,0.7554739478039862,1.6881860966149287,0.001426497298463376,0.01426497298463376
E,I,233,3955,0.0549706418269753,236,3282,0.0540901290264242,0.09991903095625304,0.4107743767271104,-0.3108553457708574,0.8061636587871753,0.020275268682014572,0.10137634341007286
E,N,168,3955,0.040089086866377,183,3282,0.040827136172026,0.083502076476729,0.4496681315771341,-0.3661660551004051,0.7758415492884618,0.018363617762317617,0.10137634341007286
E,A,170,3955,0.0692785314036049,116,3282,0.0721837326968013,-0.6886232009605027,-1.0301960870547393,0.34157288609423664,1.2671373269453203,0.05043818100509081,0.18374498829503874
E,K,498,3955,0.0857123574031771,459,3282,0.083942456393592,0.5548929255536857,0.736446328497674,-0.18155340294398825,0.8817530689311779,0.05512349648851162,0.18374498829503874
E,F,119,3955,0.0352298036139368,131,3282,0.0370770567227792,-0.2275844589307098,0.10639294433084955,-0.33397740326155934,0.79334626916977,0.07570127570834356,0.1892531892708589
E,R,260,3955,0.0597961800568292,180,3282,0.05974702853461,0.13670869937239585,-0.12351720113058923,0.2602259005029851,1.1976662232654516,0.06870819909184753,0.1892531892708589
E,P,142,3955,0.0454545454576131,143,3282,0.04574249454618,-0.3402832413155396,-0.07016704157485425,-0.27011619974068535,0.8292527521867625,0.12195080360301971,0.27100178578448825
E,C,65,3955,0.0168050212817675,40,3282,0.0156994851731182,-0.03213034622347867,-0.3652924890279348,0.33316214280445616,1.2597715562399008,0.2793946572382895,0.558789314476579
E,Y,113,3955,0.0299993251130462,115,3282,0.0320133901218189,-0.07035687232428571,0.13031125516223813,-0.20066812748652385,0.8701474953694366,0.3196371737026923,0.5811584976412587
E,W,56,3955,0.0083687656351698,41,3282,0.0088561198504815,0.7586623815665482,0.4963020194232669,0.2623603621432813,1.1994394771711638,0.4160671664799908,0.6934452774666514
E,H,70,3955,0.019875818337129,64,3282,0.019174135058296,-0.16733703362176267,0.02433516677278613,-0.1916722003945488,0.8755902529085237,0.48695525386069305,0.7491619290164508
E,V,206,3955,0.0659715191901386,164,3282,0.0678616072298728,-0.34094859003632416,-0.44154692826953407,0.1005983382332099,1.0722180582560474,0.5315438105367927,0.7593483007668467
E,T,174,3955,0.0554430721431848,146,3282,0.0534545223401112,-0.33366949426631,-0.26499078233061485,-0.06867871193569514,0.9535108684353377,0.6938847792497356,0.925179705666314
E,L,306,3955,0.0823041101219517,242,3282,0.0772685861873054,-0.08918242498192065,-0.06752209711961654,-0.02166032786230411,0.9850983498926276,0.86338024844803,0.9710153458107107
E,Q,157,3955,0.039481676459822,122,3282,0.038284709426774,0.007831708900910775,-0.04253430376262072,0.050366012663531495,1.035527604540828,0.8097224582589173,0.9710153458107107
E,S,194,3955,0.0600661402375203,166,3282,0.060658064784992,-0.29224490876401293,-0.26216337381885285,-0.030081534945160082,0.9793649465103345,0.8739138112296396,0.9710153458107107
E,D,272,3955,0.0570290882047451,225,3282,0.0569079853357452,0.2701590849402505,0.2686467515899646,0.0015123333502858882,1.0010488192244278,1.0,1.0
E,E,384,3955,0.0759263008531239,309,3282,0.0738363100812151,0.35475698968868086,0.35062923707210236,0.004127752616578495,1.0028652370559337,1.0,1.0
P,D,415,3955,0.0570290882047451,512,3282,0.0569079853357452,0.8796637699241983,1.4548655603729275,-0.5752017904487292,0.6711923648256617,1.4098177949315626e-09,2.819635589863125e-08
P,N,161,3955,0.040089086866377,229,3282,0.040827136172026,0.022101531812585666,0.7731720813900357,-0.75107054957745,0.5941624965347773,3.328677319248886e-07,3.328677319248886e-06
P,S,247,3955,0.0600661402375203,152,3282,0.060658064784992,0.05620948063353712,-0.38927529172219216,0.44548477235572925,1.3617716202121792,0.002553221054732783,0.017021473698218555
P,E,358,3955,0.0759263008531239,225,3282,0.0738363100812151,0.25361026623178123,-0.1070525996152353,0.36066286584701657,1.2840157205277953,0.003512013157850123,0.017560065789250616
P,A,279,3955,0.0692785314036049,192,3282,0.0721837326968013,0.02610717473098312,-0.30321458146115515,0.32932175619213827,1.2564225627836503,0.016199655030972926,0.0647986201238917
P,G,390,3955,0.075420125514328,291,3282,0.0806161147352206,0.38677497274655215,0.13730375447570348,0.24947121827084867,1.1887713224407725,0.025963991077158338,0.07418283164902383
P,L,228,3955,0.0823041101219517,139,3282,0.0772685861873054,-0.5136802535098308,-0.8674442616707037,0.35376400816087283,1.2778903125423338,0.023603248455201536,0.07418283164902383
P,K,193,3955,0.0857123574031771,194,3282,0.083942456393592,-0.8126519692463148,-0.5059911727290061,-0.3066607965173087,0.8085109418851306,0.0407873894379297,0.10196847359482425
P,V,266,3955,0.0659715191901386,191,3282,0.0678616072298728,0.027833318281647066,-0.22167010485186914,0.2495034231335162,1.1887978593341588,0.07444935833128696,0.16544301851397103
P,M,65,3955,0.0227778902795586,37,3282,0.0217589355826356,-0.47087210533393736,-0.9486579517565217,0.4777858464225843,1.39260474714886,0.11142780550826922,0.22285561101653845
P,H,92,3955,0.019875818337129,88,3282,0.019174135058296,0.22694190549028376,0.4837667854100834,-0.25682487991979963,0.8369278261567187,0.2605363893906476,0.4737025261648138
P,F,141,3955,0.0352298036139368,139,3282,0.0370770567227792,0.01714913016014009,0.1919110155169067,-0.17476188535676662,0.8859137257623373,0.3378831772759672,0.5443004511010261
P,Y,128,3955,0.0299993251130462,100,3282,0.0320133901218189,0.1094641652605266,-0.07132260600741228,0.18078677126793888,1.1335018700741686,0.35379529321566694,0.5443004511010261
P,Q,154,3955,0.039481676459822,111,3282,0.038284709426774,-0.02000249929581483,-0.1788557749754011,0.15885327567958626,1.1163994166588098,0.38754364283254106,0.5536337754750587
P,W,21,3955,0.0083687656351698,14,3282,0.0088561198504815,-0.6563751177122956,-1.0538950631372126,0.397519945424917,1.317241568679046,0.4992832045768923,0.6657109394358564
P,I,134,3955,0.0549706418269753,118,3282,0.0540901290264242,-0.6981779232402548,-0.5892256232728896,-0.10895229996736522,0.9272612040985536,0.5690173284371456,0.711271660546432
P,C,57,3955,0.0168050212817675,41,3282,0.0156994851731182,-0.2216081450871915,-0.32966857929721344,0.10806043421002193,1.0777782920176262,0.7604887745283863,0.7670040289366191
P,P,173,3955,0.0454545454576131,138,3282,0.04574249454618,-0.05540213318349713,-0.1215139215750746,0.06611178839157747,1.0468913980581913,0.7327031048380939,0.7670040289366191
P,R,219,3955,0.0597961800568292,190,3282,0.05974702853461,-0.11087205405488507,-0.04551468912931612,-0.06535736492556896,0.9557085530591924,0.6551443612374176,0.7670040289366191
P,T,234,3955,0.0554430721431848,181,3282,0.0534545223401112,0.09375172946836631,0.04503054587257337,0.04872118359579294,1.0343476633398387,0.7670040289366191,0.7670040289366191
