site,timepoint,amino_acid,odds_ratio,p_value,BWM_count,BWM_total,control_count,control_total,p_adj
E,day_0,P,1.1466564198547735,7.786146449862696e-269,119574,2110363,167492,3365031,1.5572292899725397e-267
E,day_0,E,0.9496787159777474,1.8728271133985548e-55,159231,2110363,266287,3365031,1.8728271133985547e-54
E,day_0,L,1.0468178490633953,4.020899568380642e-42,158230,2110363,241829,3365031,2.680599712253761e-41
E,day_0,H,0.9245386834333712,5.132950691323403e-38,43316,2110363,74581,3365031,2.5664753456617018e-37
E,day_0,F,1.052590319446467,1.3056924675634474e-28,81076,2110363,123055,3365031,5.2227698702537885e-28
E,day_0,K,0.9692667250354936,1.0945596532429951e-26,209607,2110363,343739,3365031,3.648532177476651e-26
E,day_0,N,0.966287274276696,3.328820871453374e-18,108884,2110363,179353,3365031,9.510916775581069e-18
E,day_0,C,1.069950110269914,1.0500869577374203e-16,25599,2110363,38180,3365031,2.6252173943435513e-16
E,day_0,G,0.972069857546458,2.348948684740765e-15,134368,2110363,220007,3365031,5.2198859660905896e-15
E,day_0,V,1.0254677881109222,1.60213959538421e-12,138918,2110363,216361,3365031,3.20427919076842e-12
E,day_0,A,1.0265639043178711,2.6606128094482568e-12,124417,2110363,193548,3365031,4.4343546824137616e-12
E,day_0,S,0.9735001734310896,2.4494144186398986e-12,115938,2110363,189615,3365031,4.4343546824137616e-12
E,day_0,Q,0.9726689318274698,1.7333874118702798e-10,89123,2110363,145929,3365031,2.6667498644158147e-10
E,day_0,M,0.9675286832711496,1.7967821307631267e-08,47762,2110363,78654,3365031,2.5668316153758956e-08
E,day_0,D,0.9796886185020156,2.736893772359765e-08,125913,2110363,204681,3365031,3.6491916964796864e-08
E,day_0,T,0.9789511541934132,1.2679009458341256e-07,104737,2110363,170415,3365031,1.584876182292657e-07
E,day_0,R,1.0170049767912588,1.2772362799579284e-05,116216,2110363,182379,3365031,1.502630917597563e-05
E,day_0,W,1.0231351094198289,0.0110908328861447,20463,2110363,31898,3365031,0.0123231476512719
E,day_0,I,1.0070331237747152,0.0589773447491578,125953,2110363,199516,3365031,0.0620814155254293
E,day_0,Y,0.9980436006406233,0.7100491273646048,61038,2110363,97512,3365031,0.7100491273646048
E,day_5,K,0.8549758559212555,0.0,190333,2014809,262618,2414916,0.0
E,day_5,P,1.1574178734894716,1.0432463395249522e-210,92093,2014809,95965,2414916,1.0432463395249521e-209
E,day_5,A,1.1363889872364603,1.4147250604426387e-200,114819,2014809,121937,2414916,9.431500402950927e-200
E,day_5,F,1.154616935464973,5.6378774167889134e-180,80686,2014809,84210,2414916,2.818938708394456e-179
E,day_5,Y,1.170527493508894,4.535981582895488e-167,62273,2014809,64054,2414916,1.8143926331581952e-166
E,day_5,E,0.9178120340562594,3.279204921903803e-133,157623,2014809,204410,2414916,1.0930683073012675e-132
E,day_5,T,1.1093110063261142,4.961528536295936e-123,104678,2014809,113684,2414916,1.4175795817988386e-122
E,day_5,M,0.8706377491685864,3.3963425188113243e-116,48242,2014809,66178,2414916,8.490856297028312e-116
E,day_5,G,0.9117399014960824,1.1456746051710709e-113,112285,2014809,146819,2414916,2.5459435670468245e-113
E,day_5,N,0.9273635100632642,3.3228250561223313e-73,108066,2014809,139087,2414916,6.645650112244663e-73
E,day_5,R,0.929098695594903,3.231571241837744e-69,107325,2014809,137894,2414916,5.875584076068623e-69
E,day_5,L,1.055657539203839,2.048116764716065e-51,157866,2014809,179983,2414916,3.413527941193441e-51
E,day_5,S,1.055537752743394,7.104013641504629e-42,125988,2014809,143534,2414916,1.0929251756160967e-41
E,day_5,V,1.0539176745647776,6.129131115307027e-41,130573,2014809,148990,2414916,8.755901593295751e-41
E,day_5,W,0.8851238807076591,1.176069830034822e-36,18777,2014809,25396,2414916,1.568093106713096e-36
E,day_5,I,1.0513571493369855,7.050709515403987e-35,120632,2014809,137928,2414916,8.813386894254986e-35
E,day_5,D,0.9649670809725406,2.0114523473926885e-19,122953,2014809,152382,2414916,2.36641452634434e-19
E,day_5,H,1.0477936405545634,7.60810159896177e-13,45229,2014809,51791,2414916,8.453446221068635e-13
E,day_5,C,1.0482905444341797,4.596985225928041e-08,25542,2014809,29221,2414916,4.838931816766359e-08
E,day_5,Q,0.9772228920602504,6.300908723401126e-07,88826,2014809,108835,2414916,6.300908723401126e-07
E,day_10,K,0.927624693103622,1.647076636479494e-75,142481,1555488,124020,1264930,3.294153272958988e-74
E,day_10,L,1.0590346682329763,1.5837836776620892e-37,123775,1555488,95467,1264930,1.5837836776620893e-36
E,day_10,P,0.9302926678117656,2.8706067132232308e-36,68299,1555488,59507,1264930,1.9137378088154872e-35
E,day_10,S,1.0634773265476176,1.385164569574984e-35,100310,1555488,77000,1264930,6.925822847874921e-35
E,day_10,C,1.1139859118157065,2.147248136976473e-23,20340,1555488,14868,1264930,8.588992547905892e-23
E,day_10,E,0.9671861566898998,3.7130607760992544e-14,122890,1555488,103049,1264930,1.2376869253664182e-13
E,day_10,W,1.0844610479500736,2.307111587728109e-11,15966,1555488,11982,1264930,6.591747393508883e-11
E,day_10,F,1.0333994206175845,1.8603330165114886e-07,59357,1555488,46767,1264930,4.13407337002553e-07
E,day_10,N,0.9724575615453483,1.7780761660731384e-07,81201,1555488,67803,1264930,4.13407337002553e-07
E,day_10,Q,1.0243448164117788,3.882356400631908e-05,69085,1555488,54903,1264930,7.764712801263817e-05
E,day_10,I,0.9825459679948814,0.0006168740310957,88696,1555488,73335,1264930,0.0011215891474468
E,day_10,G,1.0161320022548972,0.0014630760579639,94706,1555488,75866,1264930,0.0024384600966066
E,day_10,M,1.023893204291155,0.0023219824516743,38551,1555488,30636,1264930,0.0035722806948835
E,day_10,Y,1.0214523249998124,0.0036553051500778,43509,1555488,34659,1264930,0.0052218645001111
E,day_10,H,1.0220475431339044,0.0075008244473925,34748,1555488,27661,1264930,0.01000109926319
E,day_10,T,0.985874303327521,0.0089758522357,78803,1555488,64954,1264930,0.011219815294625
E,day_10,D,0.988359517264376,0.0178030091579004,96912,1555488,79679,1264930,0.0209447166563534
E,day_10,V,1.0102557009610689,0.0373114746637003,99884,1555488,80454,1264930,0.0414571940707781
E,day_10,A,1.0093722389435742,0.0682508177355012,91131,1555488,73460,1264930,0.0718429660373697
E,day_10,R,1.002081764266005,0.6943623521340017,84844,1555488,68860,1264930,0.6943623521340017
P,day_0,G,1.1048767239455557,1.1249823497056474e-200,168887,2110358,245599,3365028,2.249964699411295e-199
P,day_0,D,1.09297427413741,6.440539652377919e-161,169310,2110358,248702,3365028,6.440539652377918e-160
P,day_0,E,0.9225625279932848,3.4941675143863057e-121,142571,2110358,245026,3365028,2.3294450095908707e-120
P,day_0,K,0.9452919473730071,4.509602149307526e-67,163185,2110358,274036,3365028,2.2548010746537633e-66
P,day_0,M,0.915165439377793,3.079844345636137e-46,41396,2110358,71995,3365028,1.2319377382544548e-45
P,day_0,L,0.9530645120299436,2.9455354974748164e-43,140734,2110358,234685,3365028,9.818451658249388e-43
P,day_0,F,1.0517441792993911,8.173989156941599e-32,94171,2110358,143085,3365028,2.335425473411885e-31
P,day_0,Y,0.9497947427215628,1.6282419376140308e-27,73421,2110358,123034,3365028,4.070604844035077e-27
P,day_0,P,0.959203569567395,6.330652193671216e-23,93765,2110358,155576,3365028,1.4068115985936037e-22
P,day_0,T,0.9610718471603128,1.155456946198363e-22,102438,2110358,169623,3365028,2.310913892396726e-22
P,day_0,R,1.0338140580714434,4.294525526798135e-18,118858,2110358,183662,3365028,7.808228230542063e-18
P,day_0,A,1.0257446756418538,1.1538435000259322e-11,124519,2110358,193853,3365028,1.9230725000432205e-11
P,day_0,I,0.9809244690383788,1.9709268961507624e-07,125321,2110358,203479,3365028,3.032195224847327e-07
P,day_0,V,1.0145478928168858,4.893396057605487e-05,138431,2110358,217772,3365028,6.990565796579268e-05
P,day_0,S,1.012186313965335,0.0013778569745114,121073,2110358,190862,3365028,0.0018371426326819
P,day_0,H,0.982622933590394,0.0025149161543894,49214,2110358,79828,3365028,0.0031436451929868
P,day_0,Q,1.0134514534246588,0.0047342267882095,75847,2110358,119392,3365028,0.0055696785743641
P,day_0,N,1.007759780044927,0.0428478243420786,118812,2110358,188072,3365028,0.0476086937134207
P,day_0,C,1.0082473377927912,0.2558004013496212,31892,2110358,50443,3365028,0.2692635803680223
P,day_0,W,1.0010140537822072,0.9205929973137555,16513,2110358,26304,3365028,0.9205929973137555
P,day_5,Q,1.1518592103346903,3.3382359620889703e-158,72891,2014802,76211,2414900,6.67647192417794e-157
P,day_5,V,0.914882278090027,3.4531708181022044e-121,130864,2014802,170414,2414900,3.4531708181022045e-120
P,day_5,E,0.9229503394378304,1.4764232755041473e-105,141326,2014802,182463,2414900,9.842821836694316e-105
P,day_5,K,1.0713638403654573,9.579477106531854e-80,153763,2014802,172900,2414900,4.789738553265927e-79
P,day_5,H,1.1259057344976175,1.4887733046170312e-78,49738,2014802,53095,2414900,5.955093218468125e-78
P,day_5,D,0.941113501264641,3.5793011282325553e-66,155434,2014802,197006,2414900,1.1931003760775182e-65
P,day_5,P,1.0800142527729752,1.9640287221494312e-57,85367,2014802,95037,2414900,5.61151063471266e-57
P,day_5,F,0.9332096971064636,2.8346061382507452e-53,92147,2014802,117964,2414900,7.0865153456268645e-53
P,day_5,R,1.0653319344210337,5.965943482688667e-50,109954,2014802,124122,2414900,1.3257652183752597e-49
P,day_5,I,0.9467713881337212,1.5462527039796606e-44,125235,2014802,157991,2414900,3.092505407959321e-44
P,day_5,W,1.1651904592958466,1.6363276162138404e-42,15902,2014802,16376,2414900,2.9751411203888e-42
P,day_5,L,1.0293916502285914,2.387084761667781e-15,149902,2014802,174911,2414900,3.9784746027796335e-15
P,day_5,N,0.9702226553778304,4.8616612082230384e-14,119691,2014802,147593,2414900,7.479478781881599e-14
P,day_5,M,1.0477308201606956,1.7165936719608677e-12,43890,2014802,50259,2414900,2.452276674229811e-12
P,day_5,T,1.0238118215579857,7.828028040029314e-08,101738,2014802,119245,2414900,1.0437370720039084e-07
P,day_5,Y,1.0180057691418185,0.0004854127021768,73409,2014802,86486,2414900,0.000606765877721
P,day_5,C,0.9788080467630308,0.004857551383198,31980,2014802,39147,2414900,0.0057147663331742
P,day_5,S,1.0065068550247778,0.1045277477524898,122880,2014802,146387,2414900,0.1161419419472108
P,day_5,A,0.9943554781446085,0.173631972163648,112233,2014802,135241,2414900,0.1827704970143663
P,day_5,G,0.9966173461339632,0.3893145973376803,126458,2014802,152052,2414900,0.3893145973376803
P,day_10,L,1.0921578212238687,1.5393894696663647e-76,110123,1555497,82488,1264926,3.078778939332729e-75
P,day_10,V,1.0616359315968733,1.6542619694887643e-34,102934,1555497,79150,1264926,1.1028413129925097e-33
P,day_10,Y,0.9227253789188564,1.1780651408409414e-34,51730,1555497,45463,1264926,1.1028413129925097e-33
P,day_10,N,0.9428180199565348,2.5524215663148396e-30,86849,1555497,74656,1264926,1.27621078315742e-29
P,day_10,S,1.0409223927880606,2.377976718048851e-15,94271,1555497,73823,1264926,9.511906872195404e-15
P,day_10,W,1.1040669263621898,6.85604909370867e-13,12465,1555497,9188,1264926,2.285349697902889e-12
P,day_10,R,0.9715961536726474,3.2786023082465226e-08,85670,1555497,71588,1264926,9.367435166418637e-08
P,day_10,D,0.9768453648536491,5.3858941220573776e-08,129763,1555497,107811,1264926,1.3464735305143442e-07
P,day_10,P,0.9736468002964884,4.416359196630799e-06,68036,1555497,56757,1264926,9.814131548068445e-06
P,day_10,K,0.9798757609171695,1.0939959117419688e-05,111440,1555497,92348,1264926,2.1879918234839376e-05
P,day_10,G,0.9803351298059394,2.343181918276919e-05,107771,1555497,89273,1264926,4.2603307605034894e-05
P,day_10,F,1.0238269225991374,5.0736770287414064e-05,69938,1555497,55608,1264926,8.456128381235677e-05
P,day_10,C,0.9646747974253042,0.0001250752101767,25367,1555497,21371,1264926,0.0001924234002719
P,day_10,I,1.018209624940933,0.0005491152750042,87463,1555497,69923,1264926,0.0007834654346917
P,day_10,M,1.0293408912991218,0.0005875990760188,32729,1555497,25872,1264926,0.0007834654346917
P,day_10,Q,1.0221572248589863,0.0008012924519477,54719,1555497,43566,1264926,0.0010016155649346
P,day_10,T,0.9857034086560488,0.0086106404595745,77731,1555497,64081,1264926,0.0101301652465582
P,day_10,A,0.9921694988122036,0.1226718891388801,90959,1555497,74517,1264926,0.1299923983351648
P,day_10,E,0.993235722223716,0.1299923983351648,120097,1555497,98276,1264926,0.1299923983351648
P,day_10,H,0.9878725990709276,0.1273844529668142,35442,1555497,29167,1264926,0.1299923983351648
A,day_0,W,1.3685373552751436,0.0,35030,2110322,40998,3364978,0.0
A,day_0,D,0.8762845429953288,2.21060499289826e-290,124668,2110322,224976,3364978,2.21060499289826e-289
A,day_0,L,1.115762421659121,2.2220132419763867e-252,177892,2110322,256468,3364978,1.4813421613175913e-251
A,day_0,I,0.8844321179905267,8.175912104671803e-227,111995,2110322,200524,3364978,4.087956052335902e-226
A,day_0,N,0.8862022088017859,6.069606803319257e-167,83651,2110322,149750,3364978,2.427842721327703e-166
A,day_0,V,0.9172571609467738,5.566766260774367e-121,122311,2110322,211516,3364978,1.855588753591456e-120
A,day_0,C,1.1374488168746382,1.1953761182807087e-75,35809,2110322,50302,3364978,3.415360337944882e-75
A,day_0,P,1.0752665210199528,3.665764514797661e-69,103474,2110322,153972,3364978,9.164411286994151e-69
A,day_0,Y,1.0629528479325483,9.592132812749052e-44,90046,2110322,135420,3364978,2.131585069499789e-43
A,day_0,R,1.0490117593326935,7.12276741487705e-38,127661,2110322,194599,3364978,1.42455348297541e-37
A,day_0,E,0.9598821431545332,1.0533778418109507e-36,166076,2110322,274977,3364978,1.9152324396562744e-36
A,day_0,S,1.040430063344837,3.751135787067094e-26,125231,2110322,192369,3364978,6.251892978445157e-26
A,day_0,Q,1.0414052728965462,7.496594089942854e-20,87262,2110322,133830,3364978,1.1533221676835162e-19
A,day_0,G,1.029562573411922,4.933359526669129e-17,146641,2110322,227564,3364978,7.047656466670185e-17
A,day_0,M,0.9578173512563948,6.799482441880028e-13,45351,2110322,75427,3364978,9.06597658917337e-13
A,day_0,A,1.0264745873179684,1.444639328838851e-12,128572,2110322,200039,3364978,1.8057991610485637e-12
A,day_0,F,0.978367738298926,1.499415674213337e-06,81201,2110322,132228,3364978,1.7640184402509847e-06
A,day_0,T,0.9824433754149736,1.7395929124098844e-05,99780,2110322,161809,3364978,1.9328810137887607e-05
A,day_0,H,1.0201008389650572,0.0005621763250441,50524,2110322,79012,3364978,0.000591764552678
A,day_0,K,0.9892018797698936,0.0008243117343626,167147,2110322,269198,3364978,0.0008243117343626
A,day_5,E,0.8763035008394975,0.0,159306,2014776,215489,2414875,0.0
A,day_5,P,1.25700726735347,0.0,89234,2014776,85864,2414875,0.0
A,day_5,K,0.8858961935234677,1.3271794132532502e-263,155039,2014776,207703,2414875,8.84786275502167e-263
A,day_5,L,1.1300737181901803,1.7823942128875403e-249,159437,2014776,170657,2414875,8.911971064437703e-249
A,day_5,A,1.1427780582075882,1.3479961277474982e-219,115812,2014776,122346,2414875,5.3919845109899926e-219
A,day_5,I,0.8942763423337667,1.1275609416340657e-179,121847,2014776,162150,2414875,3.7585364721135525e-179
A,day_5,N,0.901340416500227,2.2262492295860743e-122,94332,2014776,124801,2414875,6.360712084531641e-122
A,day_5,W,1.1240992796892957,5.634672748115855e-37,23146,2014776,24711,2414875,1.4086681870289638e-36
A,day_5,R,1.0512044910853695,1.4008352948700515e-34,120252,2014776,137511,2414875,3.1129673219334483e-34
A,day_5,M,0.9290245768109846,1.0523779322322066e-33,49101,2014776,63230,2414875,2.1047558644644133e-33
A,day_5,Q,1.0455639840235087,6.750182946527865e-20,81942,2014776,94101,2414875,1.2273059902777937e-19
A,day_5,Y,0.9586877325663116,8.31692173415199e-18,77733,2014776,97023,2414875,1.386153622358665e-17
A,day_5,H,1.0387501765110814,2.154116830436057e-09,47397,2014776,54738,2414875,3.31402589297855e-09
A,day_5,S,1.0224289882744129,3.7308864802696566e-08,121370,2014776,142469,2414875,5.329837828956651e-08
A,day_5,V,1.0172704341667065,1.7521452120552514e-05,123824,2014776,146046,2414875,2.3361936160736685e-05
A,day_5,G,1.0100013094229736,0.0142607619479494,118779,2014776,141039,2414875,0.0178259524349368
A,day_5,C,0.9847196441103274,0.0440791737831567,31662,2014776,38529,2414875,0.0516878813933485
A,day_5,F,1.0096384168054202,0.0465190932540136,82732,2014776,98253,2414875,0.0516878813933485
A,day_5,D,1.005991305543193,0.109786494610845,142093,2014776,169367,2414875,0.1155647311693105
A,day_5,T,1.0061630682761786,0.1632235376195944,99738,2014776,118848,2414875,0.1632235376195944
A,day_10,N,1.1525476252186044,1.4673299922126073e-129,72776,1555473,51669,1264927,2.9346599844252147e-128
A,day_10,Y,0.8760528358752933,8.699384118386625e-100,55747,1555473,51487,1264927,8.699384118386625e-99
A,day_10,Q,1.0982276839091982,3.3710294512821828e-49,60076,1555473,44639,1264927,2.247352967521456e-48
A,day_10,P,0.9180299476377044,1.7704068802815103e-48,65450,1555473,57760,1264927,8.85203440140755e-48
A,day_10,W,0.8580500736377605,3.7713248207805923e-44,17297,1555473,16363,1264927,1.5085299283122371e-43
A,day_10,A,0.9340713616976076,3.9118939133329546e-41,88923,1555473,77106,1264927,1.3039646377776518e-40
A,day_10,L,0.9542288824009352,2.080251461165479e-25,116740,1555473,99131,1264927,5.94357560332994e-25
A,day_10,K,1.0333702146319943,7.349564178290348e-13,116796,1555473,92136,1264927,1.8373910445725868e-12
A,day_10,I,1.034597949641895,1.6045665064057885e-11,94660,1555473,74556,1264927,3.5657033475684185e-11
A,day_10,D,1.025168702077542,1.8311699400200052e-07,106622,1555473,84720,1264927,3.662339880040011e-07
A,day_10,S,1.0261594791051707,2.4446925825055925e-07,96146,1555473,76314,1264927,4.444895604555623e-07
A,day_10,M,1.0344667208483656,1.3200732318327516e-05,38455,1555473,30255,1264927,2.200122053054586e-05
A,day_10,V,1.0150326778892855,0.0028777574632907,95551,1555473,76622,1264927,0.0044273191742933
A,day_10,H,0.9814265105627438,0.0198241653912854,34940,1555473,28939,1264927,0.0283202362732649
A,day_10,F,0.9871361941851892,0.0309932975389882,64251,1555473,52902,1264927,0.0413243967186509
A,day_10,C,0.9829692562687168,0.0673971306064583,25576,1555473,21153,1264927,0.0842464132580729
A,day_10,G,1.0069682667269593,0.1531226943155376,101655,1555473,82132,1264927,0.1801443462535736
A,day_10,R,1.0023408904915374,0.6428553844278817,94552,1555473,76722,1264927,0.7142837604754242
A,day_10,E,0.9987655179143244,0.7725139053845143,135034,1555473,109935,1264927,0.8131725319836992
A,day_10,T,0.9995715758453252,0.939566030354444,74226,1555473,60386,1264927,0.939566030354444
