site,codon,treatment_count,treatment_total,control_count,control_total,odds_ratio,p_value,p_adj
A,ATG,73,3130,23,1799,1.8439220036694117,0.00995383130335405,0.5396962344191893
A,GAG,229,3130,100,1799,1.3411616683902103,0.01769495850554719,0.5396962344191893
A,ACA,58,3130,20,1799,1.67939453125,0.044507020000424106,0.6159822764217814
A,AGG,53,3130,18,1799,1.7042754486693388,0.06169584103308083,0.6159822764217814
A,CCT,21,3130,22,1799,0.545586128249364,0.05539290524241988,0.6159822764217814
A,TCT,29,3130,27,1799,0.6137566137566137,0.07068649073692573,0.6159822764217814
A,TGT,14,3130,16,1799,0.5006819640564827,0.059155086782546454,0.6159822764217814
A,ATA,20,3130,20,1799,0.5720257234726688,0.09779076660447622,0.7456545953591311
A,GCA,33,3130,11,1799,1.7319987084275106,0.11841843014932082,0.8026138043453966
A,TTT,44,3130,35,1799,0.718600129617628,0.15785495878039346,0.9629152485604
A,AGA,36,3130,27,1799,0.7636285283344106,0.2946069216794724,0.9679067768882172
A,ATC,100,3130,68,1799,0.8401281304601048,0.28945156315806103,0.9679067768882172
A,ATT,78,3130,52,1799,0.8586173001310616,0.4070308788840737,0.9679067768882172
A,CAG,82,3130,36,1799,1.317494167395742,0.17699345172680075,0.9679067768882172
A,CAT,22,3130,17,1799,0.7419940949352714,0.40423950925265484,0.9679067768882172
A,CCA,24,3130,19,1799,0.7238960246721117,0.33986950058070453,0.9679067768882172
A,CCC,21,3130,8,1799,1.5121823737536186,0.43926345672769723,0.9679067768882172
A,CGC,24,3130,10,1799,1.3823567289117837,0.4760197263384675,0.9679067768882172
A,CTA,10,3130,8,1799,0.7175480769230769,0.47316825879451563,0.9679067768882172
A,CTT,26,3130,19,1799,0.7847259902333152,0.4390379178789402,0.9679067768882172
A,GAC,136,3130,70,1799,1.1219772879091516,0.46063561203142267,0.9679067768882172
A,GCG,15,3130,4,1799,2.1609149277688604,0.23211801391609393,0.9679067768882172
A,GGG,29,3130,12,1799,1.392642158443513,0.4159384593327091,0.9679067768882172
A,GGT,49,3130,22,1799,1.2846035820719366,0.38526088010796045,0.9679067768882172
A,GTA,16,3130,13,1799,0.7058939775702782,0.3417150378915138,0.9679067768882172
A,GTT,37,3130,28,1799,0.7566278693824766,0.2995914970286647,0.9679067768882172
A,TAT,53,3130,38,1799,0.798222807587705,0.3226925728262312,0.9679067768882172
A,TCC,32,3130,25,1799,0.732963202065849,0.26884985065945693,0.9679067768882172
A,TGG,27,3130,22,1799,0.7028242463305305,0.23432830141859584,0.9679067768882172
A,TTG,35,3130,26,1799,0.7711569529017025,0.34929522692222914,0.9679067768882172
A,ACT,35,3130,24,1799,0.8363624124932687,0.4993537538784347,0.9825993221478877
A,AAA,109,3130,60,1799,1.0457409246386407,0.8078568425907994,1.0
A,AAC,116,3130,67,1799,0.9949192326357595,1.0,1.0
A,AAG,232,3130,131,1799,1.0193289396741105,0.9098356227002802,1.0
A,AAT,65,3130,42,1799,0.8871669385535618,0.5441727287711039,1.0
A,ACC,52,3130,25,1799,1.1988044184535414,0.5510092228333112,1.0
A,ACG,19,3130,10,1799,1.0926068788171006,1.0,1.0
A,AGC,33,3130,21,1799,0.9021633839199225,0.7765000118350902,1.0
A,AGT,20,3130,14,1799,0.819935691318328,0.594121320717877,1.0
A,CAA,28,3130,16,1799,1.005883301096067,1.0,1.0
A,CAC,39,3130,21,1799,1.0682626981559367,0.8929980664891446,1.0
A,CCG,8,3130,4,1799,1.1499039077514415,1.0,1.0
A,CGA,22,3130,12,1799,1.054107679107679,1.0,1.0
A,CGG,11,3130,8,1799,0.7895559474190446,0.6373474838962366,1.0
A,CGT,13,3130,7,1799,1.067693294834777,1.0,1.0
A,CTC,31,3130,19,1799,0.9371444099115165,0.8828371690801581,1.0
A,CTG,52,3130,31,1799,0.9635079335135929,0.9085931930710954,1.0
A,GAA,169,3130,97,1799,1.0014657906739504,1.0,1.0
A,GAT,133,3130,80,1799,0.9535660660660661,0.7711307350983991,1.0
A,GCC,58,3130,31,1799,1.0767809139784945,0.8243561514495583,1.0
A,GCT,53,3130,34,1799,0.8941577931139957,0.6534516623505298,1.0
A,GGA,74,3130,38,1799,1.1221583080738495,0.6201551813347057,1.0
A,GGC,49,3130,31,1799,0.9070368858037294,0.7256218213564186,1.0
A,GTC,52,3130,29,1799,1.031121865967601,1.0,1.0
A,GTG,58,3130,31,1799,1.0767809139784945,0.8243561514495583,1.0
A,TAC,73,3130,43,1799,0.9751770621752592,0.9223633259280164,1.0
A,TCA,15,3130,9,1799,0.9577314071696095,1.0,1.0
A,TCG,8,3130,4,1799,1.1499039077514415,1.0,1.0
A,TGC,28,3130,16,1799,1.005883301096067,1.0,1.0
A,TTA,13,3130,9,1799,0.8295013011086159,0.6627508302751747,1.0
A,TTC,36,3130,19,1799,1.0900554553805328,0.8881348000234437,1.0
E,GGT,56,3130,13,1799,2.502777638756819,0.0022471499784050847,0.13707614868271017
E,AAA,129,3130,103,1799,0.7078029006512392,0.011830167109102573,0.3608200968276285
E,ATG,88,3130,32,1799,1.5973865877712032,0.026852286821319436,0.4094973740251214
E,TCA,3,3130,8,1799,0.21478253917492804,0.022790966144146742,0.4094973740251214
E,AAC,66,3130,55,1799,0.6830287206266319,0.044357713777517724,0.4509700900714302
E,TCT,29,3130,29,1799,0.5707836181876814,0.03892971133773497,0.4509700900714302
E,AGC,42,3130,14,1799,1.7341321243523315,0.09290771226704368,0.6588792673295055
E,AGT,31,3130,10,1799,1.7895772829945145,0.14153496340598415,0.6588792673295055
E,CCA,32,3130,28,1799,0.6533247256294383,0.10635289483112922,0.6588792673295055
E,CCC,27,3130,8,1799,1.9479938768933291,0.11255917998160837,0.6588792673295055
E,CGG,31,3130,10,1799,1.7895772829945145,0.14153496340598415,0.6588792673295055
E,GAA,111,3130,81,1799,0.7798265307374284,0.10808837158757434,0.6588792673295055
E,GAG,182,3130,87,1799,1.2148661083298242,0.15220475056114718,0.6588792673295055
E,GAT,141,3130,66,1799,1.238647769092734,0.16201949196627186,0.6588792673295055
E,GGG,40,3130,15,1799,1.5395900755124057,0.16188281988975067,0.6588792673295055
E,CCT,33,3130,27,1799,0.6993147490402899,0.1784990465257228,0.6805276148793181
E,GCC,34,3130,13,1799,1.5087457761876366,0.22631645592780658,0.8120766947997766
E,CGC,30,3130,11,1799,1.5730205278592375,0.2539249571834561,0.8457021440527001
E,GTA,16,3130,5,1799,1.8435452793834297,0.2634154219180541,0.8457021440527001
E,CTT,18,3130,15,1799,0.6879177377892031,0.28247892449731116,0.8508321135489687
E,GAC,71,3130,50,1799,0.8118927754168028,0.2929094161398089,0.8508321135489687
E,AAT,66,3130,46,1799,0.8208792144397775,0.3215417200514147,0.8915474965061954
E,CGT,22,3130,8,1799,1.5847007722007722,0.3420680746263649,0.9072240240090547
E,ATT,101,3130,66,1799,0.8755414828376201,0.41433874161719775,0.980536955812362
E,TCG,17,3130,6,1799,1.631919905771496,0.38712028077454635,0.980536955812362
E,TGG,44,3130,20,1799,1.2682436811406352,0.4340081607694062,0.980536955812362
E,TGT,31,3130,13,1799,1.3742894730310025,0.43176110266793816,0.980536955812362
E,AAG,284,3130,174,1799,0.931939160426814,0.5077350508822026,1.0
E,ACA,42,3130,25,1799,0.9651295336787564,0.898767823802104,1.0
E,ACC,42,3130,20,1799,1.2098121761658032,0.5105095513354696,1.0
E,ACG,14,3130,8,1799,1.0058568677792041,1.0,1.0
E,ACT,36,3130,20,1799,1.0349709114414998,1.0,1.0
E,AGA,55,3130,36,1799,0.8759259259259259,0.5829036261342685,1.0
E,AGG,41,3130,20,1799,1.1806247976691486,0.5943631031162429,1.0
E,ATA,14,3130,10,1799,0.8037869062901155,0.6718770420337166,1.0
E,ATC,85,3130,52,1799,0.9378236705822913,0.7195888111713058,1.0
E,CAA,24,3130,16,1799,0.8610753380553767,0.6254021816113243,1.0
E,CAC,34,3130,20,1799,0.9768410852713179,1.0,1.0
E,CAG,101,3130,55,1799,1.0573186470182179,0.8000403910795402,1.0
E,CAT,23,3130,15,1799,0.8804205557343633,0.7363197265896878,1.0
E,CCG,14,3130,9,1799,0.8935957780630438,0.8296267945406586,1.0
E,CGA,25,3130,16,1799,0.8972423510466989,0.7463503133090752,1.0
E,CTA,16,3130,11,1799,0.8351725345944999,0.6902254802650907,1.0
E,CTC,28,3130,14,1799,1.1508704061895552,0.7489562248072272,1.0
E,CTG,113,3130,58,1799,1.1242785137096682,0.5180917554601673,1.0
E,GCA,28,3130,16,1799,1.005883301096067,1.0,1.0
E,GCG,15,3130,7,1799,1.232744783306581,0.8250220490618572,1.0
E,GCT,56,3130,33,1799,0.9749019143944323,0.9118639931309505,1.0
E,GGA,65,3130,36,1799,1.038562624614827,0.9170110868204726,1.0
E,GGC,34,3130,19,1799,1.0288317693458453,1.0,1.0
E,GTC,35,3130,18,1799,1.1189194040567223,0.7751582220845944,1.0
E,GTG,77,3130,43,1799,1.0299590947523976,0.9237208342213521,1.0
E,GTT,44,3130,27,1799,0.9357432610835074,0.8045121163505038,1.0
E,TAC,47,3130,30,1799,0.8989404259919991,0.6356347421396134,1.0
E,TAT,49,3130,31,1799,0.9070368858037294,0.7256218213564186,1.0
E,TCC,20,3130,14,1799,0.819935691318328,0.594121320717877,1.0
E,TGC,26,3130,13,1799,1.1507731958762886,0.7409058774505333,1.0
E,TTA,16,3130,12,1799,0.7651466495397131,0.5555875826446803,1.0
E,TTC,38,3130,22,1799,0.9926790544513701,1.0,1.0
E,TTG,37,3130,25,1799,0.8488587132234077,0.5956578829078514,1.0
E,TTT,61,3130,35,1799,1.0017595307917888,1.0,1.0
P,GAT,212,3130,182,1799,0.645489534454579,4.107647372994905e-05,0.002505664897526892
P,GAG,149,3130,46,1799,1.9047955894578708,0.00010038810722257143,0.0030618372702884283
P,AAC,74,3130,67,1799,0.6259670235211378,0.007544989242094383,0.11506108594193934
P,GAC,118,3130,98,1799,0.6799943084803642,0.007351201659168051,0.11506108594193934
P,AAT,56,3130,52,1799,0.6120314298583654,0.01488220323053199,0.18156287941249025
P,CTG,79,3130,28,1799,1.63774172402491,0.025421990502055104,0.2584569034375602
P,AAG,108,3130,84,1799,0.7296492389146261,0.038722575299258113,0.26816340944174827
P,AGT,34,3130,9,1799,2.184180304335343,0.03780856815240785,0.26816340944174827
P,TCG,18,3130,3,1799,3.462724935732648,0.039565093196323516,0.26816340944174827
P,ACT,41,3130,36,1799,0.6500035969929139,0.07283672563603247,0.44430402637979804
P,ACG,25,3130,8,1799,1.8025362318840579,0.1518317409937081,0.6531806473558666
P,CAT,37,3130,31,1799,0.6822481566075321,0.12826017585599753,0.6531806473558666
P,CCC,36,3130,13,1799,1.5985281686639152,0.17928733136361358,0.6531806473558666
P,CGT,24,3130,21,1799,0.6542176432710882,0.16341658535192552,0.6531806473558666
P,GCG,23,3130,7,1799,1.8950756356614098,0.1820339509024546,0.6531806473558666
P,GTC,59,3130,23,1799,1.4834992142482974,0.13216262232411896,0.6531806473558666
P,TCC,37,3130,13,1799,1.6434629063145068,0.14027415139661098,0.6531806473558666
P,ACC,60,3130,25,1799,1.3868403908794789,0.210917774452971,0.7147769023128462
P,GCC,66,3130,29,1799,1.3147114432339966,0.2379812516039856,0.7640450709391117
P,AGA,28,3130,22,1799,0.7290897368266808,0.30164542743085015,0.7690562037932817
P,GGC,86,3130,40,1799,1.2423948751642575,0.30247831186243634,0.7690562037932817
P,GGG,48,3130,20,1799,1.3853341985723555,0.25432439786019784,0.7690562037932817
P,TAC,55,3130,24,1799,1.3228319783197833,0.28965930045653465,0.7690562037932817
P,TTG,26,3130,10,1799,1.4985180412371133,0.3025794900170289,0.7690562037932817
P,CGA,30,3130,12,1799,1.4411290322580645,0.33570853763832925,0.8191288318375234
P,CAA,33,3130,23,1799,0.8227878311409358,0.48716971248912744,0.8890148749456666
P,CCA,41,3130,18,1799,1.3132800978382073,0.4144967709462758,0.8890148749456666
P,CGG,22,3130,9,1799,1.4078364078364078,0.45708441254429444,0.8890148749456666
P,CTA,10,3130,3,1799,1.9188034188034189,0.39700991502227323,0.8890148749456666
P,GAA,128,3130,65,1799,1.1374570798954544,0.44581315883761885,0.8890148749456666
P,GCT,78,3130,39,1799,1.1533420707732633,0.4977548876853276,0.8890148749456666
P,GGA,100,3130,49,1799,1.1786892975011787,0.38789152238860924,0.8890148749456666
P,GGT,85,3130,43,1799,1.1399549394737847,0.5161676409657536,0.8890148749456666
P,TAT,50,3130,34,1799,0.8427234530175707,0.4929674384563537,0.8890148749456666
P,TCT,40,3130,27,1799,0.8495744935874385,0.524664516361377,0.8890148749456666
P,TTT,68,3130,46,1799,0.846306761707324,0.43110429802222594,0.8890148749456666
P,GTG,77,3130,39,1799,1.1381827038558123,0.5588705478509428,0.9213811734839868
P,AGG,33,3130,22,1799,0.8606716176945431,0.5765446126982205,0.9255058256471436
P,TGT,26,3130,12,1799,1.2473689862542956,0.613527019990541,0.9596191851134104
P,GTT,52,3130,33,1799,0.904089629235828,0.6509463471371848,0.9926931793842068
P,AAA,55,3130,32,1799,0.9876524390243903,1.0,1.0
P,ACA,51,3130,29,1799,1.0109641509222653,1.0,1.0
P,AGC,42,3130,25,1799,0.9651295336787564,0.898767823802104,1.0
P,ATA,12,3130,8,1799,0.8616100064143681,0.8170290461438241,1.0
P,ATC,45,3130,28,1799,0.9226094003241491,0.8066460512032008,1.0
P,ATG,49,3130,27,1799,1.0437688581148497,0.9049218713358471,1.0
P,ATT,53,3130,32,1799,0.9511191907702308,0.821030024127036,1.0
P,CAC,39,3130,20,1799,1.122306696861857,0.7858345670218949,1.0
P,CAG,87,3130,46,1799,1.0895354984354684,0.7150939378543646,1.0
P,CCG,10,3130,4,1799,1.4383012820512822,0.7819755962308597,1.0
P,CCT,49,3130,30,1799,0.9378015795737314,0.8140799512266818,1.0
P,CGC,33,3130,21,1799,0.9021633839199225,0.7765000118350902,1.0
P,CTC,26,3130,14,1799,1.0679768041237114,1.0,1.0
P,CTT,24,3130,15,1799,0.9189954925949775,0.8676621699327999,1.0
P,GCA,57,3130,31,1799,1.0578713666376243,0.9111066161008787,1.0
P,GTA,22,3130,14,1799,0.9025096525096525,0.8622953723082369,1.0
P,TCA,10,3130,6,1799,0.9577991452991453,1.0,1.0
P,TGC,17,3130,9,1799,1.0861262804725702,1.0,1.0
P,TGG,18,3130,10,1799,1.0347686375321337,1.0,1.0
P,TTA,15,3130,7,1799,1.232744783306581,0.8250220490618572,1.0
P,TTC,44,3130,26,1799,0.9722817687820928,0.9011165793836257,1.0
