site,amino_acid,treatment_count,treatment_total,control_count,control_total,odds_ratio,p_value,p_adj
A,M,73,3130,23,1799,1.8439220036694117,0.00995383130335405,0.199076626067081
A,E,398,3130,197,1799,1.1846734695394312,0.06936687644822115,0.3598054392609834
A,I,198,3130,140,1799,0.8002387448840382,0.05349111385413727,0.3598054392609834
A,S,137,3130,100,1799,0.7776912796525226,0.07196108785219668,0.3598054392609834
A,C,42,3130,32,1799,0.7510322215025906,0.22603233323334274,0.49299075094922995
A,L,167,3130,112,1799,0.8489495443806953,0.20058690308516214,0.49299075094922995
A,P,74,3130,53,1799,0.7977131285192137,0.22524029401368,0.49299075094922995
A,Q,110,3130,52,1799,1.2237009679062658,0.24649537547461497,0.49299075094922995
A,T,164,3130,79,1799,1.2038546565719506,0.19458956362034374,0.49299075094922995
A,W,27,3130,22,1799,0.7028242463305305,0.23432830141859584,0.49299075094922995
A,A,159,3130,80,1799,1.1499537192864355,0.33548215650152713,0.5596096887833792
A,F,80,3130,54,1799,0.8476017000607164,0.3637462977091965,0.5596096887833792
A,G,201,3130,103,1799,1.129965825507894,0.3563614436571478,0.5596096887833792
A,Y,126,3130,81,1799,0.8896286432904276,0.4182595586923181,0.5975136552747402
A,R,159,3130,82,1799,1.1206007667616225,0.4505934049019181,0.6007912065358908
A,V,163,3130,101,1799,0.9236052017739691,0.5545455198351275,0.6931818997939093
A,D,269,3130,150,1799,1.033626936968426,0.790906226682716,0.790906226682716
A,H,61,3130,38,1799,0.9211040798477131,0.7518650906659505,0.790906226682716
A,K,341,3130,191,1799,1.0293392703947257,0.775046516390776,0.790906226682716
A,N,181,3130,109,1799,0.9516209817664828,0.7061919130738512,0.790906226682716
E,G,195,3130,83,1799,1.373617126085261,0.017674397375788492,0.16529077763787928
E,K,413,3130,277,1799,0.8352092520817582,0.03305815552757586,0.16529077763787928
E,M,88,3130,32,1799,1.5973865877712032,0.026852286821319436,0.16529077763787928
E,N,132,3130,101,1799,0.7402162497770791,0.030488540589485167,0.16529077763787928
E,R,204,3130,101,1799,1.172120219540751,0.2195554876221416,0.8782219504885664
E,P,106,3130,72,1799,0.8407829952968842,0.2677771645780557,0.8925905485935192
E,C,57,3130,26,1799,1.2648752159002727,0.35875733447430497,0.8968933361857624
E,I,200,3130,128,1799,0.8911049488054608,0.34230968687480745,0.8968933361857624
E,W,44,3130,20,1799,1.2682436811406352,0.4340081607694062,0.9644625794875693
E,A,133,3130,69,1799,1.1126585522720789,0.5025764325848416,0.9715759633432073
E,D,212,3130,116,1799,1.0540875895157287,0.6781596258878819,0.9715759633432073
E,H,57,3130,35,1799,0.9348519362186788,0.7443093679710733,0.9715759633432073
E,L,228,3130,135,1799,0.9684049314648902,0.7772607706745658,0.9715759633432073
E,T,134,3130,73,1799,1.0575013259688717,0.7680526844624544,0.9715759633432073
E,V,172,3130,93,1799,1.0666608504729294,0.6466367210555939,0.9715759633432073
E,Y,96,3130,61,1799,0.9015204728919243,0.5556738643994754,0.9715759633432073
E,E,293,3130,168,1799,1.002658324521208,1.0,1.0
E,F,99,3130,57,1799,0.9982114639948602,1.0,1.0
E,Q,125,3130,71,1799,1.0123971784115675,1.0,1.0
E,S,142,3130,81,1799,1.0079660204604426,1.0,1.0
P,D,330,3130,280,1799,0.639375,3.6291367146477353e-07,7.25827342929547e-06
P,N,130,3130,119,1799,0.611764705882353,0.00019346554065894286,0.0019346554065894285
P,E,277,3130,111,1799,1.4764796342083408,0.0007856909230387816,0.005237939486925211
P,L,180,3130,77,1799,1.3645608628659476,0.02791617341711115,0.13958086708555575
P,G,319,3130,152,1799,1.229645284502612,0.04959838026457708,0.19839352105830832
P,A,224,3130,106,1799,1.2311288290978977,0.09731457224233757,0.24328643060584393
P,K,163,3130,116,1799,0.7970694885115581,0.07312196794198635,0.24328643060584393
P,S,181,3130,83,1799,1.2689455686428317,0.08742442892367525,0.24328643060584393
P,P,136,3130,65,1799,1.2117774009557576,0.2314769289086076,0.5143931753524613
P,H,76,3130,51,1799,0.8529347560897312,0.40124281563979447,0.7295323920723535
P,V,210,3130,109,1799,1.1150559256001005,0.39999198615530834,0.7295323920723535
P,F,112,3130,72,1799,0.8901406376555482,0.48252898663391663,0.7423522871291025
P,R,170,3130,107,1799,0.9081838848193988,0.47985880099251854,0.7423522871291025
P,C,43,3130,21,1799,1.1793542813950977,0.6022298699122235,0.8464707510127358
P,I,110,3130,68,1799,0.9272010128554733,0.6348530632595519,0.8464707510127358
P,T,177,3130,98,1799,1.0403705674616612,0.7966893682487427,0.9958617103109284
P,M,49,3130,27,1799,1.0437688581148497,0.9049218713358471,1.0
P,Q,120,3130,69,1799,0.9995666618517983,1.0,1.0
P,W,18,3130,10,1799,1.0347686375321337,1.0,1.0
P,Y,105,3130,58,1799,1.0419207751496153,0.8686603802200922,1.0
