group,codon,bg_count,bg_freq
control_day_0,AAA,1739,0.017863563055710102
control_day_0,AAC,2841,0.02918365878663157
control_day_0,AAG,5913,0.06074022329243081
control_day_0,AAT,1301,0.013364287257031697
control_day_0,ACA,780,0.008012408966822905
control_day_0,ACC,2368,0.024324851816825893
control_day_0,ACG,336,0.00345149925309411
control_day_0,ACT,1646,0.01690823737242907
control_day_0,AGA,1348,0.013847086258259745
control_day_0,AGC,622,0.006389382537162659
control_day_0,AGG,69,0.0007087900333517941
control_day_0,AGT,338,0.0034720438914442402
control_day_0,ATA,77,0.0007909685867523129
control_day_0,ATC,3317,0.03407328271396244
control_day_0,ATG,1931,0.019835848337322555
control_day_0,ATT,1824,0.018736710185590616
control_day_0,CAA,2592,0.02662585131204042
control_day_0,CAC,1321,0.013569733640532993
control_day_0,CAG,1424,0.014627782515564673
control_day_0,CAT,756,0.007765873306621349
control_day_0,CCA,3948,0.040555116113428366
control_day_0,CCC,153,0.001571664844057242
control_day_0,CCG,355,0.0036466733174203426
control_day_0,CCT,238,0.0024448119739377545
control_day_0,CGA,315,0.0032357805504177484
control_day_0,CGC,1277,0.01311775159683014
control_day_0,CGG,86,0.0008834194593278967
control_day_0,CGT,2243,0.023040811919942786
control_day_0,CTA,110,0.0011299551195294532
control_day_0,CTC,2719,0.027930435847273657
control_day_0,CTG,537,0.005516235407282146
control_day_0,CTT,2396,0.02461247675372771
control_day_0,GAA,2827,0.029039846318180663
control_day_0,GAC,2560,0.026297137098438346
control_day_0,GAG,4246,0.0436162672275977
control_day_0,GAT,3080,0.03163874306947207
control_day_0,GCA,1030,0.01058048876058912
control_day_0,GCC,3320,0.034104099671487635
control_day_0,GCG,325,0.003338503742168397
control_day_0,GCT,3750,0.038521196916765525
control_day_0,GGA,6361,0.06534222228285987
control_day_0,GGC,490,0.005033436406054098
control_day_0,GGG,165,0.0016949326741580201
control_day_0,GGT,1034,0.01062157803728938
control_day_0,GTA,346,0.003554222444844759
control_day_0,GTC,2850,0.029276109659207152
control_day_0,GTG,933,0.009584073800607829
control_day_0,GTT,2513,0.025814338097210298
control_day_0,TAC,2066,0.021222611425956307
control_day_0,TAT,760,0.007806962583321609
control_day_0,TCA,813,0.008351395499600046
control_day_0,TCC,1578,0.01620971966852466
control_day_0,TCG,736,0.007560426923120052
control_day_0,TCT,1361,0.013980626407535588
control_day_0,TGC,936,0.009614890758133023
control_day_0,TGG,885,0.009091002480204715
control_day_0,TGT,372,0.003821302743396445
control_day_0,TTA,94,0.0009655980127284155
control_day_0,TTC,3042,0.031248394940819605
control_day_0,TTG,1381,0.014186072791036885
control_day_0,TTT,575,0.005906583535934611
control_day_5,AAA,422,0.011141620031691868
control_day_5,AAC,1272,0.033583271701114706
control_day_5,AAG,2746,0.07249973589020794
control_day_5,AAT,381,0.010059140362931472
control_day_5,ACA,205,0.005412398370203921
control_day_5,ACC,1226,0.03236878231665182
control_day_5,ACG,79,0.002085753534501242
control_day_5,ACT,663,0.017504488328551754
control_day_5,AGA,599,0.015814763967559917
control_day_5,AGC,246,0.006494878038964316
control_day_5,AGG,20,0.0005280388892118923
control_day_5,AGT,78,0.0020593515913607443
control_day_5,ATA,20,0.0005280388892118923
control_day_5,ATC,1538,0.040606188576487026
control_day_5,ATG,707,0.01866617382673364
control_day_5,ATT,558,0.014732284298799522
control_day_5,CAA,1029,0.027167599517973824
control_day_5,CAC,579,0.015286725104749968
control_day_5,CAG,561,0.014811490128221014
control_day_5,CAT,236,0.006230858607559342
control_day_5,CCA,1365,0.036038652413180966
control_day_5,CCC,41,0.0010824796951623386
control_day_5,CCG,89,0.0023497729659062165
control_day_5,CCT,66,0.0017425282736747748
control_day_5,CGA,65,0.0017161263305342774
control_day_5,CGC,693,0.01829654662276668
control_day_5,CGG,23,0.0006072447186333845
control_day_5,CGT,965,0.025477875156981983
control_day_5,CTA,28,0.0007392544343358718
control_day_5,CTC,1278,0.03374168335995769
control_day_5,CTG,146,0.003854683724914571
control_day_5,CTT,960,0.025345865441279498
control_day_5,GAA,978,0.02582110041780845
control_day_5,GAC,1082,0.028566902504420188
control_day_5,GAG,1802,0.047576301565578356
control_day_5,GAT,972,0.025662688758965466
control_day_5,GCA,221,0.00583482946045188
control_day_5,GCC,1318,0.03479776108557759
control_day_5,GCG,53,0.001399303012848308
control_day_5,GCT,1374,0.036276269901445446
control_day_5,GGA,2180,0.05755623607268639
control_day_5,GGC,157,0.004145105099460043
control_day_5,GGG,52,0.0013729010697078106
control_day_5,GGT,292,0.0077093674234271995
control_day_5,GTA,102,0.0026929982267326832
control_day_5,GTC,1362,0.03595944658375948
control_day_5,GTG,263,0.006943711072352773
control_day_5,GTT,988,0.026085119849213426
control_day_5,TAC,975,0.02574189458838696
control_day_5,TAT,190,0.005016369223096459
control_day_5,TCA,238,0.0062836624938403364
control_day_5,TCC,827,0.021834407003593338
control_day_5,TCG,252,0.006653289697807301
control_day_5,TCT,579,0.015286725104749968
control_day_5,TGC,420,0.011088816145410872
control_day_5,TGG,323,0.00852782766078262
control_day_5,TGT,136,0.0035906642935095968
control_day_5,TTA,19,0.0005016369460713948
control_day_5,TTC,1256,0.03316084061086674
control_day_5,TTG,433,0.01143204140623734
control_day_5,TTT,148,0.003907487611195566
control_day_10,AAA,350,0.011176395462965892
control_day_10,AAC,1031,0.03292246771591933
control_day_10,AAG,2472,0.07893728433340227
control_day_10,AAT,270,0.008621790793015416
control_day_10,ACA,151,0.004821816346464083
control_day_10,ACC,1041,0.03324179329966313
control_day_10,ACG,62,0.0019798186511441776
control_day_10,ACT,515,0.01644526759473875
control_day_10,AGA,510,0.016285604802866845
control_day_10,AGC,191,0.0060991186814393205
control_day_10,AGG,15,0.00047898840754827265
control_day_10,AGT,68,0.0021714140013904632
control_day_10,ATA,14,0.0004470558491738917
control_day_10,ATC,1324,0.042278707319612946
control_day_10,ATG,561,0.017914165279960273
control_day_10,ATT,427,0.013635202457793226
control_day_10,CAA,675,0.021554476934639702
control_day_10,CAC,493,0.01574275131050237
control_day_10,CAG,467,0.014912504792768464
control_day_10,CAT,219,0.006993230315921987
control_day_10,CCA,1137,0.03630731890360371
control_day_10,CCC,29,0.0009260442247896061
control_day_10,CCG,75,0.00239494191001113
control_day_10,CCT,44,0.0014050326004053204
control_day_10,CGA,54,0.0017243581841491298
control_day_10,CGC,544,0.017371311787595798
control_day_10,CGG,18,0.0005747860826714156
control_day_10,CGT,806,0.02573764208168361
control_day_10,CTA,18,0.0005747860826714156
control_day_10,CTC,1129,0.03605185843660866
control_day_10,CTG,122,0.0038957721536070347
control_day_10,CTT,720,0.022991442061486844
control_day_10,GAA,742,0.023693958345723225
control_day_10,GAC,938,0.029952739787101893
control_day_10,GAG,1373,0.043843402679957615
control_day_10,GAT,820,0.02618469789892494
control_day_10,GCA,199,0.006354579148434368
control_day_10,GCC,1264,0.04036275381715009
control_day_10,GCG,43,0.0013731000420309394
control_day_10,GCT,1191,0.03803167705582028
control_day_10,GGA,2027,0.06472729585680276
control_day_10,GGC,132,0.0042150977373508446
control_day_10,GGG,42,0.0013411674836565585
control_day_10,GGT,238,0.007599948925035225
control_day_10,GTA,82,0.0026184698186317965
control_day_10,GTC,1193,0.03809554217256904
control_day_10,GTG,229,0.007312555899665797
control_day_10,GTT,831,0.02653595604104313
control_day_10,TAC,729,0.023278835086856273
control_day_10,TAT,131,0.004183165178976463
control_day_10,TCA,157,0.005013411696710368
control_day_10,TCC,649,0.020724230416905798
control_day_10,TCG,217,0.0069293651991732255
control_day_10,TCT,435,0.013890662924788274
control_day_10,TGC,298,0.009515902427498084
control_day_10,TGG,256,0.008174734975774083
control_day_10,TGT,84,0.0026823349353805584
control_day_10,TTA,10,0.0003193256156763679
control_day_10,TTC,1005,0.03209222119818542
control_day_10,TTG,358,0.01143185592996094
control_day_10,TTT,91,0.002905862844001225
BWM_day_0,AAA,205,0.00967300525692194
BWM_day_0,AAC,724,0.034162223324498864
BWM_day_0,AAG,1864,0.08795356936888749
BWM_day_0,AAT,125,0.005898173955561336
BWM_day_0,ACA,71,0.0033501628271429278
BWM_day_0,ACC,728,0.0343509648895669
BWM_day_0,ACG,23,0.0010852640463265653
BWM_day_0,ACT,300,0.014155617427287659
BWM_day_0,AGA,386,0.018213561076250308
BWM_day_0,AGC,124,0.005850988564294329
BWM_day_0,AGG,11,0.0005190393511224744
BWM_day_0,AGT,30,0.001415561785195618
BWM_day_0,ATA,9,0.00042466856858845925
BWM_day_0,ATC,936,0.044165526273104466
BWM_day_0,ATG,371,0.017505780207245195
BWM_day_0,ATT,254,0.011985089429005311
BWM_day_0,CAA,434,0.020478459857066672
BWM_day_0,CAC,392,0.018496673423852354
BWM_day_0,CAG,299,0.01410843203602065
BWM_day_0,CAT,127,0.005992544738095351
BWM_day_0,CCA,747,0.03524748732364004
BWM_day_0,CCC,19,0.0008965224812585349
BWM_day_0,CCG,32,0.0015099325677296331
BWM_day_0,CCT,27,0.0012740056113945955
BWM_day_0,CGA,34,0.0016043033502636482
BWM_day_0,CGC,423,0.01995942055312959
BWM_day_0,CGG,5,0.00023592700352042907
BWM_day_0,CGT,572,0.026990043851913715
BWM_day_0,CTA,12,0.000566224742389482
BWM_day_0,CTC,787,0.03713490297432034
BWM_day_0,CTG,64,0.003019865088273875
BWM_day_0,CTT,513,0.024206105767160268
BWM_day_0,GAA,426,0.020100976726930612
BWM_day_0,GAC,592,0.027933751677253867
BWM_day_0,GAG,1016,0.04794035757446507
BWM_day_0,GAT,516,0.02434766194096129
BWM_day_0,GCA,101,0.004765724565153154
BWM_day_0,GCC,881,0.04157032975341905
BWM_day_0,GCG,25,0.0011796348288605804
BWM_day_0,GCT,787,0.03713490297432034
BWM_day_0,GGA,1394,0.06577643547339393
BWM_day_0,GGC,74,0.0034917190009439505
BWM_day_0,GGG,16,0.0007549663074575123
BWM_day_0,GGT,158,0.007455291867372585
BWM_day_0,GTA,37,0.0017458595240646708
BWM_day_0,GTC,854,0.040296324189209844
BWM_day_0,GTG,137,0.0064643986507654265
BWM_day_0,GTT,529,0.02496107202743239
BWM_day_0,TAC,513,0.024206105767160268
BWM_day_0,TAT,84,0.003963572913614026
BWM_day_0,TCA,91,0.004293870652483079
BWM_day_0,TCC,499,0.023545510289422162
BWM_day_0,TCG,114,0.005379134651624253
BWM_day_0,TCT,259,0.01222101638534035
BWM_day_0,TGC,210,0.009908932213256979
BWM_day_0,TGG,182,0.008587741257780767
BWM_day_0,TGT,49,0.0023120842192687614
BWM_day_0,TTA,5,0.00023592700352042907
BWM_day_0,TTC,699,0.032982588542823675
BWM_day_0,TTG,234,0.01104138160366516
BWM_day_0,TTT,63,0.0029726796970068674
BWM_day_5,AAA,468,0.011315006898038844
BWM_day_5,AAC,1383,0.03343729597834494
BWM_day_5,AAG,3078,0.07441792984842016
BWM_day_5,AAT,389,0.009404995053946841
BWM_day_5,ACA,202,0.004883827777425268
BWM_day_5,ACC,1319,0.03188994461097927
BWM_day_5,ACG,90,0.0021759628845353417
BWM_day_5,ACT,691,0.016706559318703608
BWM_day_5,AGA,627,0.015159207951337935
BWM_day_5,AGC,257,0.006213582858755142
BWM_day_5,AGG,20,0.0004835473264791377
BWM_day_5,AGT,78,0.001885834503154278
BWM_day_5,ATA,18,0.00043519259624896046
BWM_day_5,ATC,1667,0.04030366767103011
BWM_day_5,ATG,800,0.019341892116248267
BWM_day_5,ATT,593,0.014337177537424922
BWM_day_5,CAA,1108,0.02678852057169557
BWM_day_5,CAC,647,0.015642755253639708
BWM_day_5,CAG,638,0.01542515896760391
BWM_day_5,CAT,256,0.006189405493640054
BWM_day_5,CCA,1522,0.03679794972934226
BWM_day_5,CCC,46,0.001112158819471442
BWM_day_5,CCG,100,0.0024177365356862278
BWM_day_5,CCT,58,0.0014022872008525055
BWM_day_5,CGA,69,0.0016682382171184804
BWM_day_5,CGC,747,0.01806049176514857
BWM_day_5,CGG,22,0.000531902056709315
BWM_day_5,CGT,1039,0.025120282378754452
BWM_day_5,CTA,24,0.0005802567869394922
BWM_day_5,CTC,1428,0.03452527740852393
BWM_day_5,CTG,167,0.004037619998397166
BWM_day_5,CTT,1047,0.02531370129967516
BWM_day_5,GAA,1016,0.02456420298110741
BWM_day_5,GAC,1198,0.028964483432053545
BWM_day_5,GAG,1985,0.04799206977762829
BWM_day_5,GAT,1070,0.0258697806973222
BWM_day_5,GCA,250,0.006044341302949522
BWM_day_5,GCC,1518,0.036701240268881906
BWM_day_5,GCG,69,0.0016682382171184804
BWM_day_5,GCT,1525,0.03687048182468752
BWM_day_5,GGA,2430,0.05875099725384273
BWM_day_5,GGC,172,0.004158506823972609
BWM_day_5,GGG,55,0.0013297551055072396
BWM_day_5,GGT,302,0.007301564288934131
BWM_day_5,GTA,105,0.002538623361261671
BWM_day_5,GTC,1504,0.036362757157270664
BWM_day_5,GTG,286,0.006914726447092713
BWM_day_5,GTT,1073,0.025942312792667465
BWM_day_5,TAC,1062,0.02567636177640149
BWM_day_5,TAT,208,0.0050288919681158
BWM_day_5,TCA,235,0.005681680826223193
BWM_day_5,TCC,878,0.02122772659522518
BWM_day_5,TCG,272,0.006576243335481472
BWM_day_5,TCT,598,0.014458064363000366
BWM_day_5,TGC,417,0.010081961277169323
BWM_day_5,TGG,368,0.00889727038652998
BWM_day_5,TGT,124,0.002997993298448355
BWM_day_5,TTA,15,0.0003626605009036945
BWM_day_5,TTC,1392,0.03365489226438074
BWM_day_5,TTG,478,0.01155678054918973
BWM_day_5,TTT,158,0.0038200237123613683
BWM_day_10,AAA,248,0.010176864064147535
BWM_day_10,AAC,866,0.03553695263786967
BWM_day_10,AAG,1989,0.08162009093607347
BWM_day_10,AAT,204,0.008371291414885766
BWM_day_10,ACA,113,0.004637038890276196
BWM_day_10,ACC,847,0.03475727353932481
BWM_day_10,ACG,42,0.0017235012062401587
BWM_day_10,ACT,368,0.015101153107588727
BWM_day_10,AGA,455,0.01867126266408359
BWM_day_10,AGC,154,0.006319504313451936
BWM_day_10,AGG,12,0.000492428945379861
BWM_day_10,AGT,47,0.0019286799163835415
BWM_day_10,ATA,13,0.0005334646874085376
BWM_day_10,ATC,1097,0.04501620904649396
BWM_day_10,ATG,423,0.01735811891916594
BWM_day_10,ATT,295,0.012105543939495336
BWM_day_10,CAA,634,0.026016660487216698
BWM_day_10,CAC,398,0.016332225368449024
BWM_day_10,CAG,369,0.015142188849617403
BWM_day_10,CAT,151,0.006196397087365906
BWM_day_10,CCA,920,0.0377528827074182
BWM_day_10,CCC,22,0.000902786365666627
BWM_day_10,CCG,47,0.0019286799163835415
BWM_day_10,CCT,38,0.0015593582381254524
BWM_day_10,CGA,35,0.0014362510120394226
BWM_day_10,CGC,483,0.019820263440886533
BWM_day_10,CGG,9,0.0003693217192938313
BWM_day_10,CGT,668,0.027411875716191702
BWM_day_10,CTA,15,0.0006155361714658908
BWM_day_10,CTC,854,0.03504452373352555
BWM_day_10,CTG,62,0.0025442160468136903
BWM_day_10,CTT,634,0.026016660487216698
BWM_day_10,GAA,537,0.02203619351043507
BWM_day_10,GAC,648,0.02659116087561817
BWM_day_10,GAG,1126,0.046206245565325585
BWM_day_10,GAT,578,0.02371865893361081
BWM_day_10,GCA,112,0.00459600314824752
BWM_day_10,GCC,941,0.03861463329002041
BWM_day_10,GCG,17,0.000697607655523244
BWM_day_10,GCT,874,0.03586523857409908
BWM_day_10,GGA,1408,0.05777832481741238
BWM_day_10,GGC,69,0.0028314662410144267
BWM_day_10,GGG,22,0.000902786365666627
BWM_day_10,GGT,157,0.006442611539537966
BWM_day_10,GTA,44,0.0018055726902975117
BWM_day_10,GTC,939,0.03853256180596306
BWM_day_10,GTG,144,0.005909146893165171
BWM_day_10,GTT,639,0.026221839197360083
BWM_day_10,TAC,632,0.025934589003159345
BWM_day_10,TAT,99,0.004062538501874724
BWM_day_10,TCA,137,0.005621896698964434
BWM_day_10,TCC,575,0.02359555170752478
BWM_day_10,TCG,135,0.005539825214907082
BWM_day_10,TCT,323,0.01325454471629828
BWM_day_10,TGC,258,0.010587221484434303
BWM_day_10,TGG,217,0.008904756061258562
BWM_day_10,TGT,84,0.0034470023714445754
BWM_day_10,TTA,10,0.0004103574613225079
BWM_day_10,TTC,807,0.03311584385817775
BWM_day_10,TTG,258,0.010587221484434303
BWM_day_10,TTT,67,0.0027493947569570735
