group,amino_acid,bg_count,bg_freq
control_day_0,A,8425,0.08654428909664315
control_day_0,C,1308,0.013436193496916004
control_day_0,D,5640,0.05793588018203867
control_day_0,E,7073,0.07265611356610625
control_day_0,F,3617,0.03715497848213027
control_day_0,G,8050,0.08269216940437145
control_day_0,H,2077,0.021335606945867832
control_day_0,I,5218,0.05360096148833558
control_day_0,K,7652,0.07860378637097376
control_day_0,L,7237,0.07434077391152641
control_day_0,M,1931,0.01983584834567672
control_day_0,N,4142,0.04254794605131066
control_day_0,P,4694,0.0482182662383346
control_day_0,Q,4016,0.041253633834707364
control_day_0,R,5338,0.054833639789862526
control_day_0,S,5448,0.055963594899595556
control_day_0,T,5130,0.05269699740054916
control_day_0,V,6642,0.06822874399978865
control_day_0,W,885,0.009091002484033528
control_day_0,Y,2826,0.029029574011231837
control_day_5,A,2966,0.07830816346588437
control_day_5,C,556,0.014679480428408765
control_day_5,D,2054,0.054229591295686136
control_day_5,E,2780,0.07339740203643605
control_day_5,F,1404,0.03706832823578608
control_day_5,G,2681,0.07078360966269742
control_day_5,H,815,0.021517583709199713
control_day_5,I,2116,0.05586651177216891
control_day_5,K,3168,0.08364135598603793
control_day_5,L,2864,0.07561516526263852
control_day_5,M,707,0.018666173846939395
control_day_5,N,1653,0.043642412084886256
control_day_5,P,1561,0.041213433313331174
control_day_5,Q,1590,0.041979089665234406
control_day_5,R,2365,0.062440595621269086
control_day_5,S,2220,0.05861231386175292
control_day_5,T,2173,0.057371422532806304
control_day_5,V,2715,0.07168127573044604
control_day_5,W,323,0.00852782767001382
control_day_5,Y,1165,0.030758263818376673
control_day_10,A,2697,0.08612211008039206
control_day_10,C,382,0.01219823734691644
control_day_10,D,1758,0.056137437727591374
control_day_10,E,2115,0.06753736108217054
control_day_10,F,1096,0.0349980840560748
control_day_10,G,2439,0.07788351000901551
control_day_10,H,712,0.02273598162425854
control_day_10,I,1765,0.05636096563650469
control_day_10,K,2822,0.09011367988241559
control_day_10,L,2357,0.07526504021888808
control_day_10,M,561,0.017914165303414123
control_day_10,N,1301,0.041544258531393374
control_day_10,P,1285,0.041033337596734366
control_day_10,Q,1142,0.036466981743219454
control_day_10,R,1947,0.06217269126825094
control_day_10,S,1717,0.05482820283252766
control_day_10,T,1769,0.05648869587016944
control_day_10,V,2335,0.07456252393373194
control_day_10,W,256,0.008174734986476731
control_day_10,Y,860,0.02746200026985439
BWM_day_0,A,1794,0.08465059214396208
BWM_day_0,C,259,0.01222101640898314
BWM_day_0,D,1108,0.05228141367217345
BWM_day_0,E,1442,0.06804133438584313
BWM_day_0,F,762,0.03595526826220425
BWM_day_0,G,1642,0.07747841265750162
BWM_day_0,H,519,0.02448921816213918
BWM_day_0,I,1199,0.056575284285778064
BWM_day_0,K,2069,0.0976265747674925
BWM_day_0,L,1615,0.07620440709082772
BWM_day_0,M,371,0.017505780241111896
BWM_day_0,N,849,0.040060397310375695
BWM_day_0,P,825,0.03892794791777667
BWM_day_0,Q,733,0.03458689191281377
BWM_day_0,R,1431,0.0675222950809019
BWM_day_0,S,1117,0.05270608219439808
BWM_day_0,T,1122,0.05294200915118954
BWM_day_0,V,1557,0.07346765439204676
BWM_day_0,W,182,0.00858774127439462
BWM_day_0,Y,597,0.02816967868808599
BWM_day_5,A,3362,0.08128430162168018
BWM_day_5,C,541,0.013079954564406105
BWM_day_5,D,2268,0.05483426415955404
BWM_day_5,E,3001,0.07255627280648133
BWM_day_5,F,1550,0.03747491598971257
BWM_day_5,G,2959,0.07154082347064103
BWM_day_5,H,903,0.021832160744744006
BWM_day_5,I,2278,0.05507603781094459
BWM_day_5,K,3546,0.08573293680726629
BWM_day_5,L,3159,0.07637629649845203
BWM_day_5,M,800,0.019341892135421344
BWM_day_5,N,1772,0.04284229105058278
BWM_day_5,P,1726,0.04173013225418625
BWM_day_5,Q,1746,0.04221367955696735
BWM_day_5,R,2524,0.061023669635152114
BWM_day_5,S,2318,0.05604313241650679
BWM_day_5,T,2302,0.05565629457428191
BWM_day_5,V,2968,0.07175841975689252
BWM_day_5,W,368,0.008897270395349596
BWM_day_5,Y,1270,0.030705253750777182
BWM_day_10,A,1944,0.07977348267899916
BWM_day_10,C,342,0.01403422383845523
BWM_day_10,D,1226,0.05030981985283778
BWM_day_10,E,1663,0.06824243914954045
BWM_day_10,F,874,0.035865238634441104
BWM_day_10,G,1656,0.06795518895485643
BWM_day_10,H,549,0.022528622452682816
BWM_day_10,I,1405,0.05765521768832926
BWM_day_10,K,2237,0.09179695511363047
BWM_day_10,L,1833,0.07521851530615248
BWM_day_10,M,423,0.017358118948370374
BWM_day_10,N,1070,0.043908244085593795
BWM_day_10,P,1027,0.04214370717539193
BWM_day_10,Q,1003,0.0411588493650467
BWM_day_10,R,1662,0.06820140340744274
BWM_day_10,S,1371,0.05626000245700686
BWM_day_10,T,1370,0.05621896671490914
BWM_day_10,V,1766,0.0724691205856054
BWM_day_10,W,217,0.008904756076240505
BWM_day_10,Y,731,0.029997127514467457
