AminoAcid,Transcriptome,AA_3_raw,AA_3_rate,AA_3_proportion,AA_3_rpm,AA_4_raw,AA_4_rate,AA_4_proportion,AA_4_rpm,Ch_WAA2_raw,Ch_WAA2_rate,Ch_WAA2_proportion,Ch_WAA2_rpm
A,742937.0,36750.0,0.049465836268754955,0.039833047477257875,54234.65675734307,46286.0,0.06230137952477801,0.03976435401014122,54232.78408471778,21339.0,0.02872248925548196,0.035632690910442195,48845.30602995406
C,262606.0,10597.0,0.04035322879142137,0.0324949945165416,15638.766194763662,14233.0,0.0541990662818062,0.03459298774903861,16676.645548930308,7260.0,0.02764597914746807,0.03429718855897018,16618.25398460408
D,530359.0,41012.0,0.07732875278820572,0.06227004562167619,60524.401168221884,53880.0,0.10159156345041755,0.06484162829619979,63130.588222888,28653.0,0.05402566940506336,0.06702343804595336,65587.1668623775
E,762293.0,57055.0,0.0748465485056271,0.060271216359010706,84200.22697388324,69111.0,0.09066198954994996,0.057865740297036866,80976.5791141799,40700.0,0.053391543671527875,0.06623675113798926,93162.93900459862
F,422612.0,24789.0,0.05865664013326645,0.04723406915816488,36582.93622742251,32517.0,0.07694291690723405,0.04910943240438683,38099.802101775225,13760.0,0.03255941620209554,0.04039272513722963,31496.856036935555
G,699943.0,38995.0,0.055711679379606624,0.044862598859313596,57547.76708170322,47018.0,0.06717404131479278,0.04287436938809567,55090.460227612246,25985.0,0.037124451562484374,0.04605603978050792,59480.07297382053
H,295218.0,14944.0,0.05062021963430414,0.040762630617367894,22053.951308346528,19893.0,0.0673841025953702,0.04300844268131034,23308.40370300503,9768.0,0.03308741336910351,0.04104775053165965,22359.105361103673
I,501315.0,36999.0,0.07380389575416654,0.05943160583821465,54602.12422761732,49067.0,0.0978765845825479,0.06247051330694966,57491.250414484886,22507.0,0.04489592372061478,0.05569721199460895,51518.87636797301
K,626510.0,63726.0,0.10171585449553878,0.08190809590880954,94045.10847669239,81189.0,0.12958931222167244,0.08271141548420897,95128.23547193865,41089.0,0.06558394917878406,0.08136246719381175,94053.36611203816
L,1109792.0,58025.0,0.05228457224416828,0.04210287353103096,85631.72675768251,78095.0,0.07036904212681296,0.04491360422239546,91503.03057287376,37514.0,0.03380273060177042,0.04193516240003273,85870.13498325585
M,228129.0,15799.0,0.06925467608239198,0.05576828390050929,23315.73720025206,19633.0,0.08606095673938868,0.05492909428876237,23003.76463585672,11776.0,0.051619916801458825,0.06403889732008744,26955.448887423918
N,401981.0,30059.0,0.07477716608496421,0.060215345207023374,44360.25979507416,36072.0,0.08973558451767621,0.05727445487220196,42265.15550066845,17567.0,0.043701070448603295,0.05421489488252961,40211.13880820108
P,666350.0,33616.0,0.0504479627823216,0.040623918409491255,49609.58425999578,40296.0,0.060472724544158474,0.03859720033607461,47214.368653108664,19870.0,0.0298191641029489,0.03699320933631601,45482.74196612714
Q,523659.0,31613.0,0.060369438890575736,0.04861332400080431,46653.61099509896,37608.0,0.07181772871276919,0.04583824002810496,44064.86937428307,21520.0,0.0410954457003508,0.050982395761118696,49259.61787171898
R,607505.0,37746.0,0.0621328219520827,0.050033312552659984,55704.526638440046,47639.0,0.07841746158467831,0.05005057234390203,55818.07892260879,28282.0,0.046554349346918954,0.05775463004129772,64737.94203754443
S,925398.0,44013.0,0.047561157469542835,0.03829927858218179,64953.19586016166,55429.0,0.059897471142146406,0.03823004024912905,64945.53404986005,27916.0,0.0301664797200772,0.03742408390026558,63900.162291213164
T,597045.0,33629.0,0.05632573759096886,0.04535707771041597,49628.76930864463,41169.0,0.06895460141195388,0.044010826117945226,48237.2529054951,19783.0,0.03313485583163748,0.041106606941647875,45283.597600195935
V,678099.0,39460.0,0.058192092894990256,0.04685998608197573,58234.00151414307,48149.0,0.07100585607706249,0.045320055821853986,56415.640169707396,23896.0,0.03523969213934838,0.04371783540804636,54698.31917577123
W,130946.0,7870.0,0.06010111038137858,0.0483972487647913,11614.333297422858,10218.0,0.07803216593099446,0.049804654309846944,11972.315338928536,6036.0,0.04609533700914881,0.05718518619503633,13816.498767365045
Y,308104.0,20914.0,0.06787967699218446,0.05466104690275902,30864.315957090424,25967.0,0.08427998338223457,0.053792373792415416,30425.240987077446,11648.0,0.03780541635291979,0.046900834522448615,26662.454877778004
