Codon,AminoAcid,Transcriptome,AA_3_raw,AA_3_rate,AA_3_proportion,AA_3_rpm,AA_4_raw,AA_4_rate,AA_4_proportion,AA_4_rpm,Ch_WAA2_raw,Ch_WAA2_rate,Ch_WAA2_proportion,Ch_WAA2_rpm
AAA,K,258339,18159.0,0.07029136135078327,0.018881727873973624,26798.32412705112,23644.0,0.0915231536856611,0.019312752445920765,27702.791369064358,9760.0,0.03777981644273609,0.015478270220664659,22341.66262258156
AAC,N,221814,16864.0,0.07602766281659408,0.020422618265041693,24887.215049209215,19751.0,0.08904307212349086,0.018789418193034434,23141.508726543314,8754.0,0.03946549812004652,0.01616888862393249,20038.82321701629
AAG,K,368171,27030.0,0.07341697200485645,0.019721332182043333,39889.7902502446,32180.0,0.08740503733319571,0.018443768386085836,37704.10363121684,13917.0,0.037800369936795676,0.015486690921583501,31857.471180170854
AAT,N,180167,15831.0,0.08786847757913491,0.02360330843601011,23362.755066652695,20133.0,0.11174632424361843,0.023580143493205592,23589.083853551543,8620.0,0.04784449982516221,0.019601738880570683,19732.083176911176
ACA,T,181419,10355.0,0.057077814341386514,0.015332293148470082,15281.493823206914,14523.0,0.08005225472524928,0.016892221432364674,17016.056464765763,7212.0,0.03975327832255717,0.01628679125443809,16509.023651030555
ACC,T,201031,10562.0,0.05253916062696798,0.014113115959367378,15586.976123680486,13739.0,0.06834269341544338,0.014421329098351462,16097.472958026357,6766.0,0.033656500738692044,0.013788960936458887,15488.082920531439
ACG,T,60159,3588.0,0.0596419488355857,0.016021073232129656,5295.0265415419035,5102.0,0.08480859056832726,0.017895879337363377,5977.822769623006,2990.0,0.04970162402965475,0.020362596740058757,6844.423282942506
ACT,T,154436,10438.0,0.06758786811365226,0.018155513121098203,15403.981895377477,14125.0,0.0914618353233702,0.019299813355607286,16549.73473557918,6591.0,0.04267787303478464,0.017484988374066694,15087.489584573266
AGA,R,139875,7722.0,0.055206434316353886,0.01482960138518042,11395.817991579313,10828.0,0.07741197497765863,0.016335082969584788,12686.763024201862,5461.0,0.0390420017873101,0.015995383528017305,12500.801186671917
AGC,S,216233,9739.0,0.04503937881821923,0.012098517913381554,14372.425721314548,11611.0,0.053696706793135186,0.01133080716403988,13604.17486830512,7025.0,0.03248810311099601,0.013310272157383575,16080.961057749535
AGG,R,135420,8662.0,0.06396396396396396,0.017182056771970093,12783.032302908574,10001.0,0.07385172057303205,0.015583816113143144,11717.79802410813,5573.0,0.04115344853049771,0.016860436519927326,12757.180921685147
AGT,S,146950,7589.0,0.051643416127934674,0.013872500277008464,11199.54192412528,9950.0,0.06771010547805376,0.014287843595032367,11658.043229664623,5732.0,0.03900646478394012,0.015980824131154515,13121.14858121286
ATA,I,86676,4524.0,0.052194379066869724,0.014020500430678847,6676.337813248487,5931.0,0.06842724629655268,0.014439171019173615,6949.131094989033,2865.0,0.03305413263187042,0.01354217264557803,6558.285185829526
ATC,I,239926,13754.0,0.05732600885272959,0.015398963378395024,20297.601742577295,14836.0,0.06183573268424431,0.013048263194082218,17382.786869879834,6390.0,0.02663321190700466,0.010911541917247776,14627.379524415592
ATG,M,228129,12369.0,0.05421932327761924,0.014564442741833482,18253.67427322514,14567.0,0.06385422283006545,0.013474194763646145,17067.60962075624,7379.0,0.03234573421178368,0.013251944073752808,16891.304148773495
ATT,I,174713,13832.0,0.07916983853519773,0.021266672295448097,20412.711015219513,15448.0,0.08841929335538855,0.018657791556011452,18099.84440320192,6632.0,0.03795939626702077,0.015551843501537287,15181.342880426322
CAA,Q,140700,7817.0,0.055557924662402274,0.014924019033905337,11536.015182617908,10709.0,0.07611229566453447,0.01606083122210175,12547.335170500346,5571.0,0.039594882729211085,0.016221897085370612,12752.60271213134
CAC,H,169338,8947.0,0.052835158086194475,0.014192627059580833,13203.623876024361,10540.0,0.06224237914703138,0.013134071671528144,12349.32418499147,5213.0,0.030784584676800245,0.012612346091746609,11933.103201999762
CAG,Q,382959,19701.0,0.051444149373692745,0.013818973064622441,29073.945901593375,26136.0,0.06824751474700948,0.014401244977693758,30622.574658343176,14178.0,0.03702223997869224,0.015167893561184064,32454.927526942764
CAT,H,125880,8823.0,0.07009056244041945,0.01882778909245025,13020.629647721353,11389.0,0.09047505560851604,0.01909158809692479,13344.065763080442,5263.0,0.04180965999364474,0.017129284262051292,12047.558440844954
CCA,P,196911,9525.0,0.04837210719563661,0.01299375836812576,14056.61310150129,13360.0,0.06784791098516589,0.014316922615338876,15653.41281892657,6734.0,0.03419819106093616,0.014010889732654123,15414.831567670515
CCC,P,197124,7670.0,0.038909518881516204,0.010451909496554952,11319.078476484505,10201.0,0.05174915281751588,0.010919844185913208,11952.13055133757,5271.0,0.026739514214403116,0.010955093633320494,12065.871279060186
CCG,P,64774,2648.0,0.040880600240837374,0.010981383120752296,3907.8122302126426,3329.0,0.05139407787075061,0.01084491806863606,3900.464915734023,1924.0,0.0297032760058048,0.01216933738028334,4404.237590763005
CCT,P,207541,12512.0,0.060286883073705916,0.016194316039592496,18464.70793973587,17143.0,0.08260054639806111,0.017429949037403775,20085.81257147142,7942.0,0.038267137577635266,0.015677924134326292,18180.070138170362
CGA,R,73104,5531.0,0.07565933464653098,0.020323677625085336,8162.4280382576,8001.0,0.10944681549573211,0.0230949128012248,9374.472751813735,3918.0,0.05359487852921865,0.021957650683039332,8968.71251590928
CGC,R,98864,5987.0,0.06055793817769866,0.016267127102205178,8835.374555242859,7464.0,0.07549765334196472,0.015931132511550924,8745.289916202688,3461.0,0.035007687328046606,0.014342537769746793,7922.591632864219
CGG,R,109523,5544.0,0.050619504578946886,0.0135974562479346,8181.6129170313025,7241.0,0.06611396692932078,0.013951034520828659,8484.009148341864,4028.0,0.03677766313924929,0.01506769121064189,9220.5140413687
CGT,R,50719,5349.0,0.10546343579329245,0.028329681728109648,7893.839735425763,6896.0,0.13596482580492517,0.028690609057701773,8079.785538871079,3321.0,0.06547842031585796,0.026826299826185944,7602.116964097681
CTA,L,90409,4129.0,0.045670231945934586,0.01226797824046958,6093.4126505090635,5642.0,0.06240529150858875,0.013168448613126374,6610.5205931424925,2674.0,0.02957670143459169,0.01211748018242557,6121.06617344089
CTC,L,214382,8588.0,0.04005933333955276,0.010760773676804107,12673.826069889039,10469.0,0.048833390863038874,0.010304574862792508,12266.136137825019,4945.0,0.023066302208207778,0.009450190397597848,11319.623121789531
CTG,L,422736,17741.0,0.04196709057189357,0.011273237117807911,26181.456486481304,22994.0,0.05439328564399531,0.011477795705889408,26941.21065556868,11512.0,0.02723212596041028,0.011156915093467857,26352.174191717102
CTT,L,151527,8904.0,0.05876180482686254,0.015784648167324253,13140.166200080577,11248.0,0.07423099513618035,0.015663848710930097,13178.861331383687,5201.0,0.03432391586977898,0.01406239878558084,11905.633944676916
GAA,E,321116,24696.0,0.0769067875783206,0.020658769538814216,36445.366630412165,32274.0,0.1005057362448461,0.02120821153255148,37814.239919014675,18152.0,0.05652785909141868,0.02315928345863789,41551.829910358654
GAC,D,287142,26551.0,0.09246644517346818,0.02483841857218024,39182.90125542896,28347.0,0.0987211902125081,0.020831645665194423,33213.12074686463,14729.0,0.051295177995556204,0.02101547071399192,33716.22425901678
GAG,E,441177,25935.0,0.05878592945688465,0.015791128546852894,38273.83315353659,30957.0,0.07016911579706105,0.014806731500884683,36271.16022720882,18794.0,0.04259968221371468,0.017452953844223733,43021.43517713092
GAT,D,243217,34679.0,0.1425846055168841,0.038301203286592526,51177.87776871005,40900.0,0.168162587319143,0.035484817652966835,47921.00181842041,22113.0,0.09091880912929606,0.03724914592894619,50618.973931674795
GCA,A,178587,10600.0,0.05935482425932459,0.0159439455736136,15643.055000095923,15052.0,0.08428385044824091,0.017785151334343764,17635.865999287627,8644.0,0.04840217932996243,0.019830218393828983,19787.021691556867
GCC,A,278598,13338.0,0.047875433420196845,0.012860341417738466,19683.685621818815,17504.0,0.06282887888642416,0.013257831876682268,20508.782783120558,8753.0,0.031418028844428174,0.01287186614555921,20036.534112239387
GCG,A,65709,3222.0,0.04903437885221203,0.013171658368322063,4754.898416066893,4225.0,0.0642986501088131,0.013567975557565753,4950.274637721913,3002.0,0.045686283461930634,0.018717524524595925,6871.892540265353
GCT,A,220043,15387.0,0.06992724149370805,0.018783917674787202,22707.51766853547,20876.0,0.09487236585576456,0.02001948623868568,24459.62919220891,10172.0,0.04622732829492417,0.018939188865905305,23284.773790665946
GGA,G,186354,14122.0,0.07578050377239018,0.02035622618321872,20840.681387863646,18410.0,0.09879047404402375,0.02084626558848905,21570.30913146992,11353.0,0.06092168668233577,0.024959420599545114,25988.206532189393
GGC,G,225536,14551.0,0.06451741628830875,0.017330725626558723,21473.78238739583,18499.0,0.08202238223609534,0.017307947763589526,21674.587106087023,10048.0,0.0445516458569807,0.018252667119093114,23000.92479832987
GGG,G,162382,8518.0,0.052456553066226555,0.014090925843081702,12570.522876492178,10480.0,0.06453917306105357,0.013618729493014002,12279.02442682264,6635.0,0.04086044019657351,0.0167403919406674,15188.210194757034
GGT,G,125671,9844.0,0.07833151641985821,0.021041481464762923,14527.380511409838,13158.0,0.10470195987936755,0.02209367739553486,15416.736966424836,6957.0,0.05535883378026753,0.022680337519654294,15925.301932920074
GTA,V,84779,4926.0,0.058104011606647875,0.015607951168678066,7269.593295327597,6549.0,0.07724790337229738,0.016300461410229113,7673.218604128002,3581.0,0.04223923377251442,0.017305279268250835,8197.284206092681
GTC,V,165949,9528.0,0.05741522998029515,0.015422930036870947,14061.0403812183,12143.0,0.07317308329667549,0.015440613511494797,14227.49939073543,6021.0,0.036282231287925806,0.014864714362346921,13782.699861738072
GTG,V,304934,16469.0,0.05400840837689467,0.014507786594000843,24304.28988646979,21124.0,0.06927400683426578,0.014617850140109434,24750.201525973418,11559.0,0.03790656338748713,0.015530198039410782,26459.762116231585
GTT,V,122437,10391.0,0.08486813626599803,0.022797354089486986,15334.621179811014,13304.0,0.10865996389980154,0.022928875361823652,15587.799711302327,7064.0,0.057694977825330576,0.023637448279011486,16170.236144048784
TAC,Y,172440,10514.0,0.06097193226629552,0.0163783345617294,15516.139648208353,12135.0,0.0703723034098817,0.014849607122063126,14218.126089646252,5875.0,0.03406982138714915,0.013958297087000972,13448.49056431011
TAT,Y,135664,10870.0,0.08012442505012383,0.02152309417234206,16041.51017462667,13593.0,0.10019607265007666,0.021142867888823507,15926.410213148865,6422.0,0.047337539804222194,0.019394038977976476,14700.630877276515
TCA,S,137405,6157.0,0.04480914086095848,0.012036671188951758,9086.25373920666,8033.0,0.058462210254357556,0.012336399573397442,9411.965956170445,4769.0,0.03470761617117281,0.014219599574465723,10916.740681054454
TCC,S,194715,8130.0,0.04175333179261998,0.011215817044795316,11997.92803309244,10285.0,0.052820789358806464,0.011145975502421702,12050.550212773935,5310.0,0.02727062629997689,0.011172688559712792,12155.146365359436
TCG,S,45243,2143.0,0.047366443427712575,0.012723616074197275,3162.5534778495817,2598.0,0.057423247795239045,0.012117162976257492,3043.9795287104216,1795.0,0.039674645801560465,0.016254575761544845,4108.943074542408
TCT,S,184852,10712.0,0.05794906195226451,0.015566328454990215,15808.340109530898,14239.0,0.07702919092030382,0.01625430981610137,16683.30427609996,7338.0,0.03969662216259494,0.01626357940652216,16797.45085292044
TGC,C,132492,4639.0,0.03501343477342028,0.009405339925422857,6846.050202400471,5795.0,0.043738489871086556,0.009229474654467114,6789.7849764730145,3081.0,0.023254234217915042,0.009527185542181746,7052.731817640757
TGG,W,130946,5214.0,0.039817940219632524,0.010695930442679823,7694.612148160392,6075.0,0.04639316970354192,0.009789651750237592,7117.850514594229,3191.0,0.02436882378995922,0.00998382933258724,7304.53334310018
TGT,C,130114,6193.0,0.0475967228737876,0.012785473943389185,9139.38109581076,8010.0,0.06156140000307423,0.012990374900837211,9385.01771553906,4150.0,0.031895107367385524,0.01306732369379802,9499.784824150971
TTA,L,79928,5080.0,0.0635572014813332,0.017072791872858983,7496.860320800688,7065.0,0.08839205284756281,0.018652043401987537,8277.796524379957,3710.0,0.04641677509758783,0.01901680461632891,8492.578722313277
TTC,F,230407,12528.0,0.05437334803196083,0.014605817008051207,18488.320098226577,14716.0,0.06386958729552487,0.013477436895346511,17242.18735354217,6655.0,0.02888367106902134,0.011833547853487895,15233.992290295111
TTG,L,150810,7617.0,0.050507260791724684,0.013567305222187678,11240.863201484024,9531.0,0.06319872687487567,0.013335875326409948,11167.116585118947,5023.0,0.03330680989324315,0.013645693713131991,11498.17329438803
TTT,F,192205,14629.0,0.07611144351083479,0.020445123509489176,21588.891660038043,18480.0,0.09614734268099165,0.020288525392258405,21652.325516000226,9133.0,0.04751697406415026,0.019467552621596773,20906.39392746285
