site,timepoint,codon,odds_ratio,p_value,BWM_count,BWM_total,control_count,control_total,p_adj
A,day_0,AAA,1.545571245186136,0.7393728589336634,6,785,3,605,1.0
A,day_0,AAC,0.8982433590402742,1.0,7,785,6,605,1.0
A,day_0,AAG,0.9325102880658436,0.7000458963396263,110,785,90,605,1.0
A,day_0,AAT,1.0277422108408023,1.0,4,785,3,605,1.0
A,day_0,ACA,1.1566496163682864,1.0,3,785,2,605,1.0
A,day_0,ACC,0.40497640497640497,0.05391141051888434,8,785,15,605,1.0
A,day_0,ACG,0.0,0.4352517985611511,0,785,1,605,1.0
A,day_0,ACT,0.9242618741976893,1.0,6,785,5,605,1.0
A,day_0,AGA,1.090824766174538,0.8735024930078816,24,785,17,605,1.0
A,day_0,AGC,2.3222079589216946,0.4778666661179538,6,785,2,605,1.0
A,day_0,AGG,0.38456632653061223,0.5831730057287164,1,785,2,605,1.0
A,day_0,AGT,,1.0,0,785,0,605,1.0
A,day_0,ATA,,1.0,0,785,0,605,1.0
A,day_0,ATC,0.7270463741051977,0.33970743816689847,20,785,21,605,1.0
A,day_0,ATG,2.476283724978242,0.0650610875260189,19,785,6,605,1.0
A,day_0,ATT,1.060562015503876,1.0,11,785,8,605,1.0
A,day_0,CAA,0.9236739974126779,1.0,12,785,10,605,1.0
A,day_0,CAC,0.8795734510020224,0.8001643569111629,8,785,7,605,1.0
A,day_0,CAG,0.7695262483994878,0.7340814256525087,4,785,4,605,1.0
A,day_0,CAT,3.871794871794872,0.2412370125639901,5,785,1,605,1.0
A,day_0,CCA,0.6868799603174603,0.1862147394434129,29,785,32,605,1.0
A,day_0,CCC,1.1566496163682864,1.0,3,785,2,605,1.0
A,day_0,CCG,2.317135549872123,0.6369668283491632,3,785,1,605,1.0
A,day_0,CCT,inf,1.0,1,785,0,605,1.0
A,day_0,CGA,inf,1.0,1,785,0,605,1.0
A,day_0,CGC,0.8382923673997412,0.6778410667758237,12,785,11,605,1.0
A,day_0,CGG,,1.0,0,785,0,605,1.0
A,day_0,CGT,1.0019762845849802,1.0,26,785,20,605,1.0
A,day_0,CTA,0.7704081632653061,1.0,1,785,1,605,1.0
A,day_0,CTC,1.2672750977835723,0.5759744723767434,18,785,11,605,1.0
A,day_0,CTG,2.317135549872123,0.6369668283491632,3,785,1,605,1.0
A,day_0,CTT,0.8783206390488575,0.7149234196964955,16,785,14,605,1.0
A,day_0,GAA,0.9359600252713801,0.8858451197173225,28,785,23,605,1.0
A,day_0,GAC,0.9526319091536483,0.8820376824676293,26,785,21,605,1.0
A,day_0,GAG,1.0233197035522617,1.0,57,785,43,605,1.0
A,day_0,GAT,0.9801849405548216,1.0,28,785,22,605,1.0
A,day_0,GCA,inf,0.5080307244485189,2,785,0,605,1.0
A,day_0,GCC,1.552665799739922,0.4070808554107407,16,785,8,605,1.0
A,day_0,GCG,inf,1.0,1,785,0,605,1.0
A,day_0,GCT,0.9411426930806776,1.0,11,785,9,605,1.0
A,day_0,GGA,1.0621436350823243,0.8358359994200004,59,785,43,605,1.0
A,day_0,GGC,inf,0.5080307244485189,2,785,0,605,1.0
A,day_0,GGG,,1.0,0,785,0,605,1.0
A,day_0,GGT,2.3222079589216946,0.4778666661179538,6,785,2,605,1.0
A,day_0,GTA,inf,1.0,1,785,0,605,1.0
A,day_0,GTC,1.67153607791058,0.1337150010169494,32,785,15,605,1.0
A,day_0,GTG,0.7689345314505777,0.7723625155206166,6,785,6,605,1.0
A,day_0,GTT,0.8871128871128872,0.8479005349678306,15,785,13,605,1.0
A,day_0,TAC,0.816826305914881,0.3690200720871103,44,785,41,605,1.0
A,day_0,TAT,0.7695262483994878,0.7340814256525087,4,785,4,605,1.0
A,day_0,TCA,0.7701149425287356,1.0,2,785,2,605,1.0
A,day_0,TCC,0.6967741935483871,0.5070944909863742,10,785,11,605,1.0
A,day_0,TCG,1.0278850278850278,1.0,8,785,6,605,1.0
A,day_0,TCT,0.7695262483994878,0.7340814256525087,4,785,4,605,1.0
A,day_0,TGC,1.7054263565891472,0.44828097060634187,11,785,5,605,1.0
A,day_0,TGG,1.028029322984045,1.0,12,785,9,605,1.0
A,day_0,TGT,0.38456632653061223,0.5831730057287164,1,785,2,605,1.0
A,day_0,TTA,,1.0,0,785,0,605,1.0
A,day_0,TTC,1.1597131681877444,0.8527007736392869,18,785,12,605,1.0
A,day_0,TTG,1.4385640266469282,0.501832068793257,13,785,7,605,1.0
A,day_0,TTT,0.7704081632653061,1.0,1,785,1,605,1.0
E,day_0,AAA,1.2672750977835723,0.5759744723767434,18,785,11,605,1.0
E,day_0,AAC,1.136306001690617,0.5945422801344102,57,785,39,605,1.0
E,day_0,AAG,1.064516129032258,0.6881200076753407,165,785,121,605,1.0
E,day_0,AAT,0.5476190476190477,0.3836359645228862,5,785,7,605,1.0
E,day_0,ACA,1.5427841634738186,1.0,2,785,1,605,1.0
E,day_0,ACC,1.1151410477835348,0.8326164023079043,13,785,9,605,1.0
E,day_0,ACG,1.5427841634738186,1.0,2,785,1,605,1.0
E,day_0,ACT,1.1578608247422681,1.0,9,785,6,605,1.0
E,day_0,AGA,1.0667674477198286,0.8850970381592758,29,785,21,605,1.0
E,day_0,AGC,0.7698209718670077,1.0,3,785,3,605,1.0
E,day_0,AGG,0.7704081632653061,1.0,1,785,1,605,1.0
E,day_0,AGT,inf,0.5080307244485189,2,785,0,605,1.0
E,day_0,ATA,,1.0,0,785,0,605,1.0
E,day_0,ATC,0.6789052069425902,0.12142959252963026,36,785,40,605,1.0
E,day_0,ATG,0.8871128871128872,0.8479005349678306,15,785,13,605,1.0
E,day_0,ATT,0.6818246818246818,0.4676222212162652,8,785,9,605,1.0
E,day_0,CAA,1.8628719275549805,0.3262234233305189,12,785,5,605,1.0
E,day_0,CAC,0.528152260111023,0.19234810561582932,9,785,13,605,1.0
E,day_0,CAG,0.8982433590402742,1.0,7,785,6,605,1.0
E,day_0,CAT,0.38456632653061223,0.5831730057287164,1,785,2,605,1.0
E,day_0,CCA,1.0287737937140327,1.0,32,785,24,605,1.0
E,day_0,CCC,3.093469910371319,0.39494471391527197,4,785,1,605,1.0
E,day_0,CCG,0.0,0.4352517985611511,0,785,1,605,1.0
E,day_0,CCT,0.0,0.4352517985611511,0,785,1,605,1.0
E,day_0,CGA,,1.0,0,785,0,605,1.0
E,day_0,CGC,1.6811312607944733,0.35563609773747595,13,785,6,605,1.0
E,day_0,CGG,,1.0,0,785,0,605,1.0
E,day_0,CGT,1.0019430051813472,1.0,13,785,10,605,1.0
E,day_0,CTA,inf,1.0,1,785,0,605,1.0
E,day_0,CTC,1.436166986758314,0.3184458425044339,24,785,13,605,1.0
E,day_0,CTG,0.7701149425287356,1.0,2,785,2,605,1.0
E,day_0,CTT,1.8628719275549805,0.3262234233305189,12,785,5,605,1.0
E,day_0,GAA,0.9756309834638817,1.0,19,785,15,605,1.0
E,day_0,GAC,0.9224704336399474,0.8774662204746371,24,785,20,605,1.0
E,day_0,GAG,0.7609561752988048,0.303369181126111,32,785,32,605,1.0
E,day_0,GAT,1.1111384514435696,0.8701847502849014,23,785,16,605,1.0
E,day_0,GCA,1.5427841634738186,1.0,2,785,1,605,1.0
E,day_0,GCC,0.7677419354838709,0.6513613363384558,10,785,10,605,1.0
E,day_0,GCG,inf,1.0,1,785,0,605,1.0
E,day_0,GCT,2.178988326848249,0.16334980517957004,14,785,5,605,1.0
E,day_0,GGA,0.9108935742971888,0.7122418793349012,38,785,32,605,1.0
E,day_0,GGC,1.5427841634738186,1.0,2,785,1,605,1.0
E,day_0,GGG,,1.0,0,785,0,605,1.0
E,day_0,GGT,1.805484147386461,0.5278138255264488,7,785,3,605,1.0
E,day_0,GTA,0.7704081632653061,1.0,1,785,1,605,1.0
E,day_0,GTC,0.9212283044058746,0.7995784635882126,36,785,30,605,1.0
E,day_0,GTG,0.3829923273657289,0.18904343636439486,3,785,6,605,1.0
E,day_0,GTT,1.1151410477835348,0.8326164023079043,13,785,9,605,1.0
E,day_0,TAC,1.1235370611183355,0.8461509678375901,16,785,11,605,1.0
E,day_0,TAT,0.7704081632653061,1.0,1,785,1,605,1.0
E,day_0,TCA,0.0,0.18926716078541056,0,785,2,605,1.0
E,day_0,TCC,1.3917525773195876,0.6008288859258013,9,785,5,605,1.0
E,day_0,TCG,2.317135549872123,0.6369668283491632,3,785,1,605,1.0
E,day_0,TCT,0.7689345314505777,0.7723625155206166,6,785,6,605,1.0
E,day_0,TGC,inf,1.0,1,785,0,605,1.0
E,day_0,TGG,1.0277422108408023,1.0,4,785,3,605,1.0
E,day_0,TGT,0.7704081632653061,1.0,1,785,1,605,1.0
E,day_0,TTA,,1.0,0,785,0,605,1.0
E,day_0,TTC,0.8223562152133581,0.705776909427309,15,785,14,605,1.0
E,day_0,TTG,0.7683397683397684,0.6205676525114693,8,785,8,605,1.0
E,day_0,TTT,0.7704081632653061,1.0,1,785,1,605,1.0
P,day_0,AAA,1.1235370611183355,0.8461509678375901,16,785,11,605,1.0
P,day_0,AAC,1.2531370656370657,0.39710095409018537,45,785,28,605,1.0
P,day_0,AAG,1.1844950540602714,0.34904489145906537,95,785,63,605,1.0
P,day_0,AAT,0.6714331619537275,0.4470198346471773,7,785,8,605,1.0
P,day_0,ACA,0.25595238095238093,0.3232196170880095,1,785,3,605,1.0
P,day_0,ACC,0.9629032258064516,1.0,10,785,8,605,1.0
P,day_0,ACG,,1.0,0,785,0,605,1.0
P,day_0,ACT,0.8654961340206185,0.8089518092518186,9,785,8,605,1.0
P,day_0,AGA,0.9309296864207763,0.8749559484255082,23,785,19,605,1.0
P,day_0,AGC,0.9242618741976893,1.0,6,785,5,605,1.0
P,day_0,AGG,0.7701149425287356,1.0,2,785,2,605,1.0
P,day_0,AGT,,1.0,0,785,0,605,1.0
P,day_0,ATA,0.7701149425287356,1.0,2,785,2,605,1.0
P,day_0,ATC,0.9680013837239471,0.9021545007206405,39,785,31,605,1.0
P,day_0,ATG,1.1584734799482534,0.8232379768951663,12,785,8,605,1.0
P,day_0,ATT,0.8321459412780656,0.6872285420253772,13,785,12,605,1.0
P,day_0,CAA,1.028029322984045,1.0,12,785,9,605,1.0
P,day_0,CAC,0.9907952871870398,1.0,9,785,7,605,1.0
P,day_0,CAG,1.9326923076923077,0.7056935112655404,5,785,2,605,1.0
P,day_0,CAT,0.8982433590402742,1.0,7,785,6,605,1.0
P,day_0,CCA,0.6897923660325749,0.26054458415015785,19,785,21,605,1.0
P,day_0,CCC,1.5427841634738186,1.0,2,785,1,605,1.0
P,day_0,CCG,inf,0.5080307244485189,2,785,0,605,1.0
P,day_0,CCT,,1.0,0,785,0,605,1.0
P,day_0,CGA,inf,1.0,1,785,0,605,1.0
P,day_0,CGC,0.9907952871870398,1.0,9,785,7,605,1.0
P,day_0,CGG,,1.0,0,785,0,605,1.0
P,day_0,CGT,0.9616666666666667,0.8971028391669973,35,785,28,605,1.0
P,day_0,CTA,inf,1.0,1,785,0,605,1.0
P,day_0,CTC,1.1023041474654378,1.0,10,785,7,605,1.0
P,day_0,CTG,1.0277422108408023,1.0,4,785,3,605,1.0
P,day_0,CTT,1.684381668529621,0.14992561985807223,28,785,13,605,1.0
P,day_0,GAA,0.4011522134627047,0.02772250300974949,9,785,17,605,1.0
P,day_0,GAC,0.7998687664041995,0.5414198858365579,23,785,22,605,1.0
P,day_0,GAG,0.7792118396145242,0.2945509786545974,40,785,39,605,1.0
P,day_0,GAT,0.9199457259158752,0.7395090265459999,48,785,40,605,1.0
P,day_0,GCA,inf,1.0,1,785,0,605,1.0
P,day_0,GCC,1.0278850278850278,1.0,8,785,6,605,1.0
P,day_0,GCG,inf,0.5080307244485189,2,785,0,605,1.0
P,day_0,GCT,1.1584734799482534,0.8232379768951663,12,785,8,605,1.0
P,day_0,GGA,1.2287011173184357,0.3234445328287793,69,785,44,605,1.0
P,day_0,GGC,,1.0,0,785,0,605,1.0
P,day_0,GGG,,1.0,0,785,0,605,1.0
P,day_0,GGT,1.0019430051813472,1.0,13,785,10,605,1.0
P,day_0,GTA,0.7704081632653061,1.0,1,785,1,605,1.0
P,day_0,GTC,0.8268981342911303,0.6965755199019138,14,785,13,605,1.0
P,day_0,GTG,3.093469910371319,0.39494471391527197,4,785,1,605,1.0
P,day_0,GTT,0.9097437410850425,0.7887802375202496,32,785,27,605,1.0
P,day_0,TAC,1.1597131681877444,0.8527007736392869,18,785,12,605,1.0
P,day_0,TAT,2.317135549872123,0.6369668283491632,3,785,1,605,1.0
P,day_0,TCA,0.5125585355470413,0.6581830526664197,2,785,3,605,1.0
P,day_0,TCC,inf,0.13707250611398347,4,785,0,605,1.0
P,day_0,TCG,0.5125585355470413,0.6581830526664197,2,785,3,605,1.0
P,day_0,TCT,1.2863247863247864,1.0,5,785,3,605,1.0
P,day_0,TGC,1.9326923076923077,0.7056935112655404,5,785,2,605,1.0
P,day_0,TGG,1.0277422108408023,1.0,4,785,3,605,1.0
P,day_0,TGT,0.0,0.4352517985611511,0,785,1,605,1.0
P,day_0,TTA,,1.0,0,785,0,605,1.0
P,day_0,TTC,0.9538461538461539,0.8911265516014433,31,785,25,605,1.0
P,day_0,TTG,0.7677419354838709,0.6513613363384558,10,785,10,605,1.0
P,day_0,TTT,0.38456632653061223,0.5831730057287164,1,785,2,605,1.0
A,day_5,AAA,0.9867605161722809,1.0,8,671,9,745,1.0
A,day_5,AAC,0.8051556286850404,0.817877163803004,8,671,11,745,1.0
A,day_5,AAG,1.1692463841664553,0.2982844595781509,108,671,105,745,1.0
A,day_5,AAT,1.1116138763197587,1.0,8,671,8,745,1.0
A,day_5,ACA,2.2242152466367715,0.6061744569720449,2,671,1,745,1.0
A,day_5,ACC,0.900170972644377,0.8521863874406386,13,671,16,745,1.0
A,day_5,ACG,1.1104477611940298,1.0,1,671,1,745,1.0
A,day_5,ACT,0.4407796101949025,0.18576343506770188,4,671,10,745,1.0
A,day_5,AGA,1.0532763762392199,1.0,18,671,19,745,1.0
A,day_5,AGC,1.8568568568568569,0.48809835239327404,5,671,3,745,1.0
A,day_5,AGG,,1.0,0,671,0,745,1.0
A,day_5,AGT,,1.0,0,671,0,745,1.0
A,day_5,ATA,inf,0.4738700564971751,1,671,0,745,1.0
A,day_5,ATC,0.8504880212954747,0.6034924628938008,27,671,35,745,1.0
A,day_5,ATG,0.679429168116951,0.5101764968574782,8,671,13,745,1.0
A,day_5,ATT,0.7354577642893273,0.46319572410486987,12,671,18,745,1.0
A,day_5,CAA,1.8699186991869918,0.1521583147604989,15,671,9,745,1.0
A,day_5,CAC,0.9867605161722809,1.0,8,671,9,745,1.0
A,day_5,CAG,0.739412057797708,1.0,2,671,3,745,1.0
A,day_5,CAT,0.31518257527226134,0.18367938247238638,2,671,7,745,1.0
A,day_5,CCA,1.228813559322034,0.5337536632732229,22,671,20,745,1.0
A,day_5,CCC,1.1104477611940298,1.0,1,671,1,745,1.0
A,day_5,CCG,2.2242152466367715,0.6061744569720449,2,671,1,745,1.0
A,day_5,CCT,,1.0,0,671,0,745,1.0
A,day_5,CGA,inf,0.4738700564971751,1,671,0,745,1.0
A,day_5,CGC,2.2427921092564493,0.1522288637846134,12,671,6,745,1.0
A,day_5,CGG,,1.0,0,671,0,745,1.0
A,day_5,CGT,1.2866512345679013,0.44122473221686165,23,671,20,745,1.0
A,day_5,CTA,inf,0.4738700564971751,1,671,0,745,1.0
A,day_5,CTC,1.225,0.6662030932278712,11,671,10,745,1.0
A,day_5,CTG,4.461769115442279,0.19616325884884614,4,671,1,745,1.0
A,day_5,CTT,1.5257760532150777,0.3252010280847978,15,671,11,745,1.0
A,day_5,GAA,0.9498785603886067,0.8882970957580656,24,671,28,745,1.0
A,day_5,GAC,1.2445831166579997,0.4209202037443552,30,671,27,745,1.0
A,day_5,GAG,0.7967492063492063,0.27331610861463396,46,671,63,745,1.0
A,day_5,GAT,1.409198113207547,0.1982248681667369,35,671,28,745,1.0
A,day_5,GCA,,1.0,0,671,0,745,1.0
A,day_5,GCC,1.1116138763197587,1.0,8,671,8,745,1.0
A,day_5,GCG,inf,0.4738700564971751,1,671,0,745,1.0
A,day_5,GCT,0.5130522088353414,0.19596200816341064,7,671,15,745,1.0
A,day_5,GGA,0.7623211446740858,0.21691862402190276,42,671,60,745,1.0
A,day_5,GGC,,1.0,0,671,0,745,1.0
A,day_5,GGG,inf,0.4738700564971751,1,671,0,745,1.0
A,day_5,GGT,0.739412057797708,1.0,2,671,3,745,1.0
A,day_5,GTA,0.0,1.0,0,671,1,745,1.0
A,day_5,GTC,0.8256987577639752,0.519405643511438,27,671,36,745,1.0
A,day_5,GTG,0.6916291291291291,0.5861646106548632,5,671,8,745,1.0
A,day_5,GTT,0.9304615384615385,0.8811543430470797,21,671,25,745,1.0
A,day_5,TAC,0.9909885006634233,1.0,25,671,28,745,1.0
A,day_5,TAT,0.8319610778443114,1.0,3,671,4,745,1.0
A,day_5,TCA,1.6684131736526946,0.672456199624246,3,671,2,745,1.0
A,day_5,TCC,0.7748493975903614,0.6350991295807318,7,671,10,745,1.0
A,day_5,TCG,0.8319610778443114,1.0,3,671,4,745,1.0
A,day_5,TCT,1.1111111111111112,1.0,5,671,5,745,1.0
A,day_5,TGC,0.632255300920968,0.5534110069878783,4,671,7,745,1.0
A,day_5,TGG,1.3353383458646617,0.7649531615725677,6,671,5,745,1.0
A,day_5,TGT,1.1106128550074739,1.0,2,671,2,745,1.0
A,day_5,TTA,,1.0,0,671,0,745,1.0
A,day_5,TTC,0.6600910470409712,0.2863309380280285,12,671,20,745,1.0
A,day_5,TTG,1.3937216338880485,0.636023286773435,10,671,8,745,1.0
A,day_5,TTT,0.0,1.0,0,671,1,745,1.0
E,day_5,AAA,1.3967225609756098,0.4395456320410413,15,671,12,745,1.0
E,day_5,AAC,1.1670156735833492,0.47597236750043115,53,671,51,745,1.0
E,day_5,AAG,0.8872393661384487,0.38556620207696346,126,671,154,745,1.0
E,day_5,AAT,1.1111111111111112,1.0,5,671,5,745,1.0
E,day_5,ACA,1.1106128550074739,1.0,2,671,2,745,1.0
E,day_5,ACC,1.1998595012293642,0.6994737062495303,14,671,13,745,1.0
E,day_5,ACG,1.6684131736526946,0.672456199624246,3,671,2,745,1.0
E,day_5,ACT,1.6775417298937785,0.2693259208490466,12,671,8,745,1.0
E,day_5,AGA,0.9341517857142857,0.894210462036914,27,671,32,745,1.0
E,day_5,AGC,0.44245142002989535,0.45645371468474283,2,671,5,745,1.0
E,day_5,AGG,inf,0.4738700564971751,1,671,0,745,1.0
E,day_5,AGT,,1.0,0,671,0,745,1.0
E,day_5,ATA,,1.0,0,671,0,745,1.0
E,day_5,ATC,1.1170886075949367,0.6428088826273664,39,671,39,745,1.0
E,day_5,ATG,0.8861911987860395,0.8467762320134415,12,671,15,745,1.0
E,day_5,ATT,1.0094897538165315,1.0,10,671,11,745,1.0
E,day_5,CAA,0.8111111111111111,0.6935239003204685,11,671,15,745,1.0
E,day_5,CAC,0.5130522088353414,0.19596200816341064,7,671,15,745,1.0
E,day_5,CAG,0.5511278195488721,0.2465164953175591,6,671,12,745,1.0
E,day_5,CAT,1.1104477611940298,1.0,1,671,1,745,1.0
E,day_5,CCA,1.6041255211762124,0.22344113506785357,20,671,14,745,1.0
E,day_5,CCC,inf,0.4738700564971751,1,671,0,745,1.0
E,day_5,CCG,inf,0.4738700564971751,1,671,0,745,1.0
E,day_5,CCT,,1.0,0,671,0,745,1.0
E,day_5,CGA,,1.0,0,671,0,745,1.0
E,day_5,CGC,1.225,0.6662030932278712,11,671,10,745,1.0
E,day_5,CGG,,1.0,0,671,0,745,1.0
E,day_5,CGT,1.2650356778797145,0.5923104543908588,17,671,15,745,1.0
E,day_5,CTA,inf,0.4738700564971751,1,671,0,745,1.0
E,day_5,CTC,1.2875234521575984,0.5688262100717789,15,671,13,745,1.0
E,day_5,CTG,inf,0.4738700564971751,1,671,0,745,1.0
E,day_5,CTT,0.9711972891566265,1.0,7,671,8,745,1.0
E,day_5,GAA,0.9147772739397173,0.8756768837558584,19,671,23,745,1.0
E,day_5,GAC,1.018361581920904,1.0,22,671,24,745,1.0
E,day_5,GAG,0.7370598189583389,0.17472246883361692,40,671,59,745,1.0
E,day_5,GAT,0.8296661608497724,0.7043042350274282,12,671,16,745,1.0
E,day_5,GCA,1.1104477611940298,1.0,1,671,1,745,1.0
E,day_5,GCC,0.8621151271753681,0.8068171862486228,7,671,9,745,1.0
E,day_5,GCG,0.0,1.0,0,671,1,745,1.0
E,day_5,GCT,0.9711972891566265,1.0,7,671,8,745,1.0
E,day_5,GGA,0.7978375302318964,0.40864757894009973,32,671,44,745,1.0
E,day_5,GGC,0.3691542288557214,0.6265207164490731,1,671,3,745,1.0
E,day_5,GGG,,1.0,0,671,0,745,1.0
E,day_5,GGT,1.8568568568568569,0.48809835239327404,5,671,3,745,1.0
E,day_5,GTA,inf,0.4738700564971751,1,671,0,745,1.0
E,day_5,GTC,1.339483173076923,0.2829713922610838,31,671,26,745,1.0
E,day_5,GTG,1.1104477611940298,1.0,1,671,1,745,1.0
E,day_5,GTT,1.1124620060790273,0.8443908566561509,13,671,13,745,1.0
E,day_5,TAC,1.3183199778944459,0.5413206830721158,13,671,11,745,1.0
E,day_5,TAT,0.5544776119402985,1.0,1,671,2,745,1.0
E,day_5,TCA,0.0,0.5010131560559781,0,671,2,745,1.0
E,day_5,TCC,1.5354166666666667,0.3671363532629126,11,671,8,745,1.0
E,day_5,TCG,0.739412057797708,1.0,2,671,3,745,1.0
E,day_5,TCT,0.6916291291291291,0.5861646106548632,5,671,8,745,1.0
E,day_5,TGC,1.1104477611940298,1.0,1,671,1,745,1.0
E,day_5,TGG,0.44245142002989535,0.45645371468474283,2,671,5,745,1.0
E,day_5,TGT,,1.0,0,671,0,745,1.0
E,day_5,TTA,,1.0,0,671,0,745,1.0
E,day_5,TTC,1.037037037037037,1.0,14,671,15,745,1.0
E,day_5,TTG,1.6744712990936557,0.4371563531528216,9,671,6,745,1.0
E,day_5,TTT,1.1104477611940298,1.0,1,671,1,745,1.0
P,day_5,AAA,1.4921119592875318,0.3415863831584544,16,671,12,745,1.0
P,day_5,AAC,1.0020774024774948,1.0,37,671,41,745,1.0
P,day_5,AAG,1.2704848071013999,0.21981093728758488,65,671,58,745,1.0
P,day_5,AAT,2.43338399189463,0.10300785340065732,13,671,6,745,1.0
P,day_5,ACA,0.5544776119402985,1.0,1,671,2,745,1.0
P,day_5,ACC,1.225,0.6662030932278712,11,671,10,745,1.0
P,day_5,ACG,1.1104477611940298,1.0,1,671,1,745,1.0
P,day_5,ACT,1.1112781954887219,1.0,6,671,6,745,1.0
P,day_5,AGA,1.2408260795357569,0.5159460262901413,20,671,18,745,1.0
P,day_5,AGC,1.1111111111111112,1.0,5,671,5,745,1.0
P,day_5,AGG,inf,0.22437663452516418,2,671,0,745,1.0
P,day_5,AGT,2.2242152466367715,0.6061744569720449,2,671,1,745,1.0
P,day_5,ATA,1.1106128550074739,1.0,2,671,2,745,1.0
P,day_5,ATC,0.6844576050845009,0.14157286710632522,27,671,43,745,1.0
P,day_5,ATG,1.6156703816278284,0.2891744843982524,13,671,9,745,1.0
P,day_5,ATT,1.6744712990936557,0.4371563531528216,9,671,6,745,1.0
P,day_5,CAA,1.1116138763197587,1.0,8,671,8,745,1.0
P,day_5,CAC,0.9246746746746747,1.0,5,671,6,745,1.0
P,day_5,CAG,0.2764925373134328,0.37753452741512183,1,671,4,745,1.0
P,day_5,CAT,0.951235230934479,1.0,6,671,7,745,1.0
P,day_5,CCA,0.7198557692307692,0.2648510821724395,21,671,32,745,1.0
P,day_5,CCC,1.1106128550074739,1.0,2,671,2,745,1.0
P,day_5,CCG,0.5544776119402985,1.0,1,671,2,745,1.0
P,day_5,CCT,,1.0,0,671,0,745,1.0
P,day_5,CGA,,1.0,0,671,0,745,1.0
P,day_5,CGC,1.7571428571428571,0.3423937459141866,11,671,7,745,1.0
P,day_5,CGG,,1.0,0,671,0,745,1.0
P,day_5,CGT,0.8003372207390754,0.4987701893739207,24,671,33,745,1.0
P,day_5,CTA,,1.0,0,671,0,745,1.0
P,day_5,CTC,1.0094897538165315,1.0,10,671,11,745,1.0
P,day_5,CTG,1.6684131736526946,0.672456199624246,3,671,2,745,1.0
P,day_5,CTT,1.5662100456621004,0.3077637505742772,14,671,10,745,1.0
P,day_5,GAA,1.3754550792718732,0.4544643677239656,16,671,13,745,1.0
P,day_5,GAC,0.901443816698054,0.7720987309125,22,671,27,745,1.0
P,day_5,GAG,0.8898740369328605,0.5951349538424411,42,671,52,745,1.0
P,day_5,GAT,0.8855897914721444,0.591078410823028,41,671,51,745,1.0
P,day_5,GCA,inf,0.4738700564971751,1,671,0,745,1.0
P,day_5,GCC,0.5511278195488721,0.2465164953175591,6,671,12,745,1.0
P,day_5,GCG,,1.0,0,671,0,745,1.0
P,day_5,GCT,0.7098618903754855,0.5291764371153488,9,671,14,745,1.0
P,day_5,GGA,1.033579506115855,0.9202320061210875,52,671,56,745,1.0
P,day_5,GGC,inf,0.4738700564971751,1,671,0,745,1.0
P,day_5,GGG,,1.0,0,671,0,745,1.0
P,day_5,GGT,0.8518561619923193,0.834071251348169,10,671,13,745,1.0
P,day_5,GTA,0.0,1.0,0,671,1,745,1.0
P,day_5,GTC,0.5746031746031746,0.15409232325007494,11,671,21,745,1.0
P,day_5,GTG,1.1107784431137724,1.0,3,671,3,745,1.0
P,day_5,GTT,1.002959915717654,1.0,28,671,31,745,1.0
P,day_5,TAC,0.7749375142013178,0.4542947091170924,19,671,27,745,1.0
P,day_5,TAT,,1.0,0,671,0,745,1.0
P,day_5,TCA,2.2242152466367715,0.6061744569720449,2,671,1,745,1.0
P,day_5,TCC,1.1109445277361318,1.0,4,671,4,745,1.0
P,day_5,TCG,0.5531437125748503,0.5118095327709968,3,671,6,745,1.0
P,day_5,TCT,1.1111111111111112,1.0,5,671,5,745,1.0
P,day_5,TGC,0.8312030075187969,0.7935100460725923,6,671,8,745,1.0
P,day_5,TGG,2.2278860569715144,0.43103483010561827,4,671,2,745,1.0
P,day_5,TGT,0.5544776119402985,1.0,1,671,2,745,1.0
P,day_5,TTA,,1.0,0,671,0,745,1.0
P,day_5,TTC,0.921736869474779,0.8012656538113245,30,671,36,745,1.0
P,day_5,TTG,1.2559341500765697,0.6028342498174837,18,671,16,745,1.0
P,day_5,TTT,inf,0.4738700564971751,1,671,0,745,1.0
A,day_10,GCC,0.3697988904299584,0.014941585168641119,9,833,21,732,0.9114366952871082
A,day_10,AAA,0.8781664656212304,1.0,4,833,4,732,1.0
A,day_10,AAC,0.8772782503037667,0.8240772795024915,10,833,10,732,1.0
A,day_10,AAG,1.0410048790615591,0.8707165631060965,92,833,78,732,1.0
A,day_10,AAT,0.8780193236714976,1.0,5,833,5,732,1.0
A,day_10,ACA,0.0,0.21861369634671482,0,833,2,732,1.0
A,day_10,ACC,0.7273838630806846,0.3832705052255142,15,833,18,732,1.0
A,day_10,ACG,inf,1.0,1,833,0,732,1.0
A,day_10,ACT,0.8777239709443099,1.0,7,833,7,732,1.0
A,day_10,AGA,0.82059902200489,0.5915855248818869,15,833,16,732,1.0
A,day_10,AGC,1.172496984318456,1.0,4,833,3,732,1.0
A,day_10,AGG,,1.0,0,833,0,732,1.0
A,day_10,AGT,,1.0,0,833,0,732,1.0
A,day_10,ATA,,1.0,0,833,0,732,1.0
A,day_10,ATC,1.2610491025798274,0.34544686231844424,44,833,31,732,1.0
A,day_10,ATG,1.25,0.5795426282366695,17,833,12,732,1.0
A,day_10,ATT,0.975809758097581,1.0,20,833,18,732,1.0
A,day_10,CAA,0.6254313319530711,0.5638720098999532,5,833,7,732,1.0
A,day_10,CAC,1.0548972188633616,1.0,6,833,5,732,1.0
A,day_10,CAG,0.5838359469240049,0.5291015952900396,4,833,6,732,1.0
A,day_10,CAT,1.172496984318456,1.0,4,833,3,732,1.0
A,day_10,CCA,1.1021170610211706,0.7822325903947958,30,833,24,732,1.0
A,day_10,CCC,1.7593261131167268,1.0,2,833,1,732,1.0
A,day_10,CCG,0.8784596871239471,1.0,2,833,2,732,1.0
A,day_10,CCT,,1.0,0,833,0,732,1.0
A,day_10,CGA,,1.0,0,833,0,732,1.0
A,day_10,CGC,1.1758917589175892,0.7327947654543023,20,833,15,732,1.0
A,day_10,CGG,,1.0,0,833,0,732,1.0
A,day_10,CGT,1.3324968632371392,0.2946469821372111,36,833,24,732,1.0
A,day_10,CTA,0.0,0.46773162939297136,0,833,1,732,1.0
A,day_10,CTC,1.0750202757502028,1.0,11,833,9,732,1.0
A,day_10,CTG,inf,1.0,1,833,0,732,1.0
A,day_10,CTT,1.2110705596107056,0.8182416898675193,11,833,8,732,1.0
A,day_10,GAA,1.0144649870677267,1.0,30,833,26,732,1.0
A,day_10,GAC,1.1909581646423752,0.5166483969544831,35,833,26,732,1.0
A,day_10,GAG,0.747261287934863,0.1201299221361245,61,833,70,732,1.0
A,day_10,GAT,1.008371610608979,1.0,39,833,34,732,1.0
A,day_10,GCA,inf,1.0,1,833,0,732,1.0
A,day_10,GCG,,1.0,0,833,0,732,1.0
A,day_10,GCT,0.4559698151819403,0.058580374985647804,10,833,19,732,1.0
A,day_10,GGA,1.2222156851209036,0.24606877508587727,94,833,69,732,1.0
A,day_10,GGC,inf,1.0,1,833,0,732,1.0
A,day_10,GGG,inf,1.0,1,833,0,732,1.0
A,day_10,GGT,1.7648484848484849,0.39791460611520846,8,833,4,732,1.0
A,day_10,GTA,,1.0,0,833,0,732,1.0
A,day_10,GTC,0.9622512010981469,0.8995356350183454,34,833,31,732,1.0
A,day_10,GTG,0.7669491525423728,0.6156697516412653,7,833,8,732,1.0
A,day_10,GTT,1.2779843040066088,0.4480887887586593,26,833,18,732,1.0
A,day_10,TAC,0.6926708074534161,0.15867496622125798,28,833,35,732,1.0
A,day_10,TAT,0.8784596871239471,1.0,2,833,2,732,1.0
A,day_10,TCA,0.5848375451263538,0.669627561985331,2,833,3,732,1.0
A,day_10,TCC,1.2836319127628797,0.5649247509948873,16,833,11,732,1.0
A,day_10,TCG,0.6578313253012048,0.7119273076611372,3,833,4,732,1.0
A,day_10,TCT,2.059322033898305,0.3524241943260602,7,833,3,732,1.0
A,day_10,TGC,0.7669491525423728,0.6156697516412653,7,833,8,732,1.0
A,day_10,TGG,2.654126213592233,0.15452076459947786,9,833,3,732,1.0
A,day_10,TGT,0.8786057692307693,1.0,1,833,1,732,1.0
A,day_10,TTA,,1.0,0,833,0,732,1.0
A,day_10,TTC,1.161086503387181,0.6492551885789901,25,833,19,732,1.0
A,day_10,TTG,1.3859923531456377,0.6364361720501116,11,833,7,732,1.0
A,day_10,TTT,0.0,0.46773162939297136,0,833,1,732,1.0
E,day_10,ATC,0.4529048207663782,0.0019100002862977843,24,833,45,732,0.11651001746416484
E,day_10,AAA,0.5601595006934813,0.20803596532847618,9,833,14,732,1.0
E,day_10,AAC,0.7723112128146453,0.2302986271159378,51,833,57,732,1.0
E,day_10,AAG,1.0347976919536974,0.8399614857512094,144,833,123,732,1.0
E,day_10,AAT,1.588106796116505,0.4355702227048063,9,833,5,732,1.0
E,day_10,ACA,1.319277108433735,1.0,3,833,2,732,1.0
E,day_10,ACC,1.0346574053975834,1.0,20,833,17,732,1.0
E,day_10,ACG,inf,0.5017641339074872,2,833,0,732,1.0
E,day_10,ACT,1.2735772357723578,0.669574957771994,13,833,9,732,1.0
E,day_10,AGA,1.1758917589175892,0.7327947654543023,20,833,15,732,1.0
E,day_10,AGC,inf,0.2526462008612307,3,833,0,732,1.0
E,day_10,AGG,,1.0,0,833,0,732,1.0
E,day_10,AGT,,1.0,0,833,0,732,1.0
E,day_10,ATA,inf,1.0,1,833,0,732,1.0
E,day_10,ATG,1.0346574053975834,1.0,20,833,17,732,1.0
E,day_10,ATT,0.8772782503037667,0.8240772795024915,10,833,10,732,1.0
E,day_10,CAA,0.7496084913868105,0.5535385832503521,12,833,14,732,1.0
E,day_10,CAC,1.25,0.5795426282366695,17,833,12,732,1.0
E,day_10,CAG,0.8765281173594132,0.8538237229090098,15,833,15,732,1.0
E,day_10,CAT,5.3035066505441355,0.12963086093119608,6,833,1,732,1.0
E,day_10,CCA,0.9931576962448144,1.0,26,833,23,732,1.0
E,day_10,CCC,0.8784596871239471,1.0,2,833,2,732,1.0
E,day_10,CCG,0.0,0.46773162939297136,0,833,1,732,1.0
E,day_10,CCT,,1.0,0,833,0,732,1.0
E,day_10,CGA,0.0,0.46773162939297136,0,833,1,732,1.0
E,day_10,CGC,1.594601226993865,0.25729250953012517,18,833,10,732,1.0
E,day_10,CGG,,1.0,0,833,0,732,1.0
E,day_10,CGT,1.899231575270695,0.19774871621723777,15,833,7,732,1.0
E,day_10,CTA,inf,1.0,1,833,0,732,1.0
E,day_10,CTC,1.177639751552795,0.6631575065261457,28,833,21,732,1.0
E,day_10,CTG,0.8786057692307693,1.0,1,833,1,732,1.0
E,day_10,CTT,1.1002444987775062,0.848017279871548,15,833,12,732,1.0
E,day_10,GAA,1.010864197530864,1.0,23,833,20,732,1.0
E,day_10,GAC,0.9111276332094176,0.7766280192723511,26,833,25,732,1.0
E,day_10,GAG,0.7700714585960488,0.26427908844694714,40,833,45,732,1.0
E,day_10,GAT,1.1970866970866971,0.725097561192757,19,833,14,732,1.0
E,day_10,GCA,1.761158021712907,0.6908052823708866,4,833,2,732,1.0
E,day_10,GCC,0.8765281173594132,0.8538237229090098,15,833,15,732,1.0
E,day_10,GCG,0.8786057692307693,1.0,1,833,1,732,1.0
E,day_10,GCT,0.9512195121951219,1.0,13,833,12,732,1.0
E,day_10,GGA,1.2355157795572302,0.3129293481868627,61,833,44,732,1.0
E,day_10,GGC,0.8781664656212304,1.0,4,833,4,732,1.0
E,day_10,GGG,inf,1.0,1,833,0,732,1.0
E,day_10,GGT,1.4673913043478262,0.7304172108921297,5,833,3,732,1.0
E,day_10,GTA,0.8786057692307693,1.0,1,833,1,732,1.0
E,day_10,GTC,1.0263157894736843,1.0,35,833,30,732,1.0
E,day_10,GTG,4.414251207729468,0.22371039899344058,5,833,1,732,1.0
E,day_10,GTT,1.0750202757502028,1.0,11,833,9,732,1.0
E,day_10,TAC,0.94543063773833,1.0,14,833,13,732,1.0
E,day_10,TAT,inf,1.0,1,833,0,732,1.0
E,day_10,TCA,0.8783132530120482,1.0,3,833,3,732,1.0
E,day_10,TCC,0.7189542483660131,0.37073424848837166,14,833,17,732,1.0
E,day_10,TCG,1.319277108433735,1.0,3,833,2,732,1.0
E,day_10,TCT,0.656590084643289,0.5922929401908739,6,833,8,732,1.0
E,day_10,TGC,1.4673913043478262,0.7304172108921297,5,833,3,732,1.0
E,day_10,TGG,2.059322033898305,0.3524241943260602,7,833,3,732,1.0
E,day_10,TGT,inf,1.0,1,833,0,732,1.0
E,day_10,TTA,,1.0,0,833,0,732,1.0
E,day_10,TTC,1.2139334155363748,0.6232841292405393,22,833,16,732,1.0
E,day_10,TTG,0.8777239709443099,1.0,7,833,7,732,1.0
E,day_10,TTT,inf,1.0,1,833,0,732,1.0
P,day_10,GTC,3.4358024691358025,0.004432056490612618,23,833,6,732,0.2703554459273697
P,day_10,AAA,0.6720254229367231,0.4025715029222202,10,833,13,732,1.0
P,day_10,AAC,0.8734335839598998,0.6247694166403468,35,833,35,732,1.0
P,day_10,AAG,1.266086275454874,0.2645491794882967,61,833,43,732,1.0
P,day_10,AAT,2.125213154689403,0.22099952611591175,12,833,5,732,1.0
P,day_10,ACA,0.8786057692307693,1.0,1,833,1,732,1.0
P,day_10,ACC,0.9404470834788683,1.0,15,833,14,732,1.0
P,day_10,ACG,0.0,0.21861369634671482,0,833,2,732,1.0
P,day_10,ACT,1.1204351204351204,0.8418236751183458,14,833,11,732,1.0
P,day_10,AGA,1.068452380952381,1.0,17,833,14,732,1.0
P,day_10,AGC,1.619221411192214,0.46492501957697946,11,833,6,732,1.0
P,day_10,AGG,0.8786057692307693,1.0,1,833,1,732,1.0
P,day_10,AGT,0.0,0.46773162939297136,0,833,1,732,1.0
P,day_10,ATA,1.7593261131167268,1.0,2,833,1,732,1.0
P,day_10,ATC,0.90234375,0.7048445657226561,33,833,32,732,1.0
P,day_10,ATG,1.7723378212974297,0.2186676990088623,16,833,8,732,1.0
P,day_10,ATT,1.0750202757502028,1.0,11,833,9,732,1.0
P,day_10,CAA,0.8772782503037667,0.8240772795024915,10,833,10,732,1.0
P,day_10,CAC,1.0043290043290043,1.0,8,833,7,732,1.0
P,day_10,CAG,1.0990338164251208,1.0,5,833,4,732,1.0
P,day_10,CAT,1.409939393939394,0.5899069113087712,8,833,5,732,1.0
P,day_10,CCA,0.9985373537353736,1.0,25,833,22,732,1.0
P,day_10,CCC,0.4387019230769231,0.6021763526017555,1,833,2,732,1.0
P,day_10,CCG,0.8784596871239471,1.0,2,833,2,732,1.0
P,day_10,CCT,0.8786057692307693,1.0,1,833,1,732,1.0
P,day_10,CGA,inf,0.5017641339074872,2,833,0,732,1.0
P,day_10,CGC,1.3732193732193732,0.5312560004685837,14,833,9,732,1.0
P,day_10,CGG,,1.0,0,833,0,732,1.0
P,day_10,CGT,1.1027568922305764,0.7968583679786733,35,833,28,732,1.0
P,day_10,CTA,,1.0,0,833,0,732,1.0
P,day_10,CTC,1.4347560975609757,0.5116554292972557,13,833,8,732,1.0
P,day_10,CTG,0.8784596871239471,1.0,2,833,2,732,1.0
P,day_10,CTT,1.0831371810563977,0.8536092833827149,16,833,13,732,1.0
P,day_10,GAA,0.7349094891451394,0.395310334247428,16,833,19,732,1.0
P,day_10,GAC,1.2825356842989084,0.37811809532017604,39,833,27,732,1.0
P,day_10,GAG,0.838501291989664,0.3917249896296935,59,833,61,732,1.0
P,day_10,GAT,0.8087408949011446,0.295082178170309,58,833,62,732,1.0
P,day_10,GCA,0.4380264741275572,0.4271426635707182,2,833,4,732,1.0
P,day_10,GCC,1.3227771010962242,0.6540756517847903,12,833,8,732,1.0
P,day_10,GCG,inf,0.5017641339074872,2,833,0,732,1.0
P,day_10,GCT,1.2019337630584574,0.6956793155801941,15,833,11,732,1.0
P,day_10,GGA,0.8102488711540481,0.1970208137850593,84,833,89,732,1.0
P,day_10,GGC,inf,0.5017641339074872,2,833,0,732,1.0
P,day_10,GGG,,1.0,0,833,0,732,1.0
P,day_10,GGT,1.1002444987775062,0.848017279871548,15,833,12,732,1.0
P,day_10,GTA,0.8786057692307693,1.0,1,833,1,732,1.0
P,day_10,GTG,1.319277108433735,1.0,3,833,2,732,1.0
P,day_10,GTT,1.33125,0.3372338377848749,33,833,22,732,1.0
P,day_10,TAC,0.5652705432125014,0.09995319159817465,15,833,23,732,1.0
P,day_10,TAT,0.5848375451263538,0.669627561985331,2,833,3,732,1.0
P,day_10,TCA,0.4387019230769231,0.6021763526017555,1,833,2,732,1.0
P,day_10,TCC,0.4380264741275572,0.4271426635707182,2,833,4,732,1.0
P,day_10,TCG,0.2920673076923077,0.3454502088261919,1,833,3,732,1.0
P,day_10,TCT,1.172496984318456,1.0,4,833,3,732,1.0
P,day_10,TGC,1.1733333333333333,0.7956891627807242,8,833,6,732,1.0
P,day_10,TGG,2.6421686746987953,0.6276452160715535,3,833,1,732,1.0
P,day_10,TGT,0.8784596871239471,1.0,2,833,2,732,1.0
P,day_10,TTA,,1.0,0,833,0,732,1.0
P,day_10,TTC,0.7771556550951848,0.333776189710551,34,833,38,732,1.0
P,day_10,TTG,1.1002444987775062,0.848017279871548,15,833,12,732,1.0
P,day_10,TTT,0.4387019230769231,0.6021763526017555,1,833,2,732,1.0
