site,condition,codon,day_5_count,day_5_total,day_0_count,day_0_total,odds_ratio,p_value,p_adj
A,BWM,AAA,8,671,6,785,1.566616390145802,0.4316632334216386,1.0
A,BWM,AAC,8,671,7,785,1.3410902822667528,0.6108255638719632,1.0
A,BWM,AAG,108,671,110,785,1.1771354755368966,0.27011423082525876,1.0
A,BWM,AAT,8,671,4,785,2.3559577677224737,0.24389777919777245,1.0
A,BWM,ACA,2,671,3,785,0.7792725460886896,1.0,1.0
A,BWM,ACC,13,671,8,785,1.9188829787234043,0.1857223033112932,1.0
A,BWM,ACG,1,671,0,785,inf,0.4608516483516484,1.0
A,BWM,ACT,4,671,6,785,0.7786106946526736,0.7605749164587761,1.0
A,BWM,AGA,18,671,24,785,0.8740428790199081,0.754214220479704,1.0
A,BWM,AGC,5,671,6,785,0.9747247247247247,1.0,1.0
A,BWM,AGG,0,671,1,785,0.0,1.0,1.0
A,BWM,AGT,0,671,0,785,,1.0,1.0
A,BWM,ATA,1,671,0,785,inf,0.4608516483516484,1.0
A,BWM,ATC,27,671,20,785,1.6036490683229814,0.13651075848219146,1.0
A,BWM,ATG,8,671,19,785,0.48646503135667224,0.11754713272408251,1.0
A,BWM,ATT,12,671,11,785,1.2812801765760795,0.6743124147270907,1.0
A,BWM,CAA,15,671,12,785,1.4729420731707317,0.3363125028108466,1.0
A,BWM,CAC,8,671,8,785,1.1719457013574661,0.8045549046632167,1.0
A,BWM,CAG,2,671,4,785,0.5837070254110612,0.6925938867537171,1.0
A,BWM,CAT,2,671,5,785,0.4663677130044843,0.4620393018190048,1.0
A,BWM,CCA,22,671,29,785,0.8836937463471654,0.7752175216419122,1.0
A,BWM,CCC,1,671,3,785,0.3890547263681592,0.629080296831688,1.0
A,BWM,CCG,2,671,3,785,0.7792725460886896,1.0,1.0
A,BWM,CCT,0,671,1,785,0.0,1.0,1.0
A,BWM,CGA,1,671,1,785,1.1701492537313434,1.0,1.0
A,BWM,CGC,12,671,12,785,1.17298937784522,0.8369755664824667,1.0
A,BWM,CGG,0,671,0,785,,1.0,1.0
A,BWM,CGT,23,671,26,785,1.0361467236467237,1.0,1.0
A,BWM,CTA,1,671,1,785,1.1701492537313434,1.0,1.0
A,BWM,CTC,11,671,18,785,0.7101851851851851,0.4531396951913116,1.0
A,BWM,CTG,4,671,3,785,1.5632183908045978,0.7098722303603184,1.0
A,BWM,CTT,15,671,16,785,1.0989900914634145,0.856434750966095,1.0
A,BWM,GAA,24,671,28,785,1.0028703908147494,1.0,1.0
A,BWM,GAC,30,671,26,785,1.3662546501860073,0.2754682967258815,1.0
A,BWM,GAG,46,671,57,785,0.9400140350877193,0.8376472567384543,1.0
A,BWM,GAT,35,671,28,785,1.487814465408805,0.15473658966838844,1.0
A,BWM,GCA,0,671,2,785,0.0,0.5027236509195272,1.0
A,BWM,GCC,8,671,16,785,0.5799396681749623,0.22285693826745123,1.0
A,BWM,GCG,1,671,1,785,1.1701492537313434,1.0,1.0
A,BWM,GCT,7,671,11,785,0.7417853231106243,0.6376366666774751,1.0
A,BWM,GGA,42,671,59,785,0.8216431785723909,0.35415694481265775,1.0
A,BWM,GGC,0,671,2,785,0.0,0.5027236509195272,1.0
A,BWM,GGG,1,671,0,785,inf,0.4608516483516484,1.0
A,BWM,GGT,2,671,6,785,0.388141504733433,0.2997642080609727,1.0
A,BWM,GTA,0,671,1,785,0.0,1.0,1.0
A,BWM,GTC,27,671,32,785,0.9865586180124224,1.0,1.0
A,BWM,GTG,5,671,6,785,0.9747247247247247,1.0,1.0
A,BWM,GTT,21,671,15,785,1.6584615384615384,0.17498427795292162,1.0
A,BWM,TAC,25,671,44,785,0.6517379679144385,0.10758114871823443,1.0
A,BWM,TAT,3,671,4,785,0.8768712574850299,1.0,1.0
A,BWM,TCA,3,671,2,785,1.7582335329341316,0.6666320849623643,1.0
A,BWM,TCC,7,671,10,785,0.8170180722891566,0.8084909517220826,1.0
A,BWM,TCG,3,671,8,785,0.43619011976047906,0.24057071552241022,1.0
A,BWM,TCT,5,671,4,785,1.4658408408408408,0.7402937811962887,1.0
A,BWM,TGC,4,671,11,785,0.42197083276543546,0.19209087917827705,1.0
A,BWM,TGG,6,671,12,785,0.5812030075187969,0.3445247805802304,1.0
A,BWM,TGT,2,671,1,785,2.343796711509716,0.5978012472361512,1.0
A,BWM,TTA,0,671,0,785,,1.0,1.0
A,BWM,TTC,12,671,18,785,0.7759231158320687,0.5806252117146022,1.0
A,BWM,TTG,10,671,13,785,0.8984056790410799,0.8362989342389964,1.0
A,BWM,TTT,0,671,1,785,0.0,1.0,1.0
E,BWM,AAA,15,671,18,785,0.974339430894309,1.0,1.0
E,BWM,AAC,53,671,57,785,1.0953273150513825,0.6910255761605304,1.0
E,BWM,AAG,126,671,165,785,0.8687239366138448,0.2935785394713011,1.0
E,BWM,AAT,5,671,5,785,1.1711711711711712,1.0,1.0
E,BWM,ACA,2,671,2,785,1.1704035874439462,1.0,1.0
E,BWM,ACC,14,671,13,785,1.2654255941927175,0.5645089564837755,1.0
E,BWM,ACG,3,671,2,785,1.7582335329341316,0.6666320849623643,1.0
E,BWM,ACT,12,671,9,785,1.5700556398583714,0.3793003057779737,1.0
E,BWM,AGA,27,671,29,785,1.092953523238381,0.7853936609957306,1.0
E,BWM,AGC,2,671,3,785,0.7792725460886896,1.0,1.0
E,BWM,AGG,1,671,1,785,1.1701492537313434,1.0,1.0
E,BWM,AGT,0,671,2,785,0.0,0.5027236509195272,1.0
E,BWM,ATA,0,671,0,785,,1.0,1.0
E,BWM,ATC,39,671,36,785,1.2838871308016877,0.3414474304039492,1.0
E,BWM,ATG,12,671,15,785,0.9347496206373292,1.0,1.0
E,BWM,ATT,10,671,8,785,1.4693645990922843,0.4798415149224525,1.0
E,BWM,CAA,11,671,12,785,1.073611111111111,1.0,1.0
E,BWM,CAC,7,671,9,785,0.9089692101740294,1.0,1.0
E,BWM,CAG,6,671,7,785,1.0027926960257787,1.0,1.0
E,BWM,CAT,1,671,1,785,1.1701492537313434,1.0,1.0
E,BWM,CCA,20,671,32,785,0.722926267281106,0.3214841007628794,1.0
E,BWM,CCC,1,671,4,785,0.2914179104477612,0.3818004947194801,1.0
E,BWM,CCG,1,671,0,785,inf,0.4608516483516484,1.0
E,BWM,CCT,0,671,0,785,,1.0,1.0
E,BWM,CGA,0,671,0,785,,1.0,1.0
E,BWM,CGC,11,671,13,785,0.9897435897435898,1.0,1.0
E,BWM,CGG,0,671,0,785,,1.0,1.0
E,BWM,CGT,17,671,13,785,1.5436367913432134,0.2695699250176446,1.0
E,BWM,CTA,1,671,1,785,1.1701492537313434,1.0,1.0
E,BWM,CTC,15,671,24,785,0.7250381097560976,0.41600468222535814,1.0
E,BWM,CTG,1,671,2,785,0.5843283582089552,1.0,1.0
E,BWM,CTT,7,671,12,785,0.6790913654618473,0.4916581664346089,1.0
E,BWM,GAA,19,671,19,785,1.1748466257668713,0.6256485736835308,1.0
E,BWM,GAC,22,671,24,785,1.0748587570621468,0.880874251705071,1.0
E,BWM,GAG,40,671,32,785,1.4916798732171157,0.11472071573727491,1.0
E,BWM,GAT,12,671,23,785,0.6032856106089596,0.17261728954403277,1.0
E,BWM,GCA,1,671,2,785,0.5843283582089552,1.0,1.0
E,BWM,GCC,7,671,10,785,0.8170180722891566,0.8084909517220826,1.0
E,BWM,GCG,0,671,1,785,0.0,1.0,1.0
E,BWM,GCT,7,671,14,785,0.5805722891566265,0.27546757436462754,1.0
E,BWM,GGA,32,671,38,785,0.9844329132690882,1.0,1.0
E,BWM,GGC,1,671,2,785,0.5843283582089552,1.0,1.0
E,BWM,GGG,0,671,0,785,,1.0,1.0
E,BWM,GGT,5,671,7,785,0.8344058344058344,1.0,1.0
E,BWM,GTA,1,671,1,785,1.1701492537313434,1.0,1.0
E,BWM,GTC,31,671,36,785,1.0077690972222222,1.0,1.0
E,BWM,GTG,1,671,3,785,0.3890547263681592,0.629080296831688,1.0
E,BWM,GTT,13,671,13,785,1.1732522796352585,0.6966008936121425,1.0
E,BWM,TAC,13,671,16,785,0.9495630699088146,1.0,1.0
E,BWM,TAT,1,671,1,785,1.1701492537313434,1.0,1.0
E,BWM,TCA,0,671,0,785,,1.0,1.0
E,BWM,TCC,11,671,9,785,1.4370370370370371,0.5005216729553786,1.0
E,BWM,TCG,2,671,3,785,0.7792725460886896,1.0,1.0
E,BWM,TCT,5,671,6,785,0.9747247247247247,1.0,1.0
E,BWM,TGC,1,671,1,785,1.1701492537313434,1.0,1.0
E,BWM,TGG,2,671,4,785,0.5837070254110612,0.6925938867537171,1.0
E,BWM,TGT,0,671,1,785,0.0,1.0,1.0
E,BWM,TTA,0,671,0,785,,1.0,1.0
E,BWM,TTC,14,671,15,785,1.0938609842719431,0.8522475801580562,1.0
E,BWM,TTG,9,671,8,785,1.3204305135951662,0.6294415282718853,1.0
E,BWM,TTT,1,671,1,785,1.1701492537313434,1.0,1.0
P,BWM,AAA,16,671,16,785,1.1740458015267174,0.7212382645191495,1.0
P,BWM,AAC,37,671,45,785,0.9596915527514897,0.909435099717912,1.0
P,BWM,AAG,65,671,95,785,0.7790515893694633,0.15328597306638533,1.0
P,BWM,AAT,13,671,7,785,2.195831524099001,0.11329705509080593,1.0
P,BWM,ACA,1,671,1,785,1.1701492537313434,1.0,1.0
P,BWM,ACC,11,671,10,785,1.2916666666666667,0.6608817584474086,1.0
P,BWM,ACG,1,671,0,785,inf,0.4608516483516484,1.0
P,BWM,ACT,6,671,9,785,0.7779448621553885,0.7961126575432158,1.0
P,BWM,AGA,20,671,23,785,1.0178320977759967,1.0,1.0
P,BWM,AGC,5,671,6,785,0.9747247247247247,1.0,1.0
P,BWM,AGG,2,671,2,785,1.1704035874439462,1.0,1.0
P,BWM,AGT,2,671,0,785,inf,0.21221347381141192,1.0
P,BWM,ATA,2,671,2,785,1.1704035874439462,1.0,1.0
P,BWM,ATC,27,671,39,785,0.8019589106545628,0.44873198597796987,1.0
P,BWM,ATG,13,671,12,785,1.2726697061803445,0.5522792395212613,1.0
P,BWM,ATT,9,671,13,785,0.8073437136881245,0.6719117417799509,1.0
P,BWM,CAA,8,671,12,785,0.7772750125691302,0.6558674332124602,1.0
P,BWM,CAC,5,671,9,785,0.6473139806473139,0.5921340977303153,1.0
P,BWM,CAG,1,671,5,785,0.23283582089552238,0.22640379870236166,1.0
P,BWM,CAT,6,671,7,785,1.0027926960257787,1.0,1.0
P,BWM,CCA,21,671,19,785,1.30251012145749,0.42554232408451964,1.0
P,BWM,CCC,2,671,2,785,1.1704035874439462,1.0,1.0
P,BWM,CCG,1,671,2,785,0.5843283582089552,1.0,1.0
P,BWM,CCT,0,671,0,785,,1.0,1.0
P,BWM,CGA,0,671,1,785,0.0,1.0,1.0
P,BWM,CGC,11,671,9,785,1.4370370370370371,0.5005216729553786,1.0
P,BWM,CGG,0,671,0,785,,1.0,1.0
P,BWM,CGT,24,671,35,785,0.7948774563921396,0.42585136615527563,1.0
P,BWM,CTA,0,671,1,785,0.0,1.0,1.0
P,BWM,CTC,10,671,10,785,1.172465960665658,0.8225766769156844,1.0
P,BWM,CTG,3,671,4,785,0.8768712574850299,1.0,1.0
P,BWM,CTT,14,671,28,785,0.576103500761035,0.11566621234646832,1.0
P,BWM,GAA,16,671,9,785,2.1061916878710774,0.10361746549793115,1.0
P,BWM,GAC,22,671,23,785,1.1230655858511422,0.7620861697657304,1.0
P,BWM,GAG,42,671,40,785,1.2436406995230525,0.36258613449867944,1.0
P,BWM,GAT,41,671,48,785,0.999239417989418,1.0,1.0
P,BWM,GCA,1,671,1,785,1.1701492537313434,1.0,1.0
P,BWM,GCC,6,671,8,785,0.8763157894736842,1.0,1.0
P,BWM,GCG,0,671,2,785,0.0,0.5027236509195272,1.0
P,BWM,GCT,9,671,12,785,0.8757552870090635,0.8282354430697659,1.0
P,BWM,GGA,52,671,69,785,0.8717192292383695,0.5056875943469418,1.0
P,BWM,GGC,1,671,0,785,inf,0.4608516483516484,1.0
P,BWM,GGG,0,671,0,785,,1.0,1.0
P,BWM,GGT,10,671,13,785,0.8984056790410799,0.8362989342389964,1.0
P,BWM,GTA,0,671,1,785,0.0,1.0,1.0
P,BWM,GTC,11,671,14,785,0.9178571428571428,1.0,1.0
P,BWM,GTG,3,671,4,785,0.8768712574850299,1.0,1.0
P,BWM,GTT,28,671,32,785,1.0246889580093312,1.0,1.0
P,BWM,TAC,19,671,18,785,1.2417348329925018,0.6168669656009447,1.0
P,BWM,TAT,0,671,3,785,0.0,0.25408547637929085,1.0
P,BWM,TCA,2,671,2,785,1.1704035874439462,1.0,1.0
P,BWM,TCC,4,671,4,785,1.1709145427286356,1.0,1.0
P,BWM,TCG,3,671,2,785,1.7582335329341316,0.6666320849623643,1.0
P,BWM,TCT,5,671,5,785,1.1711711711711712,1.0,1.0
P,BWM,TGC,6,671,5,785,1.4075187969924812,0.7632241566639351,1.0
P,BWM,TGG,4,671,4,785,1.1709145427286356,1.0,1.0
P,BWM,TGT,1,671,0,785,inf,0.4608516483516484,1.0
P,BWM,TTA,0,671,0,785,,1.0,1.0
P,BWM,TTC,30,671,31,785,1.1383423078858639,0.6942247374225743,1.0
P,BWM,TTG,18,671,10,785,2.1362940275650844,0.05677921130327679,1.0
P,BWM,TTT,1,671,1,785,1.1701492537313434,1.0,1.0
A,control,CCA,20,745,32,605,0.4939655172413793,0.015385443818772757,0.4692560364725691
A,control,TAC,28,745,41,605,0.5371976732319624,0.013053115223476566,0.4692560364725691
A,control,GTC,36,745,15,605,1.997179125528914,0.030461883865206776,0.6193916385925378
A,control,AAA,9,745,3,605,2.453804347826087,0.24441262110650674,1.0
A,control,AAC,11,745,6,605,1.49613987284287,0.4720780204398446,1.0
A,control,AAG,105,745,90,605,0.9388020833333334,0.6976361458623961,1.0
A,control,AAT,8,745,3,605,2.178199909543193,0.3631005362254157,1.0
A,control,ACA,1,745,2,605,0.40524193548387094,0.5902016293712087,1.0
A,control,ACC,16,745,15,605,0.8632830361225423,0.7175494318068429,1.0
A,control,ACG,1,745,1,605,0.8118279569892473,1.0,1.0
A,control,ACT,10,745,5,605,1.6326530612244898,0.44085571555671466,1.0
A,control,AGA,19,745,17,605,0.9052017501215363,0.8654658362244525,1.0
A,control,AGC,3,745,2,605,1.2190026954177897,1.0,1.0
A,control,AGG,0,745,2,605,0.0,0.20065343327018645,1.0
A,control,AGT,0,745,0,605,,1.0,1.0
A,control,ATA,0,745,0,605,,1.0,1.0
A,control,ATC,35,745,21,605,1.3708920187793427,0.27548691478883613,1.0
A,control,ATG,13,745,6,605,1.7729963570127505,0.35314655877886947,1.0
A,control,ATT,18,745,8,605,1.8476616231086658,0.16665591525909562,1.0
A,control,CAA,9,745,10,605,0.7275815217391305,0.4969969958446484,1.0
A,control,CAC,9,745,7,605,1.0446428571428572,1.0,1.0
A,control,CAG,3,745,4,605,0.6074797843665768,0.7070929815685634,1.0
A,control,CAT,7,745,1,605,5.7289972899729,0.08131118219568101,1.0
A,control,CCC,1,745,2,605,0.40524193548387094,0.5902016293712087,1.0
A,control,CCG,1,745,1,605,0.8118279569892473,1.0,1.0
A,control,CCT,0,745,0,605,,1.0,1.0
A,control,CGA,0,745,0,605,,1.0,1.0
A,control,CGC,6,745,11,605,0.43843031123139375,0.13914451965541536,1.0
A,control,CGG,0,745,0,605,,1.0,1.0
A,control,CGT,20,745,20,605,0.8068965517241379,0.5222176387156156,1.0
A,control,CTA,0,745,1,605,0.0,0.4481481481481482,1.0
A,control,CTC,10,745,11,605,0.7346938775510204,0.5134819406739934,1.0
A,control,CTG,1,745,1,605,0.8118279569892473,1.0,1.0
A,control,CTT,11,745,14,605,0.6326391592059167,0.31126983915904205,1.0
A,control,GAA,28,745,23,605,0.9881753683827542,1.0,1.0
A,control,GAC,27,745,21,605,1.0457620374054915,1.0,1.0
A,control,GAG,63,745,43,605,1.2073245584123304,0.4158395095010501,1.0
A,control,GAT,28,745,22,605,1.0348675034867503,1.0,1.0
A,control,GCA,0,745,0,605,,1.0,1.0
A,control,GCC,8,745,8,605,0.8100407055630936,0.8016934387297441,1.0
A,control,GCG,0,745,0,605,,1.0,1.0
A,control,GCT,15,745,9,605,1.360730593607306,0.5381716324108283,1.0
A,control,GGA,60,745,43,605,1.1447971481921575,0.5376758950709455,1.0
A,control,GGC,0,745,0,605,,1.0,1.0
A,control,GGG,0,745,0,605,,1.0,1.0
A,control,GGT,3,745,2,605,1.2190026954177897,1.0,1.0
A,control,GTA,1,745,0,605,inf,1.0,1.0
A,control,GTG,8,745,6,605,1.0836725463591135,1.0,1.0
A,control,GTT,25,745,13,605,1.5811965811965811,0.1907578237123821,1.0
A,control,TAT,4,745,4,605,0.8110661268556005,1.0,1.0
A,control,TCA,2,745,2,605,0.8115746971736204,1.0,1.0
A,control,TCC,10,745,11,605,0.7346938775510204,0.5134819406739934,1.0
A,control,TCG,4,745,6,605,0.5389113810166442,0.3576570794786242,1.0
A,control,TCT,5,745,4,605,1.0152027027027026,1.0,1.0
A,control,TGC,7,745,5,605,1.1382113821138211,1.0,1.0
A,control,TGG,5,745,9,605,0.44744744744744747,0.17880284480589892,1.0
A,control,TGT,2,745,2,605,0.8115746971736204,1.0,1.0
A,control,TTA,0,745,0,605,,1.0,1.0
A,control,TTC,20,745,12,605,1.3632183908045976,0.4734981222333662,1.0
A,control,TTG,8,745,7,605,0.9273114944756736,1.0,1.0
A,control,TTT,1,745,1,605,0.8118279569892473,1.0,1.0
E,control,AAA,12,745,11,605,0.8840381991814461,0.8340389610079009,1.0
E,control,AAC,51,745,39,605,1.0665041010862337,0.8266484074131693,1.0
E,control,AAG,154,745,121,605,1.0423011844331642,0.7859960824743616,1.0
E,control,AAT,5,745,7,605,0.5772200772200772,0.39168166849382957,1.0
E,control,ACA,2,745,1,605,1.6258411843876177,1.0,1.0
E,control,ACC,13,745,9,605,1.1760777170613237,0.830052115952334,1.0
E,control,ACG,2,745,1,605,1.6258411843876177,1.0,1.0
E,control,ACT,8,745,6,605,1.0836725463591135,1.0,1.0
E,control,AGA,32,745,21,605,1.2481132705536633,0.4828737183685868,1.0
E,control,AGC,5,745,3,605,1.3558558558558558,0.7374087489266943,1.0
E,control,AGG,0,745,1,605,0.0,0.4481481481481482,1.0
E,control,AGT,0,745,0,605,,1.0,1.0
E,control,ATA,0,745,0,605,,1.0,1.0
E,control,ATC,39,745,40,605,0.7802762039660056,0.29584725615620044,1.0
E,control,ATG,15,745,13,605,0.9357218124341412,0.8508181788083566,1.0
E,control,ATT,11,745,9,605,0.992431123221314,1.0,1.0
E,control,CAA,15,745,5,605,2.4657534246575343,0.11063624766518249,1.0
E,control,CAC,15,745,13,605,0.9357218124341412,0.8508181788083566,1.0
E,control,CAG,12,745,6,605,1.6343792633015006,0.3520808566476728,1.0
E,control,CAT,1,745,2,605,0.40524193548387094,0.5902016293712087,1.0
E,control,CCA,14,745,24,605,0.4636342909256726,0.030193230959768308,1.0
E,control,CCC,0,745,1,605,0.0,0.4481481481481482,1.0
E,control,CCG,0,745,1,605,0.0,0.4481481481481482,1.0
E,control,CCT,0,745,1,605,0.0,0.4481481481481482,1.0
E,control,CGA,0,745,0,605,,1.0,1.0
E,control,CGC,10,745,6,605,1.3582766439909297,0.6206747968103894,1.0
E,control,CGG,0,745,0,605,,1.0,1.0
E,control,CGT,15,745,10,605,1.2226027397260273,0.6884311310493971,1.0
E,control,CTA,0,745,0,605,,1.0,1.0
E,control,CTC,13,745,13,605,0.8087431693989071,0.6914918615068986,1.0
E,control,CTG,0,745,2,605,0.0,0.20065343327018645,1.0
E,control,CTT,8,745,5,605,1.3025780189959295,0.7822807639237195,1.0
E,control,GAA,23,745,15,605,1.2530009233610342,0.62020593020507,1.0
E,control,GAC,24,745,20,605,0.9736477115117892,1.0,1.0
E,control,GAG,59,745,32,605,1.5400419096209912,0.06329598128933146,1.0
E,control,GAT,16,745,16,605,0.8079561042524005,0.5921643379383609,1.0
E,control,GCA,1,745,1,605,0.8118279569892473,1.0,1.0
E,control,GCC,9,745,10,605,0.7275815217391305,0.4969969958446484,1.0
E,control,GCG,1,745,0,605,inf,1.0,1.0
E,control,GCT,8,745,5,605,1.3025780189959295,0.7822807639237195,1.0
E,control,GGA,44,745,32,605,1.1239300998573467,0.6373309942620037,1.0
E,control,GGC,3,745,1,605,2.442048517520216,0.6324896572237713,1.0
E,control,GGG,0,745,0,605,,1.0,1.0
E,control,GGT,3,745,3,605,0.8113207547169812,1.0,1.0
E,control,GTA,0,745,1,605,0.0,0.4481481481481482,1.0
E,control,GTC,26,745,30,605,0.6930922577654149,0.2165387978320042,1.0
E,control,GTG,1,745,6,605,0.13418458781362008,0.0499553170427131,1.0
E,control,GTT,13,745,9,605,1.1760777170613237,0.830052115952334,1.0
E,control,TAC,11,745,11,605,0.8092643051771117,0.6692728193507087,1.0
E,control,TAT,2,745,1,605,1.6258411843876177,1.0,1.0
E,control,TCA,2,745,2,605,0.8115746971736204,1.0,1.0
E,control,TCC,8,745,5,605,1.3025780189959295,0.7822807639237195,1.0
E,control,TCG,3,745,1,605,2.442048517520216,0.6324896572237713,1.0
E,control,TCT,8,745,6,605,1.0836725463591135,1.0,1.0
E,control,TGC,1,745,0,605,inf,1.0,1.0
E,control,TGG,5,745,3,605,1.3558558558558558,0.7374087489266943,1.0
E,control,TGT,0,745,1,605,0.0,0.4481481481481482,1.0
E,control,TTA,0,745,0,605,,1.0,1.0
E,control,TTC,15,745,14,605,0.8674168297455969,0.7103892918753344,1.0
E,control,TTG,6,745,8,605,0.6058863328822733,0.4223853300747983,1.0
E,control,TTT,1,745,1,605,0.8118279569892473,1.0,1.0
P,control,AAA,12,745,11,605,0.8840381991814461,0.8340389610079009,1.0
P,control,AAC,41,745,28,605,1.2001318993506493,0.5348583064676895,1.0
P,control,AAG,58,745,63,605,0.7263233289434162,0.1033847171876311,1.0
P,control,AAT,6,745,8,605,0.6058863328822733,0.4223853300747983,1.0
P,control,ACA,2,745,3,605,0.5401525347689546,0.6618868441273678,1.0
P,control,ACC,10,745,8,605,1.0153061224489797,1.0,1.0
P,control,ACG,1,745,0,605,inf,1.0,1.0
P,control,ACT,6,745,8,605,0.6058863328822733,0.4223853300747983,1.0
P,control,AGA,18,745,19,605,0.7636284659378846,0.5031297028237707,1.0
P,control,AGC,5,745,5,605,0.8108108108108109,0.7599674488083554,1.0
P,control,AGG,0,745,2,605,0.0,0.20065343327018645,1.0
P,control,AGT,1,745,0,605,inf,1.0,1.0
P,control,ATA,2,745,2,605,0.8115746971736204,1.0,1.0
P,control,ATC,43,745,31,605,1.1341788438562632,0.6322753047000739,1.0
P,control,ATG,9,745,8,605,0.9125339673913043,1.0,1.0
P,control,ATT,6,745,12,605,0.40121786197564274,0.09227464953231906,1.0
P,control,CAA,8,745,9,605,0.7188300919644203,0.6250980268399386,1.0
P,control,CAC,6,745,7,605,0.6936013918422579,0.5814347686433505,1.0
P,control,CAG,4,745,2,605,1.6275303643724697,0.6968293933216397,1.0
P,control,CAT,7,745,6,605,0.9469286359530262,1.0,1.0
P,control,CCA,32,745,21,605,1.2481132705536633,0.4828737183685868,1.0
P,control,CCC,2,745,1,605,1.6258411843876177,1.0,1.0
P,control,CCG,2,745,0,605,inf,0.5050105702440766,1.0
P,control,CCT,0,745,0,605,,1.0,1.0
P,control,CGA,0,745,0,605,,1.0,1.0
P,control,CGC,7,745,7,605,0.8102981029810298,0.7896900572980432,1.0
P,control,CGG,0,745,0,605,,1.0,1.0
P,control,CGT,33,745,28,605,0.9551063402889246,0.8956142404096425,1.0
P,control,CTA,0,745,0,605,,1.0,1.0
P,control,CTC,11,745,7,605,1.2802646944336318,0.6430520371388689,1.0
P,control,CTG,2,745,3,605,0.5401525347689546,0.6618868441273678,1.0
P,control,CTT,10,745,13,605,0.619570905285191,0.2934286325524986,1.0
P,control,GAA,13,745,17,605,0.6142719382835101,0.1984112634017952,1.0
P,control,GAC,27,745,22,605,0.9965181058495822,1.0,1.0
P,control,GAG,52,745,39,605,1.088985088985089,0.7439260308175106,1.0
P,control,GAT,51,745,40,605,1.0380043227665705,0.9133007995422391,1.0
P,control,GCA,0,745,0,605,,1.0,1.0
P,control,GCC,12,745,6,605,1.6343792633015006,0.3520808566476728,1.0
P,control,GCG,0,745,0,605,,1.0,1.0
P,control,GCT,14,745,8,605,1.4292065663474691,0.5189844997940657,1.0
P,control,GGA,56,745,44,605,1.0362844702467344,0.9169354231753664,1.0
P,control,GGC,0,745,0,605,,1.0,1.0
P,control,GGG,0,745,0,605,,1.0,1.0
P,control,GGT,13,745,10,605,1.0566939890710383,1.0,1.0
P,control,GTA,1,745,1,605,0.8118279569892473,1.0,1.0
P,control,GTC,21,745,13,605,1.3208669783255418,0.4877859641071126,1.0
P,control,GTG,3,745,1,605,2.442048517520216,0.6324896572237713,1.0
P,control,GTT,31,745,27,605,0.9294532627865961,0.7889715217446515,1.0
P,control,TAC,27,745,12,605,1.8582869080779945,0.10112860259416989,1.0
P,control,TAT,0,745,1,605,0.0,0.4481481481481482,1.0
P,control,TCA,1,745,3,605,0.26971326164874554,0.3310987249028688,1.0
P,control,TCC,4,745,0,605,inf,0.13252458808022927,1.0
P,control,TCG,6,745,3,605,1.6292286874154263,0.73901325582595,1.0
P,control,TCT,5,745,3,605,1.3558558558558558,0.7374087489266943,1.0
P,control,TGC,8,745,2,605,3.272727272727273,0.19980658898056305,1.0
P,control,TGG,2,745,3,605,0.5401525347689546,0.6618868441273678,1.0
P,control,TGT,2,745,1,605,1.6258411843876177,1.0,1.0
P,control,TTA,0,745,0,605,,1.0,1.0
P,control,TTC,36,745,25,605,1.1779971791255288,0.5990738664300035,1.0
P,control,TTG,16,745,10,605,1.3058984910836762,0.5558663969572725,1.0
P,control,TTT,0,745,2,605,0.0,0.20065343327018645,1.0
