site,condition,amino_acid,day_10_count,day_10_total,day_0_count,day_0_total,odds_ratio,p_value,p_adj
A,BWM,I,64,833,31,785,2.024245983472461,0.0014394367950185674,0.028788735900371346
A,BWM,G,104,833,67,785,1.5288168212435764,0.01196673587461814,0.1196673587461814
A,BWM,Y,30,833,48,785,0.5736301369863014,0.020108405300669388,0.13405603533779592
A,BWM,L,34,833,51,785,0.6124322069253233,0.033879097951246384,0.16939548975623192
A,BWM,K,96,833,116,785,0.7512281850933421,0.055455296799285764,0.22182118719714305
A,BWM,A,20,833,30,785,0.6191061910619107,0.1140271457318705,0.3800904857729017
A,BWM,D,74,833,54,785,1.3198165227150735,0.14121998575486067,0.3932454924873413
A,BWM,Q,9,833,16,785,0.5249544902912622,0.15729819699493652,0.3932454924873413
A,BWM,C,8,833,12,785,0.6246464646464647,0.3701733201383609,0.7378864801127828
A,BWM,F,25,833,19,785,1.2473944762897342,0.5417479275485627,0.7378864801127828
A,BWM,H,10,833,13,785,0.7215627628750351,0.5302102710233454,0.7378864801127828
A,BWM,M,17,833,19,785,0.8399122807017544,0.6176120385166408,0.7378864801127828
A,BWM,N,15,833,11,785,1.2902867303845298,0.5585931788407126,0.7378864801127828
A,BWM,P,34,833,36,785,0.8853427895981087,0.6272035080958653,0.7378864801127828
A,BWM,T,23,833,17,785,1.282788671023965,0.522466074942192,0.7378864801127828
A,BWM,V,67,833,54,785,1.1840489314379654,0.3956411992620833,0.7378864801127828
A,BWM,W,9,833,12,785,0.7035800970873787,0.5120121913673613,0.7378864801127828
A,BWM,R,71,833,64,785,1.049684219160105,0.8573220712445379,0.9525800791605976
A,BWM,E,91,833,85,785,1.0099889012208656,1.0,1.0
A,BWM,S,32,833,30,785,1.0054099042863087,1.0,1.0
E,BWM,K,153,833,183,785,0.7401639344262295,0.01670786113508463,0.33415722270169257
E,BWM,H,23,833,10,785,2.200617283950617,0.035844774720522776,0.35844774720522776
E,BWM,G,71,833,47,785,1.463059138884235,0.055620963962530634,0.3708064264168709
E,BWM,A,33,833,27,785,1.1580555555555556,0.6009362434076031,0.7594863485676615
E,BWM,C,6,833,2,785,2.8403869407496978,0.28958092043944517,0.7594863485676615
E,BWM,D,45,833,47,785,0.896695107463009,0.6678002418493771,0.7594863485676615
E,BWM,E,63,833,51,785,1.1775401069518716,0.43733774388218083,0.7594863485676615
E,BWM,F,23,833,16,785,1.3647376543209877,0.41801900717899837,0.7594863485676615
E,BWM,I,35,833,44,785,0.7386363636363636,0.2052441363322166,0.7594863485676615
E,BWM,M,20,833,15,785,1.2628126281262813,0.6086822944050567,0.7594863485676615
E,BWM,N,60,833,62,785,0.9051454325418353,0.6379977853028502,0.7594863485676615
E,BWM,P,28,833,36,785,0.7236714975845411,0.25064331803349466,0.7594863485676615
E,BWM,Q,27,833,19,785,1.3505289277785033,0.3702135472360966,0.7594863485676615
E,BWM,R,53,833,56,785,0.8845467032967033,0.5528593870483702,0.7594863485676615
E,BWM,S,29,833,23,785,1.1950032446463335,0.5743221031739763,0.7594863485676615
E,BWM,T,38,833,26,785,1.395355587808418,0.20465686240465258,0.7594863485676615
E,BWM,V,52,833,53,785,0.9195757736815403,0.687606763367596,0.7594863485676615
E,BWM,W,7,833,4,785,1.6546610169491525,0.5494257148996708,0.7594863485676615
E,BWM,Y,15,833,17,785,0.8284193873148281,0.7215120311392784,0.7594863485676615
E,BWM,L,52,833,47,785,1.0454681668346637,0.8365018280196879,0.8365018280196879
P,BWM,K,71,833,111,785,0.5657704949043532,0.0003819129744336208,0.0076382594886724164
P,BWM,E,75,833,49,785,1.4861881428032955,0.03971312577090089,0.39713125770900887
P,BWM,D,97,833,71,785,1.3253597672994488,0.0876297967411041,0.5841986449406941
P,BWM,A,31,833,23,785,1.2806028407242762,0.40802836832460043,0.83281892046704
P,BWM,C,10,833,5,785,1.8955042527339003,0.3027288897570103,0.83281892046704
P,BWM,G,101,833,82,785,1.182910169265627,0.3076012720260719,0.83281892046704
P,BWM,I,46,833,54,785,0.7912372346933974,0.30164663670931924,0.83281892046704
P,BWM,L,46,833,53,785,0.8072690657140802,0.3503813957309633,0.83281892046704
P,BWM,T,30,833,20,785,1.4290161892901618,0.25123111251030694,0.83281892046704
P,BWM,Y,17,833,21,785,0.7579365079365079,0.41640946023352,0.83281892046704
P,BWM,M,16,833,12,785,1.2615259077927377,0.5730578412411401,0.8488376836932687
P,BWM,N,47,833,52,785,0.8428997846936779,0.46775156708173193,0.8488376836932687
P,BWM,P,29,833,23,785,1.1950032446463335,0.5743221031739763,0.8488376836932687
P,BWM,Q,15,833,17,785,0.8284193873148281,0.7215120311392784,0.8488376836932687
P,BWM,R,69,833,70,785,0.9224943904263276,0.65825443136193,0.8488376836932687
P,BWM,V,60,833,51,785,1.117114374857317,0.6230878536800546,0.8488376836932687
P,BWM,W,3,833,4,785,0.7057228915662651,0.7186430715598071,0.8488376836932687
P,BWM,S,19,833,19,785,0.941031941031941,0.8710348659040681,0.9678165176711868
P,BWM,F,35,833,32,785,1.0320723684210527,1.0,1.0
P,BWM,H,16,833,16,785,0.9412484700122399,1.0,1.0
A,control,A,40,732,17,605,1.999319959197552,0.02016764419146657,0.2772987041878122
A,control,K,82,732,93,605,0.6945244003308519,0.02772987041878122,0.2772987041878122
A,control,W,3,732,9,605,0.27251943301326015,0.044044626007853895,0.2936308400523593
A,control,L,25,732,34,605,0.5938514019469174,0.060637680896120885,0.295707412938046
A,control,P,27,732,35,605,0.6237082066869301,0.08871222388141378,0.295707412938046
A,control,Y,37,732,45,605,0.6625099920063949,0.08541412467696309,0.295707412938046
A,control,G,73,732,45,605,1.3785196425560613,0.12101634072367926,0.31825550049670037
A,control,V,57,732,34,605,1.4181699346405228,0.12730220019868016,0.31825550049670037
A,control,I,49,732,29,605,1.4249507749785428,0.15971123930556613,0.35491386512348033
A,control,E,96,732,66,605,1.2327044025157232,0.23876175991419119,0.47752351982838237
A,control,M,12,732,6,605,1.663888888888889,0.34873691918357447,0.6340671257883171
A,control,D,60,732,43,605,1.1669435215946844,0.4726227707534856,0.7193742047033289
A,control,F,20,732,13,605,1.2791702679343129,0.5961927314009088,0.7193742047033289
A,control,N,15,732,9,605,1.3854021385402138,0.5367604885579227,0.7193742047033289
A,control,Q,13,732,14,605,0.7632624677130936,0.5596326107588225,0.7193742047033289
A,control,R,55,732,50,605,0.9017725258493353,0.6114680739978295,0.7193742047033289
A,control,S,24,732,25,605,0.7864406779661017,0.4654220301245355,0.7193742047033289
A,control,H,8,732,8,605,0.824585635359116,0.8024073348829033,0.8915637054254482
A,control,C,9,732,7,605,1.063426200355661,1.0,1.0
A,control,T,27,732,23,605,0.9691026827012026,1.0,1.0
E,control,Q,29,732,11,605,2.2275960170697013,0.023798540268835083,0.47597080537670167
E,control,A,30,732,16,605,1.5731837606837606,0.1750977364821313,0.710158070873214
E,control,K,137,732,132,605,0.8250700280112044,0.1706123097750901,0.710158070873214
E,control,R,33,732,38,605,0.7044273774565168,0.1775395177183035,0.710158070873214
E,control,V,41,732,46,605,0.7210407097464292,0.1485079364641196,0.710158070873214
E,control,S,30,732,17,605,1.4781297134238311,0.23373960080499068,0.7791320026833023
E,control,E,65,732,47,605,1.156974704137293,0.48878300752529913,0.8407171977551883
E,control,G,51,732,36,605,1.1836759667156143,0.5044303186531129,0.8407171977551883
E,control,H,13,732,15,605,0.7111729253592953,0.44395495196001467,0.8407171977551883
E,control,L,41,732,28,605,1.2227103576597065,0.45778127900403975,0.8407171977551883
E,control,P,26,732,27,605,0.7883747770433323,0.40213943843928857,0.8407171977551883
E,control,T,28,732,17,605,1.375668449197861,0.36148537262314906,0.8407171977551883
E,control,C,3,732,1,605,2.48559670781893,0.6311947786047365,0.8463218656742857
E,control,D,39,732,36,605,0.8894901394901394,0.6347413992557143,0.8463218656742857
E,control,N,62,732,46,605,1.1245295262816353,0.6145578417238113,0.8463218656742857
E,control,F,16,732,15,605,0.8789571694599627,0.7197878256733066,0.8922814369888323
E,control,I,55,732,49,605,0.9218340216441082,0.7584392214405075,0.8922814369888323
E,control,M,17,732,13,605,1.0827326519634213,0.8553646071070702,0.9003837969548106
E,control,Y,13,732,12,605,0.8934863235975893,0.8406790720468147,0.9003837969548106
E,control,W,3,732,3,605,0.8257887517146777,1.0,1.0
P,control,G,101,732,54,605,1.633239420085696,0.005959139842692531,0.059591398426925304
P,control,K,56,732,74,605,0.5944346713577483,0.005357869473478886,0.059591398426925304
P,control,V,31,732,42,605,0.5927926091977447,0.039159867471098765,0.2610657831406584
P,control,R,52,732,56,605,0.7496848739495798,0.15890289512678682,0.6356115805071473
P,control,Y,26,732,13,605,1.6770538243626063,0.14365015607959167,0.6356115805071473
P,control,C,8,732,3,605,2.2173112338858196,0.3627808179361499,0.7255616358722998
P,control,D,89,732,62,605,1.2122359905684041,0.2978695519357678,0.7255616358722998
P,control,E,80,732,56,605,1.202892199824715,0.3193052915000833,0.7255616358722998
P,control,I,42,732,45,605,0.7574879227053141,0.22166835367748144,0.7255616358722998
P,control,W,1,732,3,605,0.27450980392156865,0.3340338386284206,0.7255616358722998
P,control,A,23,732,14,605,1.3694338101954464,0.40490425859654766,0.7361895610846321
P,control,F,40,732,27,605,1.2374223934917576,0.4508220612626427,0.7513701021044045
P,control,H,12,732,13,605,0.7589743589743589,0.5461315372609266,0.7891832374066559
P,control,T,28,732,19,605,1.2266746411483254,0.5524282661846591,0.7891832374066559
P,control,L,35,732,33,605,0.8703969392635102,0.6178322409695429,0.8237763212927238
P,control,N,40,732,36,605,0.9136159280667951,0.723011015741577,0.9037637696769713
P,control,M,8,732,8,605,0.824585635359116,0.8024073348829033,0.9440086292740039
P,control,S,19,732,14,605,1.1249248647565617,0.8598914059883978,0.9554348955426643
P,control,P,27,732,22,605,1.0148936170212766,1.0,1.0
P,control,Q,14,732,11,605,1.052924791086351,1.0,1.0
