transcript,cds_len_nt,n_codons,codon_index,nt_index,frac_position,codons_to_end,stop_codon,recoding,AA_3_reads,AA_4_reads,Ch_WAA2_reads,total_reads
ENSMUST00000082405.1|ENSMUSG00000064354.1|-|-|mt-Co2-201|mt-Co2|684|CDS:1-684|,681,227,103,309,0.4537,123,TGA,Sec (selenocysteine),0.0,15.0,11.0,26.0
ENSMUST00000082407.1|ENSMUSG00000064356.3|-|-|mt-Atp8-201|mt-Atp8|204|CDS:1-204|,201,67,54,162,0.806,12,TGA,Sec (selenocysteine),5.0,16.0,1.0,22.0
ENSMUST00000082407.1|ENSMUSG00000064356.3|-|-|mt-Atp8-201|mt-Atp8|204|CDS:1-204|,201,67,50,150,0.7463,16,TGA,Sec (selenocysteine),3.0,7.0,1.0,11.0
ENSMUST00000082402.1|ENSMUSG00000064351.1|-|-|mt-Co1-201|mt-Co1|1545|CDS:1-1545|,1542,514,449,1347,0.8735,64,TGA,Sec (selenocysteine),2.0,2.0,5.0,9.0
ENSMUST00000082408.1|ENSMUSG00000064357.1|-|-|mt-Atp6-201|mt-Atp6|681|CDS:1-681|,678,226,47,141,0.208,178,TGA,Sec (selenocysteine),1.0,5.0,3.0,9.0
ENSMUST00000082402.1|ENSMUSG00000064351.1|-|-|mt-Co1-201|mt-Co1|1545|CDS:1-1545|,1542,514,185,555,0.3599,328,TGA,Sec (selenocysteine),0.0,6.0,2.0,8.0
ENSMUST00000082402.1|ENSMUSG00000064351.1|-|-|mt-Co1-201|mt-Co1|1545|CDS:1-1545|,1542,514,274,822,0.5331,239,TGA,Sec (selenocysteine),0.0,6.0,2.0,8.0
ENSMUST00000082402.1|ENSMUSG00000064351.1|-|-|mt-Co1-201|mt-Co1|1545|CDS:1-1545|,1542,514,395,1185,0.7685,118,TGA,Sec (selenocysteine),1.0,5.0,1.0,7.0
ENSMUST00000082392.1|ENSMUSG00000064341.1|-|-|mt-Nd1-201|mt-Nd1|957|CDS:1-957|,954,318,120,360,0.3774,197,TGA,Sec (selenocysteine),0.0,6.0,0.0,6.0
ENSMUST00000082392.1|ENSMUSG00000064341.1|-|-|mt-Nd1-201|mt-Nd1|957|CDS:1-957|,954,318,184,552,0.5786,133,TGA,Sec (selenocysteine),0.0,2.0,4.0,6.0
ENSMUST00000082402.1|ENSMUSG00000064351.1|-|-|mt-Co1-201|mt-Co1|1545|CDS:1-1545|,1542,514,339,1017,0.6595,174,TGA,Sec (selenocysteine),1.0,4.0,0.0,5.0
ENSMUST00000082405.1|ENSMUSG00000064354.1|-|-|mt-Co2-201|mt-Co2|684|CDS:1-684|,681,227,162,486,0.7137,64,TGA,Sec (selenocysteine),2.0,3.0,0.0,5.0
ENSMUST00000082408.1|ENSMUSG00000064357.1|-|-|mt-Atp6-201|mt-Atp6|681|CDS:1-681|,678,226,67,201,0.2965,158,TGA,Sec (selenocysteine),0.0,2.0,3.0,5.0
ENSMUST00000082396.1|ENSMUSG00000064345.1|-|-|mt-Nd2-201|mt-Nd2|1038|CDS:1-1038|,1035,345,233,699,0.6754,111,TGA,Sec (selenocysteine),1.0,2.0,1.0,4.0
ENSMUST00000082402.1|ENSMUSG00000064351.1|-|-|mt-Co1-201|mt-Co1|1545|CDS:1-1545|,1542,514,24,72,0.0467,489,TGA,Sec (selenocysteine),0.0,4.0,0.0,4.0
ENSMUST00000082402.1|ENSMUSG00000064351.1|-|-|mt-Co1-201|mt-Co1|1545|CDS:1-1545|,1542,514,80,240,0.1556,433,TGA,Sec (selenocysteine),0.0,2.0,2.0,4.0
ENSMUST00000082402.1|ENSMUSG00000064351.1|-|-|mt-Co1-201|mt-Co1|1545|CDS:1-1545|,1542,514,125,375,0.2432,388,TGA,Sec (selenocysteine),1.0,1.0,2.0,4.0
ENSMUST00000082402.1|ENSMUSG00000064351.1|-|-|mt-Co1-201|mt-Co1|1545|CDS:1-1545|,1542,514,287,861,0.5584,226,TGA,Sec (selenocysteine),1.0,2.0,1.0,4.0
ENSMUST00000082418.1|ENSMUSG00000064367.1|-|-|mt-Nd5-201|mt-Nd5|1824|CDS:1-1824|,1821,607,105,315,0.173,501,TGA,Sec (selenocysteine),0.0,3.0,1.0,4.0
ENSMUST00000082418.1|ENSMUSG00000064367.1|-|-|mt-Nd5-201|mt-Nd5|1824|CDS:1-1824|,1821,607,187,561,0.3081,419,TGA,Sec (selenocysteine),0.0,2.0,2.0,4.0
ENSMUST00000082418.1|ENSMUSG00000064367.1|-|-|mt-Nd5-201|mt-Nd5|1824|CDS:1-1824|,1821,607,195,585,0.3213,411,TGA,Sec (selenocysteine),1.0,2.0,1.0,4.0
ENSMUST00000082392.1|ENSMUSG00000064341.1|-|-|mt-Nd1-201|mt-Nd1|957|CDS:1-957|,954,318,117,351,0.3679,200,TGA,Sec (selenocysteine),0.0,3.0,0.0,3.0
ENSMUST00000082392.1|ENSMUSG00000064341.1|-|-|mt-Nd1-201|mt-Nd1|957|CDS:1-957|,954,318,302,906,0.9497,15,TGA,Sec (selenocysteine),0.0,3.0,0.0,3.0
ENSMUST00000082396.1|ENSMUSG00000064345.1|-|-|mt-Nd2-201|mt-Nd2|1038|CDS:1-1038|,1035,345,83,249,0.2406,261,TGA,Sec (selenocysteine),1.0,0.0,2.0,3.0
ENSMUST00000082402.1|ENSMUSG00000064351.1|-|-|mt-Co1-201|mt-Co1|1545|CDS:1-1545|,1542,514,102,306,0.1984,411,TGA,Sec (selenocysteine),1.0,1.0,1.0,3.0
ENSMUST00000082402.1|ENSMUSG00000064351.1|-|-|mt-Co1-201|mt-Co1|1545|CDS:1-1545|,1542,514,333,999,0.6479,180,TGA,Sec (selenocysteine),0.0,3.0,0.0,3.0
ENSMUST00000082411.1|ENSMUSG00000064360.1|-|-|mt-Nd3-201|mt-Nd3|348|CDS:1-348|,345,115,76,228,0.6609,38,TGA,Sec (selenocysteine),0.0,2.0,1.0,3.0
ENSMUST00000082418.1|ENSMUSG00000064367.1|-|-|mt-Nd5-201|mt-Nd5|1824|CDS:1-1824|,1821,607,143,429,0.2356,463,TGA,Sec (selenocysteine),0.0,3.0,0.0,3.0
ENSMUST00000105372.7|ENSMUSG00000075706.10|OTTMUSG00000019111.3|OTTMUST00000045762.1|Gpx4-202|Gpx4|959|UTR5:1-144|CDS:145-738|UTR3:739-959|,591,197,72,216,0.3655,124,TGA,Sec (selenocysteine),2.0,1.0,0.0,3.0
ENSMUST00000082396.1|ENSMUSG00000064345.1|-|-|mt-Nd2-201|mt-Nd2|1038|CDS:1-1038|,1035,345,263,789,0.7623,81,TGA,Sec (selenocysteine),0.0,1.0,1.0,2.0
ENSMUST00000082402.1|ENSMUSG00000064351.1|-|-|mt-Co1-201|mt-Co1|1545|CDS:1-1545|,1542,514,322,966,0.6265,191,TGA,Sec (selenocysteine),0.0,2.0,0.0,2.0
ENSMUST00000082402.1|ENSMUSG00000064351.1|-|-|mt-Co1-201|mt-Co1|1545|CDS:1-1545|,1542,514,472,1416,0.9183,41,TGA,Sec (selenocysteine),1.0,1.0,0.0,2.0
ENSMUST00000082402.1|ENSMUSG00000064351.1|-|-|mt-Co1-201|mt-Co1|1545|CDS:1-1545|,1542,514,493,1479,0.9591,20,TGA,Sec (selenocysteine),0.0,0.0,2.0,2.0
ENSMUST00000082405.1|ENSMUSG00000064354.1|-|-|mt-Co2-201|mt-Co2|684|CDS:1-684|,681,227,105,315,0.4626,121,TGA,Sec (selenocysteine),1.0,1.0,0.0,2.0
ENSMUST00000082408.1|ENSMUSG00000064357.1|-|-|mt-Atp6-201|mt-Atp6|681|CDS:1-681|,678,226,108,324,0.4779,117,TGA,Sec (selenocysteine),0.0,2.0,0.0,2.0
ENSMUST00000082392.1|ENSMUSG00000064341.1|-|-|mt-Nd1-201|mt-Nd1|957|CDS:1-957|,954,318,85,255,0.2673,232,TGA,Sec (selenocysteine),0.0,0.0,1.0,1.0
ENSMUST00000082392.1|ENSMUSG00000064341.1|-|-|mt-Nd1-201|mt-Nd1|957|CDS:1-957|,954,318,172,516,0.5409,145,TGA,Sec (selenocysteine),0.0,0.0,1.0,1.0
ENSMUST00000082392.1|ENSMUSG00000064341.1|-|-|mt-Nd1-201|mt-Nd1|957|CDS:1-957|,954,318,178,534,0.5597,139,TGA,Sec (selenocysteine),0.0,1.0,0.0,1.0
ENSMUST00000082392.1|ENSMUSG00000064341.1|-|-|mt-Nd1-201|mt-Nd1|957|CDS:1-957|,954,318,289,867,0.9088,28,TGA,Sec (selenocysteine),0.0,0.0,1.0,1.0
ENSMUST00000082396.1|ENSMUSG00000064345.1|-|-|mt-Nd2-201|mt-Nd2|1038|CDS:1-1038|,1035,345,29,87,0.0841,315,TGA,Sec (selenocysteine),1.0,0.0,0.0,1.0
ENSMUST00000082396.1|ENSMUSG00000064345.1|-|-|mt-Nd2-201|mt-Nd2|1038|CDS:1-1038|,1035,345,166,498,0.4812,178,TGA,Sec (selenocysteine),0.0,1.0,0.0,1.0
ENSMUST00000082402.1|ENSMUSG00000064351.1|-|-|mt-Co1-201|mt-Co1|1545|CDS:1-1545|,1542,514,408,1224,0.7938,105,TGA,Sec (selenocysteine),0.0,1.0,0.0,1.0
ENSMUST00000082418.1|ENSMUSG00000064367.1|-|-|mt-Nd5-201|mt-Nd5|1824|CDS:1-1824|,1821,607,67,201,0.1104,539,TGA,Sec (selenocysteine),1.0,0.0,0.0,1.0
ENSMUST00000082418.1|ENSMUSG00000064367.1|-|-|mt-Nd5-201|mt-Nd5|1824|CDS:1-1824|,1821,607,406,1218,0.6689,200,TGA,Sec (selenocysteine),0.0,1.0,0.0,1.0
ENSMUST00000082419.1|ENSMUSG00000064368.1|-|-|mt-Nd6-201|mt-Nd6|519|CDS:1-519|,516,172,85,255,0.4942,86,TGA,Sec (selenocysteine),0.0,1.0,0.0,1.0
ENSMUST00000082419.1|ENSMUSG00000064368.1|-|-|mt-Nd6-201|mt-Nd6|519|CDS:1-519|,516,172,156,468,0.907,15,TGA,Sec (selenocysteine),1.0,0.0,0.0,1.0
ENSMUST00000056589.13|ENSMUSG00000046750.17|OTTMUSG00000021137.3|OTTMUST00000050039.3|Selenov-201|Selenov|1267|UTR5:1-109|CDS:110-1096|UTR3:1097-1267|,984,328,254,762,0.7744,73,TGA,Sec (selenocysteine),0.0,0.0,0.0,0.0
ENSMUST00000060435.6|ENSMUSG00000050989.9|OTTMUSG00000011213.4|OTTMUST00000026309.1|Selenon-201|Selenon|3445|UTR5:1-47|CDS:48-1721|UTR3:1722-3445|,1671,557,427,1281,0.7666,129,TGA,Sec (selenocysteine),0.0,0.0,0.0,0.0
ENSMUST00000082396.1|ENSMUSG00000064345.1|-|-|mt-Nd2-201|mt-Nd2|1038|CDS:1-1038|,1035,345,113,339,0.3275,231,TGA,Sec (selenocysteine),0.0,0.0,0.0,0.0
ENSMUST00000082396.1|ENSMUSG00000064345.1|-|-|mt-Nd2-201|mt-Nd2|1038|CDS:1-1038|,1035,345,132,396,0.3826,212,TGA,Sec (selenocysteine),0.0,0.0,0.0,0.0
ENSMUST00000082396.1|ENSMUSG00000064345.1|-|-|mt-Nd2-201|mt-Nd2|1038|CDS:1-1038|,1035,345,188,564,0.5449,156,TGA,Sec (selenocysteine),0.0,0.0,0.0,0.0
ENSMUST00000082402.1|ENSMUSG00000064351.1|-|-|mt-Co1-201|mt-Co1|1545|CDS:1-1545|,1542,514,235,705,0.4572,278,TGA,Sec (selenocysteine),0.0,0.0,0.0,0.0
ENSMUST00000082405.1|ENSMUSG00000064354.1|-|-|mt-Co2-201|mt-Co2|684|CDS:1-684|,681,227,64,192,0.2819,162,TGA,Sec (selenocysteine),0.0,0.0,0.0,0.0
ENSMUST00000082411.1|ENSMUSG00000064360.1|-|-|mt-Nd3-201|mt-Nd3|348|CDS:1-348|,345,115,22,66,0.1913,92,TGA,Sec (selenocysteine),0.0,0.0,0.0,0.0
ENSMUST00000082418.1|ENSMUSG00000064367.1|-|-|mt-Nd5-201|mt-Nd5|1824|CDS:1-1824|,1821,607,97,291,0.1598,509,TGA,Sec (selenocysteine),0.0,0.0,0.0,0.0
ENSMUST00000082418.1|ENSMUSG00000064367.1|-|-|mt-Nd5-201|mt-Nd5|1824|CDS:1-1824|,1821,607,156,468,0.257,450,TGA,Sec (selenocysteine),0.0,0.0,0.0,0.0
ENSMUST00000082418.1|ENSMUSG00000064367.1|-|-|mt-Nd5-201|mt-Nd5|1824|CDS:1-1824|,1821,607,231,693,0.3806,375,TGA,Sec (selenocysteine),0.0,0.0,0.0,0.0
ENSMUST00000082418.1|ENSMUSG00000064367.1|-|-|mt-Nd5-201|mt-Nd5|1824|CDS:1-1824|,1821,607,483,1449,0.7957,123,TGA,Sec (selenocysteine),0.0,0.0,0.0,0.0
ENSMUST00000082419.1|ENSMUSG00000064368.1|-|-|mt-Nd6-201|mt-Nd6|519|CDS:1-519|,516,172,149,447,0.8663,22,TGA,Sec (selenocysteine),0.0,0.0,0.0,0.0
ENSMUST00000082426.9|ENSMUSG00000034785.14|OTTMUSG00000008706.5|OTTMUST00000019775.2|Dio1-201|Dio1|1690|UTR5:1-51|CDS:52-825|UTR3:826-1690|,771,257,125,375,0.4864,131,TGA,Sec (selenocysteine),0.0,0.0,0.0,0.0
ENSMUST00000082428.4|ENSMUSG00000049091.6|OTTMUSG00000058499.1|OTTMUST00000143662.1|Sephs2-201|Sephs2|2177|UTR5:1-136|CDS:137-1495|UTR3:1496-2177|,1356,452,62,186,0.1372,389,TGA,Sec (selenocysteine),0.0,0.0,0.0,0.0
ENSMUST00000082429.6|ENSMUSG00000063856.7|OTTMUSG00000050754.5|OTTMUST00000128632.4|Gpx1-201|Gpx1|1072|UTR5:1-259|CDS:260-865|UTR3:866-1072|,603,201,46,138,0.2289,154,TGA,Sec (selenocysteine),0.0,0.0,0.0,0.0
ENSMUST00000082430.9|ENSMUSG00000018339.11|OTTMUSG00000006337.3|OTTMUST00000014399.1|Gpx3-201|Gpx3|1594|UTR5:1-194|CDS:195-875|UTR3:876-1594|,678,226,72,216,0.3186,153,TGA,Sec (selenocysteine),0.0,0.0,0.0,0.0
ENSMUST00000082431.3|ENSMUSG00000042808.8|OTTMUSG00000065310.1|-|Gpx2-201|Gpx2|1067|UTR5:1-179|CDS:180-752|UTR3:753-1067|,570,190,39,117,0.2053,150,TGA,Sec (selenocysteine),0.0,0.0,0.0,0.0
ENSMUST00000082432.4|ENSMUSG00000007682.6|OTTMUSG00000065914.1|OTTMUST00000160306.1|Dio2-201|Dio2|5815|UTR5:1-154|CDS:155-955|UTR3:956-5815|,798,266,129,387,0.485,136,TGA,Sec (selenocysteine),0.0,0.0,0.0,0.0
ENSMUST00000082437.9|ENSMUSG00000037072.15|OTTMUSG00000021251.2|OTTMUST00000050336.1|Selenof-201|Selenof|1514|UTR5:1-299|CDS:300-788|UTR3:789-1514|,486,162,92,276,0.5679,69,TGA,Sec (selenocysteine),0.0,0.0,0.0,0.0
ENSMUST00000094469.4|ENSMUSG00000075702.9|OTTMUSG00000005021.3|OTTMUST00000011154.3|Selenom-201|Selenom|707|UTR5:1-78|CDS:79-516|UTR3:517-707|,435,145,47,141,0.3241,97,TGA,Sec (selenocysteine),0.0,0.0,0.0,0.0
ENSMUST00000101800.5|ENSMUSG00000075705.12|OTTMUSG00000021061.2|OTTMUST00000049819.1|Msrb1-201|Msrb1|1211|UTR5:1-26|CDS:27-377|UTR3:378-1211|,348,116,94,282,0.8103,21,TGA,Sec (selenocysteine),0.0,0.0,0.0,0.0
ENSMUST00000102646.2|ENSMUSG00000076437.10|OTTMUSG00000013495.5|OTTMUST00000032617.3|Selenoh-201|Selenoh|783|UTR5:1-111|CDS:112-462|UTR3:463-783|,348,116,37,111,0.319,78,TGA,Sec (selenocysteine),0.0,0.0,0.0,0.0
ENSMUST00000107924.1|ENSMUSG00000075700.9|OTTMUSG00000021242.1|OTTMUST00000050311.1|Selenot-201|Selenot|3157|UTR5:1-101|CDS:102-689|UTR3:690-3157|,585,195,48,144,0.2462,146,TGA,Sec (selenocysteine),0.0,0.0,0.0,0.0
ENSMUST00000145167.7|ENSMUSG00000075703.15|OTTMUSG00000033213.6|OTTMUST00000083185.2|Selenoi-203|Selenoi|6803|UTR5:1-178|CDS:179-1375|UTR3:1376-6803|,1194,398,387,1161,0.9724,10,TGA,Sec (selenocysteine),0.0,0.0,0.0,0.0
ENSMUST00000159216.8|ENSMUSG00000064373.12|OTTMUSG00000035135.3|OTTMUST00000089456.2|Selenop-203|Selenop|2085|UTR5:1-145|CDS:146-1288|UTR3:1289-2085|,1140,380,58,174,0.1526,321,TGA,Sec (selenocysteine),0.0,0.0,0.0,0.0
ENSMUST00000159216.8|ENSMUSG00000064373.12|OTTMUSG00000035135.3|OTTMUST00000089456.2|Selenop-203|Selenop|2085|UTR5:1-145|CDS:146-1288|UTR3:1289-2085|,1140,380,258,774,0.6789,121,TGA,Sec (selenocysteine),0.0,0.0,0.0,0.0
ENSMUST00000159216.8|ENSMUSG00000064373.12|OTTMUSG00000035135.3|OTTMUST00000089456.2|Selenop-203|Selenop|2085|UTR5:1-145|CDS:146-1288|UTR3:1289-2085|,1140,380,276,828,0.7263,103,TGA,Sec (selenocysteine),0.0,0.0,0.0,0.0
ENSMUST00000159216.8|ENSMUSG00000064373.12|OTTMUSG00000035135.3|OTTMUST00000089456.2|Selenop-203|Selenop|2085|UTR5:1-145|CDS:146-1288|UTR3:1289-2085|,1140,380,317,951,0.8342,62,TGA,Sec (selenocysteine),0.0,0.0,0.0,0.0
ENSMUST00000159216.8|ENSMUSG00000064373.12|OTTMUSG00000035135.3|OTTMUST00000089456.2|Selenop-203|Selenop|2085|UTR5:1-145|CDS:146-1288|UTR3:1289-2085|,1140,380,329,987,0.8658,50,TGA,Sec (selenocysteine),0.0,0.0,0.0,0.0
ENSMUST00000159216.8|ENSMUSG00000064373.12|OTTMUSG00000035135.3|OTTMUST00000089456.2|Selenop-203|Selenop|2085|UTR5:1-145|CDS:146-1288|UTR3:1289-2085|,1140,380,351,1053,0.9237,28,TGA,Sec (selenocysteine),0.0,0.0,0.0,0.0
ENSMUST00000159216.8|ENSMUSG00000064373.12|OTTMUSG00000035135.3|OTTMUST00000089456.2|Selenop-203|Selenop|2085|UTR5:1-145|CDS:146-1288|UTR3:1289-2085|,1140,380,365,1095,0.9605,14,TGA,Sec (selenocysteine),0.0,0.0,0.0,0.0
ENSMUST00000159216.8|ENSMUSG00000064373.12|OTTMUSG00000035135.3|OTTMUST00000089456.2|Selenop-203|Selenop|2085|UTR5:1-145|CDS:146-1288|UTR3:1289-2085|,1140,380,367,1101,0.9658,12,TGA,Sec (selenocysteine),0.0,0.0,0.0,0.0
ENSMUST00000164262.7|ENSMUSG00000096846.7|OTTMUSG00000036522.4|OTTMUST00000093652.4|Gm8890-201|Gm8890|730|CDS:1-472|UTR3:473-730|,469,156,38,114,0.2436,117,TGA,Sec (selenocysteine),0.0,0.0,0.0,0.0
ENSMUST00000164262.7|ENSMUSG00000096846.7|OTTMUSG00000036522.4|OTTMUST00000093652.4|Gm8890-201|Gm8890|730|CDS:1-472|UTR3:473-730|,469,156,54,162,0.3462,101,TAG,Pyl (pyrrolysine),0.0,0.0,0.0,0.0
ENSMUST00000164262.7|ENSMUSG00000096846.7|OTTMUSG00000036522.4|OTTMUST00000093652.4|Gm8890-201|Gm8890|730|CDS:1-472|UTR3:473-730|,469,156,66,198,0.4231,89,TGA,Sec (selenocysteine),0.0,0.0,0.0,0.0
ENSMUST00000164262.7|ENSMUSG00000096846.7|OTTMUSG00000036522.4|OTTMUST00000093652.4|Gm8890-201|Gm8890|730|CDS:1-472|UTR3:473-730|,469,156,81,243,0.5192,74,TAA,,0.0,0.0,0.0,0.0
ENSMUST00000164262.7|ENSMUSG00000096846.7|OTTMUSG00000036522.4|OTTMUST00000093652.4|Gm8890-201|Gm8890|730|CDS:1-472|UTR3:473-730|,469,156,88,264,0.5641,67,TGA,Sec (selenocysteine),0.0,0.0,0.0,0.0
ENSMUST00000164262.7|ENSMUSG00000096846.7|OTTMUSG00000036522.4|OTTMUST00000093652.4|Gm8890-201|Gm8890|730|CDS:1-472|UTR3:473-730|,469,156,98,294,0.6282,57,TAA,,0.0,0.0,0.0,0.0
ENSMUST00000164262.7|ENSMUSG00000096846.7|OTTMUSG00000036522.4|OTTMUST00000093652.4|Gm8890-201|Gm8890|730|CDS:1-472|UTR3:473-730|,469,156,108,324,0.6923,47,TAG,Pyl (pyrrolysine),0.0,0.0,0.0,0.0
ENSMUST00000164262.7|ENSMUSG00000096846.7|OTTMUSG00000036522.4|OTTMUST00000093652.4|Gm8890-201|Gm8890|730|CDS:1-472|UTR3:473-730|,469,156,117,351,0.75,38,TAA,,0.0,0.0,0.0,0.0
ENSMUST00000164262.7|ENSMUSG00000096846.7|OTTMUSG00000036522.4|OTTMUST00000093652.4|Gm8890-201|Gm8890|730|CDS:1-472|UTR3:473-730|,469,156,132,396,0.8462,23,TGA,Sec (selenocysteine),0.0,0.0,0.0,0.0
ENSMUST00000164262.7|ENSMUSG00000096846.7|OTTMUSG00000036522.4|OTTMUST00000093652.4|Gm8890-201|Gm8890|730|CDS:1-472|UTR3:473-730|,469,156,137,411,0.8782,18,TGA,Sec (selenocysteine),0.0,0.0,0.0,0.0
ENSMUST00000164262.7|ENSMUSG00000096846.7|OTTMUSG00000036522.4|OTTMUST00000093652.4|Gm8890-201|Gm8890|730|CDS:1-472|UTR3:473-730|,469,156,142,426,0.9103,13,TGA,Sec (selenocysteine),0.0,0.0,0.0,0.0
ENSMUST00000169555.1|ENSMUSG00000091227.1|OTTMUSG00000035720.1|OTTMUST00000091318.1|Gm3755-201|Gm3755|1462|CDS:1-503|UTR3:504-1462|,500,166,38,114,0.2289,127,TAA,,0.0,0.0,0.0,0.0
ENSMUST00000169555.1|ENSMUSG00000091227.1|OTTMUSG00000035720.1|OTTMUST00000091318.1|Gm3755-201|Gm3755|1462|CDS:1-503|UTR3:504-1462|,500,166,41,123,0.247,124,TAG,Pyl (pyrrolysine),0.0,0.0,0.0,0.0
ENSMUST00000169555.1|ENSMUSG00000091227.1|OTTMUSG00000035720.1|OTTMUST00000091318.1|Gm3755-201|Gm3755|1462|CDS:1-503|UTR3:504-1462|,500,166,44,132,0.2651,121,TGA,Sec (selenocysteine),0.0,0.0,0.0,0.0
ENSMUST00000169555.1|ENSMUSG00000091227.1|OTTMUSG00000035720.1|OTTMUST00000091318.1|Gm3755-201|Gm3755|1462|CDS:1-503|UTR3:504-1462|,500,166,48,144,0.2892,117,TGA,Sec (selenocysteine),0.0,0.0,0.0,0.0
ENSMUST00000169555.1|ENSMUSG00000091227.1|OTTMUSG00000035720.1|OTTMUST00000091318.1|Gm3755-201|Gm3755|1462|CDS:1-503|UTR3:504-1462|,500,166,70,210,0.4217,95,TGA,Sec (selenocysteine),0.0,0.0,0.0,0.0
ENSMUST00000169555.1|ENSMUSG00000091227.1|OTTMUSG00000035720.1|OTTMUST00000091318.1|Gm3755-201|Gm3755|1462|CDS:1-503|UTR3:504-1462|,500,166,74,222,0.4458,91,TGA,Sec (selenocysteine),0.0,0.0,0.0,0.0
ENSMUST00000169555.1|ENSMUSG00000091227.1|OTTMUSG00000035720.1|OTTMUST00000091318.1|Gm3755-201|Gm3755|1462|CDS:1-503|UTR3:504-1462|,500,166,92,276,0.5542,73,TGA,Sec (selenocysteine),0.0,0.0,0.0,0.0
ENSMUST00000169555.1|ENSMUSG00000091227.1|OTTMUSG00000035720.1|OTTMUST00000091318.1|Gm3755-201|Gm3755|1462|CDS:1-503|UTR3:504-1462|,500,166,95,285,0.5723,70,TGA,Sec (selenocysteine),0.0,0.0,0.0,0.0
ENSMUST00000169555.1|ENSMUSG00000091227.1|OTTMUSG00000035720.1|OTTMUST00000091318.1|Gm3755-201|Gm3755|1462|CDS:1-503|UTR3:504-1462|,500,166,99,297,0.5964,66,TAA,,0.0,0.0,0.0,0.0
ENSMUST00000169555.1|ENSMUSG00000091227.1|OTTMUSG00000035720.1|OTTMUST00000091318.1|Gm3755-201|Gm3755|1462|CDS:1-503|UTR3:504-1462|,500,166,109,327,0.6566,56,TGA,Sec (selenocysteine),0.0,0.0,0.0,0.0
ENSMUST00000169555.1|ENSMUSG00000091227.1|OTTMUSG00000035720.1|OTTMUST00000091318.1|Gm3755-201|Gm3755|1462|CDS:1-503|UTR3:504-1462|,500,166,110,330,0.6627,55,TAG,Pyl (pyrrolysine),0.0,0.0,0.0,0.0
ENSMUST00000169555.1|ENSMUSG00000091227.1|OTTMUSG00000035720.1|OTTMUST00000091318.1|Gm3755-201|Gm3755|1462|CDS:1-503|UTR3:504-1462|,500,166,134,402,0.8072,31,TAA,,0.0,0.0,0.0,0.0
ENSMUST00000169555.1|ENSMUSG00000091227.1|OTTMUSG00000035720.1|OTTMUST00000091318.1|Gm3755-201|Gm3755|1462|CDS:1-503|UTR3:504-1462|,500,166,138,414,0.8313,27,TGA,Sec (selenocysteine),0.0,0.0,0.0,0.0
ENSMUST00000169555.1|ENSMUSG00000091227.1|OTTMUSG00000035720.1|OTTMUST00000091318.1|Gm3755-201|Gm3755|1462|CDS:1-503|UTR3:504-1462|,500,166,145,435,0.8735,20,TAG,Pyl (pyrrolysine),0.0,0.0,0.0,0.0
ENSMUST00000172958.6|ENSMUSG00000092534.8|OTTMUSG00000037792.1|OTTMUST00000097533.1|Pagr1b-201|Pagr1b|693|CDS:1-325|UTR3:326-693|,322,107,21,63,0.1963,85,TGA,Sec (selenocysteine),0.0,0.0,0.0,0.0
ENSMUST00000172958.6|ENSMUSG00000092534.8|OTTMUSG00000037792.1|OTTMUST00000097533.1|Pagr1b-201|Pagr1b|693|CDS:1-325|UTR3:326-693|,322,107,23,69,0.215,83,TGA,Sec (selenocysteine),0.0,0.0,0.0,0.0
ENSMUST00000172958.6|ENSMUSG00000092534.8|OTTMUSG00000037792.1|OTTMUST00000097533.1|Pagr1b-201|Pagr1b|693|CDS:1-325|UTR3:326-693|,322,107,24,72,0.2243,82,TGA,Sec (selenocysteine),0.0,0.0,0.0,0.0
ENSMUST00000172958.6|ENSMUSG00000092534.8|OTTMUSG00000037792.1|OTTMUST00000097533.1|Pagr1b-201|Pagr1b|693|CDS:1-325|UTR3:326-693|,322,107,25,75,0.2336,81,TGA,Sec (selenocysteine),0.0,0.0,0.0,0.0
ENSMUST00000172958.6|ENSMUSG00000092534.8|OTTMUSG00000037792.1|OTTMUST00000097533.1|Pagr1b-201|Pagr1b|693|CDS:1-325|UTR3:326-693|,322,107,35,105,0.3271,71,TGA,Sec (selenocysteine),0.0,0.0,0.0,0.0
ENSMUST00000172958.6|ENSMUSG00000092534.8|OTTMUSG00000037792.1|OTTMUST00000097533.1|Pagr1b-201|Pagr1b|693|CDS:1-325|UTR3:326-693|,322,107,55,165,0.514,51,TAA,,0.0,0.0,0.0,0.0
ENSMUST00000172958.6|ENSMUSG00000092534.8|OTTMUSG00000037792.1|OTTMUST00000097533.1|Pagr1b-201|Pagr1b|693|CDS:1-325|UTR3:326-693|,322,107,64,192,0.5981,42,TAA,,0.0,0.0,0.0,0.0
ENSMUST00000173014.1|ENSMUSG00000075707.5|OTTMUSG00000038181.1|OTTMUST00000098316.1|Dio3-202|Dio3|2030|UTR5:1-164|CDS:165-1079|UTR3:1080-2030|,912,304,169,507,0.5559,134,TGA,Sec (selenocysteine),0.0,0.0,0.0,0.0
ENSMUST00000181880.1|ENSMUSG00000097853.1|OTTMUSG00000042527.2|OTTMUST00000112128.2|Gm3532-201|Gm3532|1396|CDS:1-584|UTR3:585-1396|,581,193,38,114,0.1969,154,TAA,,0.0,0.0,0.0,0.0
ENSMUST00000181880.1|ENSMUSG00000097853.1|OTTMUSG00000042527.2|OTTMUST00000112128.2|Gm3532-201|Gm3532|1396|CDS:1-584|UTR3:585-1396|,581,193,41,123,0.2124,151,TAG,Pyl (pyrrolysine),0.0,0.0,0.0,0.0
ENSMUST00000181880.1|ENSMUSG00000097853.1|OTTMUSG00000042527.2|OTTMUST00000112128.2|Gm3532-201|Gm3532|1396|CDS:1-584|UTR3:585-1396|,581,193,44,132,0.228,148,TGA,Sec (selenocysteine),0.0,0.0,0.0,0.0
ENSMUST00000181880.1|ENSMUSG00000097853.1|OTTMUSG00000042527.2|OTTMUST00000112128.2|Gm3532-201|Gm3532|1396|CDS:1-584|UTR3:585-1396|,581,193,48,144,0.2487,144,TGA,Sec (selenocysteine),0.0,0.0,0.0,0.0
ENSMUST00000181880.1|ENSMUSG00000097853.1|OTTMUSG00000042527.2|OTTMUST00000112128.2|Gm3532-201|Gm3532|1396|CDS:1-584|UTR3:585-1396|,581,193,70,210,0.3627,122,TGA,Sec (selenocysteine),0.0,0.0,0.0,0.0
ENSMUST00000181880.1|ENSMUSG00000097853.1|OTTMUSG00000042527.2|OTTMUST00000112128.2|Gm3532-201|Gm3532|1396|CDS:1-584|UTR3:585-1396|,581,193,74,222,0.3834,118,TGA,Sec (selenocysteine),0.0,0.0,0.0,0.0
ENSMUST00000181880.1|ENSMUSG00000097853.1|OTTMUSG00000042527.2|OTTMUST00000112128.2|Gm3532-201|Gm3532|1396|CDS:1-584|UTR3:585-1396|,581,193,92,276,0.4767,100,TGA,Sec (selenocysteine),0.0,0.0,0.0,0.0
ENSMUST00000181880.1|ENSMUSG00000097853.1|OTTMUSG00000042527.2|OTTMUST00000112128.2|Gm3532-201|Gm3532|1396|CDS:1-584|UTR3:585-1396|,581,193,95,285,0.4922,97,TGA,Sec (selenocysteine),0.0,0.0,0.0,0.0
ENSMUST00000181880.1|ENSMUSG00000097853.1|OTTMUSG00000042527.2|OTTMUST00000112128.2|Gm3532-201|Gm3532|1396|CDS:1-584|UTR3:585-1396|,581,193,99,297,0.513,93,TAA,,0.0,0.0,0.0,0.0
ENSMUST00000181880.1|ENSMUSG00000097853.1|OTTMUSG00000042527.2|OTTMUST00000112128.2|Gm3532-201|Gm3532|1396|CDS:1-584|UTR3:585-1396|,581,193,109,327,0.5648,83,TGA,Sec (selenocysteine),0.0,0.0,0.0,0.0
ENSMUST00000181880.1|ENSMUSG00000097853.1|OTTMUSG00000042527.2|OTTMUST00000112128.2|Gm3532-201|Gm3532|1396|CDS:1-584|UTR3:585-1396|,581,193,110,330,0.5699,82,TAG,Pyl (pyrrolysine),0.0,0.0,0.0,0.0
ENSMUST00000181880.1|ENSMUSG00000097853.1|OTTMUSG00000042527.2|OTTMUST00000112128.2|Gm3532-201|Gm3532|1396|CDS:1-584|UTR3:585-1396|,581,193,134,402,0.6943,58,TAA,,0.0,0.0,0.0,0.0
ENSMUST00000181880.1|ENSMUSG00000097853.1|OTTMUSG00000042527.2|OTTMUST00000112128.2|Gm3532-201|Gm3532|1396|CDS:1-584|UTR3:585-1396|,581,193,138,414,0.715,54,TGA,Sec (selenocysteine),0.0,0.0,0.0,0.0
ENSMUST00000181880.1|ENSMUSG00000097853.1|OTTMUSG00000042527.2|OTTMUST00000112128.2|Gm3532-201|Gm3532|1396|CDS:1-584|UTR3:585-1396|,581,193,145,435,0.7513,47,TAG,Pyl (pyrrolysine),0.0,0.0,0.0,0.0
ENSMUST00000181880.1|ENSMUSG00000097853.1|OTTMUSG00000042527.2|OTTMUST00000112128.2|Gm3532-201|Gm3532|1396|CDS:1-584|UTR3:585-1396|,581,193,180,540,0.9326,12,TAA,,0.0,0.0,0.0,0.0
ENSMUST00000228117.1|ENSMUSG00000115483.1|OTTMUSG00000036372.2|OTTMUST00000093261.1|Gm9732-201|Gm9732|1466|CDS:1-332|UTR3:333-1466|,329,109,31,93,0.2844,77,TGA,Sec (selenocysteine),0.0,0.0,0.0,0.0
ENSMUST00000228117.1|ENSMUSG00000115483.1|OTTMUSG00000036372.2|OTTMUST00000093261.1|Gm9732-201|Gm9732|1466|CDS:1-332|UTR3:333-1466|,329,109,35,105,0.3211,73,TAA,,0.0,0.0,0.0,0.0
ENSMUST00000228117.1|ENSMUSG00000115483.1|OTTMUSG00000036372.2|OTTMUST00000093261.1|Gm9732-201|Gm9732|1466|CDS:1-332|UTR3:333-1466|,329,109,46,138,0.422,62,TAG,Pyl (pyrrolysine),0.0,0.0,0.0,0.0
ENSMUST00000228117.1|ENSMUSG00000115483.1|OTTMUSG00000036372.2|OTTMUST00000093261.1|Gm9732-201|Gm9732|1466|CDS:1-332|UTR3:333-1466|,329,109,60,180,0.5505,48,TGA,Sec (selenocysteine),0.0,0.0,0.0,0.0
ENSMUST00000228117.1|ENSMUSG00000115483.1|OTTMUSG00000036372.2|OTTMUST00000093261.1|Gm9732-201|Gm9732|1466|CDS:1-332|UTR3:333-1466|,329,109,66,198,0.6055,42,TGA,Sec (selenocysteine),0.0,0.0,0.0,0.0
ENSMUST00000228117.1|ENSMUSG00000115483.1|OTTMUSG00000036372.2|OTTMUST00000093261.1|Gm9732-201|Gm9732|1466|CDS:1-332|UTR3:333-1466|,329,109,70,210,0.6422,38,TAA,,0.0,0.0,0.0,0.0
ENSMUST00000228117.1|ENSMUSG00000115483.1|OTTMUSG00000036372.2|OTTMUST00000093261.1|Gm9732-201|Gm9732|1466|CDS:1-332|UTR3:333-1466|,329,109,74,222,0.6789,34,TGA,Sec (selenocysteine),0.0,0.0,0.0,0.0
ENSMUST00000228117.1|ENSMUSG00000115483.1|OTTMUSG00000036372.2|OTTMUST00000093261.1|Gm9732-201|Gm9732|1466|CDS:1-332|UTR3:333-1466|,329,109,82,246,0.7523,26,TAG,Pyl (pyrrolysine),0.0,0.0,0.0,0.0
ENSMUST00000228117.1|ENSMUSG00000115483.1|OTTMUSG00000036372.2|OTTMUST00000093261.1|Gm9732-201|Gm9732|1466|CDS:1-332|UTR3:333-1466|,329,109,95,285,0.8716,13,TGA,Sec (selenocysteine),0.0,0.0,0.0,0.0
