transcript,cds_len_nt,n_codons,n_internal_stops,internal_stop_codon_indices,internal_stop_codons,AA_3_reads,AA_4_reads,Ch_WAA2_reads,total_reads
ENSMUST00000082402.1|ENSMUSG00000064351.1|-|-|mt-Co1-201|mt-Co1|1545|CDS:1-1545|,1542,514,16,24;80;102;125;185;235;274;287;322;333;339;395;408;449;472;493,TGA;TGA;TGA;TGA;TGA;TGA;TGA;TGA;TGA;TGA;TGA;TGA;TGA;TGA;TGA;TGA,8.0,40.0,18.0,66.0
ENSMUST00000082405.1|ENSMUSG00000064354.1|-|-|mt-Co2-201|mt-Co2|684|CDS:1-684|,681,227,4,64;103;105;162,TGA;TGA;TGA;TGA,3.0,19.0,11.0,33.0
ENSMUST00000082407.1|ENSMUSG00000064356.3|-|-|mt-Atp8-201|mt-Atp8|204|CDS:1-204|,201,67,2,50;54,TGA;TGA,8.0,23.0,2.0,33.0
ENSMUST00000082392.1|ENSMUSG00000064341.1|-|-|mt-Nd1-201|mt-Nd1|957|CDS:1-957|,954,318,8,85;117;120;172;178;184;289;302,TGA;TGA;TGA;TGA;TGA;TGA;TGA;TGA,0.0,15.0,7.0,22.0
ENSMUST00000082418.1|ENSMUSG00000064367.1|-|-|mt-Nd5-201|mt-Nd5|1824|CDS:1-1824|,1821,607,10,67;97;105;143;156;187;195;231;406;483,TGA;TGA;TGA;TGA;TGA;TGA;TGA;TGA;TGA;TGA,2.0,11.0,4.0,17.0
ENSMUST00000082408.1|ENSMUSG00000064357.1|-|-|mt-Atp6-201|mt-Atp6|681|CDS:1-681|,678,226,3,47;67;108,TGA;TGA;TGA,1.0,9.0,6.0,16.0
ENSMUST00000082396.1|ENSMUSG00000064345.1|-|-|mt-Nd2-201|mt-Nd2|1038|CDS:1-1038|,1035,345,8,29;83;113;132;166;188;233;263,TGA;TGA;TGA;TGA;TGA;TGA;TGA;TGA,3.0,4.0,4.0,11.0
ENSMUST00000082411.1|ENSMUSG00000064360.1|-|-|mt-Nd3-201|mt-Nd3|348|CDS:1-348|,345,115,2,22;76,TGA;TGA,0.0,2.0,1.0,3.0
ENSMUST00000105372.7|ENSMUSG00000075706.10|OTTMUSG00000019111.3|OTTMUST00000045762.1|Gpx4-202|Gpx4|959|UTR5:1-144|CDS:145-738|UTR3:739-959|,591,197,1,72,TGA,2.0,1.0,0.0,3.0
ENSMUST00000082419.1|ENSMUSG00000064368.1|-|-|mt-Nd6-201|mt-Nd6|519|CDS:1-519|,516,172,3,85;149;156,TGA;TGA;TGA,1.0,1.0,0.0,2.0
ENSMUST00000056589.13|ENSMUSG00000046750.17|OTTMUSG00000021137.3|OTTMUST00000050039.3|Selenov-201|Selenov|1267|UTR5:1-109|CDS:110-1096|UTR3:1097-1267|,984,328,1,254,TGA,0.0,0.0,0.0,0.0
ENSMUST00000060435.6|ENSMUSG00000050989.9|OTTMUSG00000011213.4|OTTMUST00000026309.1|Selenon-201|Selenon|3445|UTR5:1-47|CDS:48-1721|UTR3:1722-3445|,1671,557,1,427,TGA,0.0,0.0,0.0,0.0
ENSMUST00000082426.9|ENSMUSG00000034785.14|OTTMUSG00000008706.5|OTTMUST00000019775.2|Dio1-201|Dio1|1690|UTR5:1-51|CDS:52-825|UTR3:826-1690|,771,257,1,125,TGA,0.0,0.0,0.0,0.0
ENSMUST00000082428.4|ENSMUSG00000049091.6|OTTMUSG00000058499.1|OTTMUST00000143662.1|Sephs2-201|Sephs2|2177|UTR5:1-136|CDS:137-1495|UTR3:1496-2177|,1356,452,1,62,TGA,0.0,0.0,0.0,0.0
ENSMUST00000082429.6|ENSMUSG00000063856.7|OTTMUSG00000050754.5|OTTMUST00000128632.4|Gpx1-201|Gpx1|1072|UTR5:1-259|CDS:260-865|UTR3:866-1072|,603,201,1,46,TGA,0.0,0.0,0.0,0.0
ENSMUST00000082430.9|ENSMUSG00000018339.11|OTTMUSG00000006337.3|OTTMUST00000014399.1|Gpx3-201|Gpx3|1594|UTR5:1-194|CDS:195-875|UTR3:876-1594|,678,226,1,72,TGA,0.0,0.0,0.0,0.0
ENSMUST00000082431.3|ENSMUSG00000042808.8|OTTMUSG00000065310.1|-|Gpx2-201|Gpx2|1067|UTR5:1-179|CDS:180-752|UTR3:753-1067|,570,190,1,39,TGA,0.0,0.0,0.0,0.0
ENSMUST00000082432.4|ENSMUSG00000007682.6|OTTMUSG00000065914.1|OTTMUST00000160306.1|Dio2-201|Dio2|5815|UTR5:1-154|CDS:155-955|UTR3:956-5815|,798,266,1,129,TGA,0.0,0.0,0.0,0.0
ENSMUST00000082437.9|ENSMUSG00000037072.15|OTTMUSG00000021251.2|OTTMUST00000050336.1|Selenof-201|Selenof|1514|UTR5:1-299|CDS:300-788|UTR3:789-1514|,486,162,1,92,TGA,0.0,0.0,0.0,0.0
ENSMUST00000094469.4|ENSMUSG00000075702.9|OTTMUSG00000005021.3|OTTMUST00000011154.3|Selenom-201|Selenom|707|UTR5:1-78|CDS:79-516|UTR3:517-707|,435,145,1,47,TGA,0.0,0.0,0.0,0.0
ENSMUST00000101800.5|ENSMUSG00000075705.12|OTTMUSG00000021061.2|OTTMUST00000049819.1|Msrb1-201|Msrb1|1211|UTR5:1-26|CDS:27-377|UTR3:378-1211|,348,116,1,94,TGA,0.0,0.0,0.0,0.0
ENSMUST00000102646.2|ENSMUSG00000076437.10|OTTMUSG00000013495.5|OTTMUST00000032617.3|Selenoh-201|Selenoh|783|UTR5:1-111|CDS:112-462|UTR3:463-783|,348,116,1,37,TGA,0.0,0.0,0.0,0.0
ENSMUST00000107924.1|ENSMUSG00000075700.9|OTTMUSG00000021242.1|OTTMUST00000050311.1|Selenot-201|Selenot|3157|UTR5:1-101|CDS:102-689|UTR3:690-3157|,585,195,1,48,TGA,0.0,0.0,0.0,0.0
ENSMUST00000145167.7|ENSMUSG00000075703.15|OTTMUSG00000033213.6|OTTMUST00000083185.2|Selenoi-203|Selenoi|6803|UTR5:1-178|CDS:179-1375|UTR3:1376-6803|,1194,398,1,387,TGA,0.0,0.0,0.0,0.0
ENSMUST00000159216.8|ENSMUSG00000064373.12|OTTMUSG00000035135.3|OTTMUST00000089456.2|Selenop-203|Selenop|2085|UTR5:1-145|CDS:146-1288|UTR3:1289-2085|,1140,380,8,58;258;276;317;329;351;365;367,TGA;TGA;TGA;TGA;TGA;TGA;TGA;TGA,0.0,0.0,0.0,0.0
ENSMUST00000164262.7|ENSMUSG00000096846.7|OTTMUSG00000036522.4|OTTMUST00000093652.4|Gm8890-201|Gm8890|730|CDS:1-472|UTR3:473-730|,469,156,11,38;54;66;81;88;98;108;117;132;137;142,TGA;TAG;TGA;TAA;TGA;TAA;TAG;TAA;TGA;TGA;TGA,0.0,0.0,0.0,0.0
ENSMUST00000169555.1|ENSMUSG00000091227.1|OTTMUSG00000035720.1|OTTMUST00000091318.1|Gm3755-201|Gm3755|1462|CDS:1-503|UTR3:504-1462|,500,166,14,38;41;44;48;70;74;92;95;99;109;110;134;138;145,TAA;TAG;TGA;TGA;TGA;TGA;TGA;TGA;TAA;TGA;TAG;TAA;TGA;TAG,0.0,0.0,0.0,0.0
ENSMUST00000172958.6|ENSMUSG00000092534.8|OTTMUSG00000037792.1|OTTMUST00000097533.1|Pagr1b-201|Pagr1b|693|CDS:1-325|UTR3:326-693|,322,107,7,21;23;24;25;35;55;64,TGA;TGA;TGA;TGA;TGA;TAA;TAA,0.0,0.0,0.0,0.0
ENSMUST00000173014.1|ENSMUSG00000075707.5|OTTMUSG00000038181.1|OTTMUST00000098316.1|Dio3-202|Dio3|2030|UTR5:1-164|CDS:165-1079|UTR3:1080-2030|,912,304,1,169,TGA,0.0,0.0,0.0,0.0
ENSMUST00000181880.1|ENSMUSG00000097853.1|OTTMUSG00000042527.2|OTTMUST00000112128.2|Gm3532-201|Gm3532|1396|CDS:1-584|UTR3:585-1396|,581,193,15,38;41;44;48;70;74;92;95;99;109;110;134;138;145;180,TAA;TAG;TGA;TGA;TGA;TGA;TGA;TGA;TAA;TGA;TAG;TAA;TGA;TAG;TAA,0.0,0.0,0.0,0.0
ENSMUST00000228117.1|ENSMUSG00000115483.1|OTTMUSG00000036372.2|OTTMUST00000093261.1|Gm9732-201|Gm9732|1466|CDS:1-332|UTR3:333-1466|,329,109,9,31;35;46;60;66;70;74;82;95,TGA;TAA;TAG;TGA;TGA;TAA;TGA;TAG;TGA,0.0,0.0,0.0,0.0
