site,amino_acid,odds_ratio,p_value,control_count,control_total,treatment_count,treatment_total,p_adj
E,E,1.1439876235308506,4.6020041862008215e-110,126166,1531080,40700,436869,9.204008372401641e-109
E,R,1.17198126601959,1.6198197561035917e-108,85385,1531080,28282,436869,1.6198197561035917e-107
E,F,0.8363671479335496,5.143498936483539e-79,57306,1531080,13760,436869,3.4289992909890263e-78
E,M,1.1693582143676446,1.362307418325273e-46,35432,1531080,11776,436869,6.811537091626366e-46
E,A,0.8955441837789775,2.059932942229483e-45,83036,1531080,21339,436869,8.239731768917932e-45
E,Y,0.8672252720094591,5.293387694005641e-43,46881,1531080,11648,436869,1.764462564668547e-42
E,I,0.9119649053148352,1.4369061657102669e-33,86066,1531080,22507,436869,4.1054461877436186e-33
E,Q,1.0942000105126617,5.735981960971425e-29,69221,1531080,21520,436869,1.4339954902428563e-28
E,W,1.171888661797946,1.258088146619477e-25,18088,1531080,6036,436869,2.7957514369321704e-25
E,T,0.9234683905285932,1.2132835295845514e-22,74798,1531080,19783,436869,2.4265670591691027e-22
E,N,0.9280857042595994,4.622568098247117e-18,66131,1531080,17567,436869,8.404669269540214e-18
E,D,1.0623356856953272,5.888041074515928e-18,94892,1531080,28653,436869,9.813401790859879e-18
E,G,1.0624961846338383,1.37456526552979e-16,86013,1531080,25985,436869,2.1147157931227535e-16
E,P,0.9394150745227065,1.620235054915201e-14,73912,1531080,19870,436869,2.314621507021716e-14
E,V,0.953373093577503,1.7620594991989467e-10,87609,1531080,23896,436869,2.349412665598596e-10
E,L,0.9626625166404366,4.0188570628481337e-10,136120,1531080,37514,436869,5.023571328560168e-10
E,S,0.9827502392572248,0.0129366131643831,99442,1531080,27916,436869,0.0152195448992742
E,C,1.025140968993969,0.0654895567545962,24830,1531080,7260,436869,0.0727661741717736
E,H,0.982282587940658,0.1239156679399114,34837,1531080,9768,436869,0.1304375451999067
E,K,0.9930550296519493,0.2362645445747673,144915,1531080,41089,436869,0.2362645445747673
P,K,0.8112960212113431,1.1087380351842216e-180,101013,1531105,23677,436852,2.217476070368443e-179
P,I,0.8079700821908459,1.2723988958634913e-129,68325,1531105,15887,436852,1.272398895863491e-128
P,E,1.1499395696855108,1.5758695518208069e-108,113862,1531105,36946,436852,1.0505797012138713e-107
P,G,1.1522118893871456,3.7761225813360117e-106,107582,1531105,34993,436852,1.888061290668006e-105
P,N,0.8323266946311556,8.178593525459429e-104,72579,1531105,17374,436852,3.271437410183771e-103
P,S,1.115810690841336,6.871846299962587e-60,101186,1531105,31969,436852,2.2906154333208625e-59
P,A,1.0745030713669368,4.824711637803187e-26,100204,1531105,30571,436852,1.3784890393723392e-25
P,F,0.913733590886748,1.853495902986675e-23,60353,1531105,15788,436852,4.633739757466688e-23
P,Q,1.078994536924351,1.0967528833262303e-19,64363,1531105,19749,436852,2.4372286296138454e-19
P,Y,0.9123585034434756,2.288717072112508e-19,47112,1531105,12297,436852,4.577434144225016e-19
P,H,0.9230368881954312,4.222211659249847e-13,39699,1531105,10476,436852,7.676748471363358e-13
P,V,1.050838149545012,1.8427239614782497e-12,94434,1531105,28225,436852,3.0712066024637496e-12
P,L,0.9716381716207012,8.394093545339709e-06,119008,1531105,33065,436852,1.2913990069753398e-05
P,M,0.95945624714226,0.0017747543564188,26936,1531105,7379,436852,0.0025353633663126
P,C,1.0291648556192805,0.0334343678695187,24637,1531105,7231,436852,0.0445791571593583
P,D,0.988692389460039,0.0654900184567706,130477,1531105,36842,436852,0.0818625230709633
P,R,1.0126982421029154,0.0837167175092993,89226,1531105,25762,436852,0.0984902558932933
P,P,1.0036766077282533,0.6421758423325846,76388,1531105,21871,436852,0.6782723825047701
P,W,0.9906311418218072,0.6443587633795316,11289,1531105,3191,436852,0.6782723825047701
P,T,1.001782247788443,0.8137776090645574,82432,1531105,23559,436852,0.8137776090645574
A,E,1.2426187001955038,0.0,136802,1531003,47476,436852,0.0
A,D,1.1612906049018143,1.2909110637687136e-109,98692,1531003,32366,436852,1.2909110637687136e-108
A,P,0.8326033856522789,1.1952437698906477e-95,66785,1531003,15983,436852,7.968291799270985e-95
A,L,0.8879657060063301,5.5253253714697676e-76,125517,1531003,32097,436852,2.7626626857348835e-75
A,F,0.8452732774885822,1.0947034190427834e-65,53128,1531003,12883,436852,4.3788136761711335e-65
A,I,0.9288945943995428,1.575112256901953e-22,87117,1531003,23184,436852,5.250374189673176e-22
A,Y,1.0941845507406742,8.822545436766564e-22,50291,1531003,15653,436852,2.5207272676475898e-21
A,S,0.940147185065492,3.2287827087835644e-19,105328,1531003,28372,436852,8.071956771958911e-19
A,A,0.9379125840866236,5.754247873878602e-19,95807,1531003,25740,436852,1.2787217497508002e-18
A,V,0.936198509705526,8.537357912068284e-19,89404,1531003,23972,436852,1.7074715824136568e-18
A,Q,1.0706313832022911,1.6440818341864392e-15,61597,1531003,18764,436852,2.9892396985207983e-15
A,T,0.966644745263194,1.2177905104277689e-05,80715,1531003,22302,436852,2.029650850712948e-05
A,G,0.9744442356075138,0.000355793896318,92597,1531003,25786,436852,0.00050827699474
A,H,1.0419199132151888,0.0003335456463122,34321,1531003,10194,436852,0.00050827699474
A,N,1.0254348039395438,0.0016044792929456,73608,1531003,21511,436852,0.0021393057239275
A,R,1.02302063465499,0.0028027155924221,81046,1531003,23629,436852,0.0035033944905276
A,C,0.9760250922727128,0.0764657084791521,24978,1531003,6959,436852,0.0899596570342966
A,K,1.0104973823173924,0.095260278288138,124407,1531003,35840,436852,0.1058447536534867
A,M,1.014542178171509,0.2262331816508045,31949,1531003,9246,436852,0.2381401912113732
A,W,1.0144187266203852,0.3807136874925965,16914,1531003,4895,436852,0.3807136874925965
