site,group,condition,timepoint,amino_acid,observed_count,total_n,observed_freq,bg_freq,log2_enrichment,weighted_log2_enrichment,p_value,p_adj
E,control,control,control,A,83036,1531080,0.0542336128745722,0.067412250706641,-0.3138235121883665,-0.0170197828709624,0.0,0.0
E,control,control,control,C,24830,1531080,0.01621731065653,0.0238282135754016,-0.5551362004333374,-0.0090028162191131,0.0,0.0
E,control,control,control,D,94892,1531080,0.0619771664446011,0.0481234530956506,0.3649966306317339,0.0226214569283816,0.0,0.0
E,control,control,control,E,126166,1531080,0.0824032708937482,0.0691685658782877,0.2525850602056793,0.0208138351398422,0.0,0.0
E,control,control,control,I,86066,1531080,0.0562126080936332,0.0454880729631176,0.3054054348964186,0.017167636021498,0.0,0.0
E,control,control,control,K,144915,1531080,0.0946488753037071,0.0568479550624314,0.7354769093834305,0.0696120622849882,0.0,0.0
E,control,control,control,L,136120,1531080,0.0889045640985448,0.100699758574717,-0.1797308347374037,-0.0159788915173964,0.0,0.0
E,control,control,control,N,66131,1531080,0.0431923870731771,0.0364747535138326,0.2438788219758759,0.0105337084777324,0.0,0.0
E,control,control,control,P,73912,1531080,0.0482744206703764,0.0604629373128141,-0.3247921215033517,-0.0156791515038768,0.0,0.0
E,control,control,control,S,99442,1531080,0.0649489249418711,0.0839683068408548,-0.3705392511809868,-0.024066126012971,0.0,0.0
E,control,control,control,G,86013,1531080,0.056177992005643,0.0635110823614363,-0.1770032983008822,-0.0099436898769194,2.063864301e-314,3.752480547e-314
E,control,control,control,H,34837,1531080,0.0227532199493168,0.0267873451303584,-0.2354808795748782,-0.0053579482468257,8.776109996385777e-221,1.4626849993976296e-220
E,control,control,control,T,74798,1531080,0.0488530971601745,0.0541743744397526,-0.1491605611503692,-0.0072869553863451,5.79661637700425e-192,8.917871349237309e-192
E,control,control,control,V,87609,1531080,0.0572203934477623,0.0615290122741532,-0.1047374154521517,-0.0059931161208738,1.88605698733919e-111,2.694367124770272e-111
E,control,control,control,M,35432,1531080,0.0231418345220367,0.0206998565712238,0.1608824643423695,0.0037231153673085,2.166484074168792e-96,2.888645432225056e-96
E,control,control,control,Y,46881,1531080,0.0306195626616506,0.0279565886363432,0.1312653484052167,0.0040192875607969,2.450444520719886e-86,3.0630556508998577e-86
E,control,control,control,Q,69221,1531080,0.0452105703163779,0.0475155118035431,-0.0717384523154173,-0.0032433363427943,1.3779101066384158e-41,1.6210707136922543e-41
E,control,control,control,F,57306,1531080,0.0374284818559448,0.0383467590059923,-0.0349681170965917,-0.0013088035362863,2.917870458489485e-09,3.2420782872105394e-09
E,control,control,control,R,85385,1531080,0.0557678240196462,0.0551234887554906,0.0167657813531989,0.000934991144057,0.0004865604905282,0.0005121689373981
E,control,control,control,W,18088,1531080,0.0118138830106852,0.0118817134979571,-0.0082596760009907,-9.757884598187004e-05,0.4423452007811835,0.4423452007811835
E,treatment,treatment,treatment,A,21339,436869,0.048845306029954,0.067412250706641,-0.4647908658506278,-0.0227028520824012,0.0,0.0
E,treatment,treatment,treatment,D,28653,436869,0.0655871668623775,0.0481234530956506,0.446673390260656,0.0292960421800095,0.0,0.0
E,treatment,treatment,treatment,E,40700,436869,0.0931629390045986,0.0691685658782877,0.4296396085676809,0.0400264886469504,0.0,0.0
E,treatment,treatment,treatment,K,41089,436869,0.0940533661120381,0.0568479550624314,0.7263711244887215,0.0683176493047505,0.0,0.0
E,treatment,treatment,treatment,P,19870,436869,0.0454827419661271,0.0604629373128141,-0.4107318363891992,-0.0186812101317635,0.0,0.0
E,treatment,treatment,treatment,S,27916,436869,0.0639001622912131,0.0839683068408548,-0.3940253017617704,-0.0251782807294213,0.0,0.0
E,treatment,treatment,treatment,L,37514,436869,0.0858701349832558,0.100699758574717,-0.2298318597939203,-0.0197356928239566,1.516976924157697e-243,4.334219783307706e-243
E,treatment,treatment,treatment,C,7260,436869,0.016618253984604,0.0238282135754016,-0.5199019836103417,-0.0086398632107361,5.544445577976318e-239,1.3861113944940797e-238
E,treatment,treatment,treatment,M,11776,436869,0.0269554488874239,0.0206998565712238,0.3809561635181519,0.0102688443940626,1.1545153831581545e-169,2.5655897403514545e-169
E,treatment,treatment,treatment,R,28282,436869,0.0647379420375444,0.0551234887554906,0.2319443054285071,0.0150155970007692,3.901955251236487e-162,7.803910502472974e-162
E,treatment,treatment,treatment,T,19783,436869,0.0452835976001959,0.0541743744397526,-0.2586220103253283,-0.0117113350461258,8.503175386229092e-157,1.5460318884052898e-156
E,treatment,treatment,treatment,F,13760,436869,0.0314968560369355,0.0383467590059923,-0.2838968206694804,-0.0089418572899703,1.8189466883512734e-130,3.031577813918789e-130
E,treatment,treatment,treatment,V,23896,436869,0.0546983191757712,0.0615290122741532,-0.1697703319927882,-0.0092861518059181,1.5439886877363384e-81,2.3753672119020593e-81
E,treatment,treatment,treatment,I,22507,436869,0.051518876367973,0.0454880729631176,0.1796128102467969,0.0092534501652089,1.9696650591466904e-78,2.8138072273524147e-78
E,treatment,treatment,treatment,H,9768,436869,0.0223591053611036,0.0267873451303584,-0.2606891402488762,-0.0058287759533201,1.4835052019675538e-77,1.9780069359567382e-77
E,treatment,treatment,treatment,N,17567,436869,0.040211138808201,0.0364747535138326,0.1406969660247706,0.0056575852307148,1.8752704296125222e-38,2.3440880370156527e-38
E,treatment,treatment,treatment,W,6036,436869,0.013816498767365,0.0118817134979571,0.2176491627782494,0.0030071493892437,1.1769070129313605e-30,1.3845964858016006e-30
E,treatment,treatment,treatment,G,25985,436869,0.0594800729738205,0.0635110823614363,-0.0946019394329564,-0.0056269302609371,2.7103414120281107e-28,3.011490457809012e-28
E,treatment,treatment,treatment,Q,21520,436869,0.0492596178717189,0.0475155118035431,0.0520068670599098,0.0025618383980764,7.013398949772643e-08,7.382525210286993e-08
E,treatment,treatment,treatment,Y,11648,436869,0.026662454877778,0.0279565886363432,-0.0683787095850158,-0.0018231442589111,1.766527809242735e-07,1.766527809242735e-07
P,control,control,control,C,24637,1531105,0.0160909931062859,0.0238282135754016,-0.566417426042315,-0.0091142188977271,0.0,0.0
P,control,control,control,D,130477,1531105,0.0852175389669552,0.0481234530956506,0.8244102211934924,0.0702542101493126,0.0,0.0
P,control,control,control,K,101013,1531105,0.0659739207957651,0.0568479550624314,0.2147873927264416,0.0141703664356631,0.0,0.0
P,control,control,control,L,119008,1531105,0.0777268704628356,0.100699758574717,-0.3735748896055039,-0.0290368070525351,0.0,0.0
P,control,control,control,N,72579,1531105,0.0474030193879583,0.0364747535138326,0.3780807272658378,0.0179221680447959,0.0,0.0
P,control,control,control,P,76388,1531105,0.0498907651663341,0.0604629373128141,-0.2772782714606626,-0.0138336251271709,0.0,0.0
P,control,control,control,S,101186,1531105,0.0660869110870907,0.0839683068408548,-0.3454803315046229,-0.0228317279504846,0.0,0.0
P,control,control,control,W,11289,1531105,0.0073731063512953,0.0118817134979571,-0.6883984345911995,-0.0050756348703061,0.0,0.0
P,control,control,control,G,107582,1531105,0.0702642862507796,0.0635110823614363,0.1457832294858079,0.0102433545671539,2.7106667826383253e-249,6.0237039614185e-249
P,control,control,control,Q,64363,1531105,0.0420369602346018,0.0475155118035431,-0.1767402199126268,-0.0074296215963218,2.4595540173295997e-231,4.919108034659199e-231
P,control,control,control,M,26936,1531105,0.0175925230470803,0.0206998565712238,-0.2346583683430179,-0.0041282327532648,5.766939545331922e-169,1.048534462787622e-168
P,control,control,control,E,113862,1531105,0.0743658991382041,0.0691685658782877,0.1045246735113785,0.0077730713278008,1.3448486857678527e-138,2.2414144762797547e-138
P,control,control,control,Y,47112,1531105,0.0307699341325382,0.0279565886363432,0.1383330267718121,0.0042564981221233,5.6620727838774875e-96,8.710881205965365e-96
P,control,control,control,R,89226,1531105,0.0582755591549893,0.0551234887554906,0.0802237432679839,0.004675083496448,2.2169517443031982e-64,3.167073920433141e-64
P,control,control,control,A,100204,1531105,0.0654455442311272,0.067412250706641,-0.0427158219699376,-0.0027955602161025,1.869885312442316e-22,2.493180416589754e-22
P,control,control,control,F,60353,1531105,0.0394179367189056,0.0383467590059923,0.0397476132628903,0.0015667689043241,6.307853916409928e-12,7.88481739551241e-12
P,control,control,control,H,39699,1531105,0.0259283328053921,0.0267873451303584,-0.0470221603335525,-0.0012192062223568,3.725760063438709e-11,4.383247133457305e-11
P,control,control,control,I,68325,1531105,0.0446246338428781,0.0454880729631176,-0.027647986731164,-0.0012337812843709,2.7340737493378e-07,3.037859721486445e-07
P,control,control,control,T,82432,1531105,0.0538382410089445,0.0541743744397526,-0.0089793140764029,-0.0004834304753403,0.066227603882318,0.0697132672445452
P,control,control,control,V,94434,1531105,0.0616770241100381,0.0615290122741532,0.0034663243882615,0.000213792572868,0.4462058844914697,0.4462058844914697
P,treatment,treatment,treatment,D,36842,436852,0.0843351981906915,0.0481234530956506,0.8093947142228456,0.0682604636384818,0.0,0.0
P,treatment,treatment,treatment,E,36946,436852,0.0845732650874895,0.0691685658782877,0.2900851329800951,0.0245334468494652,0.0,0.0
P,treatment,treatment,treatment,G,34993,436852,0.0801026434581963,0.0635110823614363,0.3348414968224194,0.026821689034975,0.0,0.0
P,treatment,treatment,treatment,L,33065,436852,0.0756892494483257,0.100699758574717,-0.4118999183922812,-0.0311763956709383,0.0,0.0
P,treatment,treatment,treatment,C,7231,436852,0.0165525166417917,0.0238282135754016,-0.5256202145012776,-0.0087003373477945,1.3658375050868636e-243,5.463350020347453e-243
P,treatment,treatment,treatment,W,3191,436852,0.0073045333431001,0.0118817134979571,-0.7018788933996083,-0.0051268977796556,2.274754329745189e-198,7.582514432483963e-198
P,treatment,treatment,treatment,I,15887,436852,0.0363670075906714,0.0454880729631176,-0.3228580977256908,-0.0117413828906999,6.60128049527411e-197,1.886080141506889e-196
P,treatment,treatment,treatment,P,21871,436852,0.050065010575664,0.0604629373128141,-0.2722483821779397,-0.0136301181329459,2.216224371208561e-193,5.540560928021403e-193
P,treatment,treatment,treatment,S,31969,436852,0.0731803906128391,0.0839683068408548,-0.1983877807120989,-0.0145180952853256,1.0579484381796723e-151,2.3509965292881612e-151
P,treatment,treatment,treatment,M,7379,436852,0.0168913041487734,0.0206998565712238,-0.2933400509000833,-0.00495489601877,2.05653475479865e-74,4.1130695095973e-74
P,treatment,treatment,treatment,H,10476,436852,0.0239806616428447,0.0267873451303584,-0.1596801398161696,-0.0038292354040137,1.4832566498684674e-31,2.696830272488122e-31
P,treatment,treatment,treatment,N,17374,436852,0.0397709063939274,0.0364747535138326,0.1248152132337151,0.0049640141620561,2.054865783268223e-30,3.424776305447039e-30
P,treatment,treatment,treatment,R,25762,436852,0.0589719172625969,0.0551234887554906,0.0973609001951738,0.0057415589509217,2.770140675490538e-28,4.261754885370059e-28
P,treatment,treatment,treatment,V,28225,436852,0.0646099823281111,0.0615290122741532,0.0704902473136601,0.0045543736332397,4.025739063343967e-17,5.751055804777096e-17
P,treatment,treatment,treatment,F,15788,436852,0.0361403862177579,0.0383467590059923,-0.0854927252963234,-0.0030897401110178,1.879327785870931e-14,2.505770381161241e-14
P,treatment,treatment,treatment,K,23677,436852,0.0541991338027524,0.0568479550624314,-0.0688386583850666,-0.0037309956566141,2.68833128580817e-14,3.360414107260212e-14
P,treatment,treatment,treatment,Q,19749,436852,0.0452075302390741,0.0475155118035431,-0.0718354661749197,-0.0032475040093406,5.106493190328607e-13,6.00763904744542e-13
P,treatment,treatment,treatment,A,30571,436852,0.0699802221347275,0.067412250706641,0.0539364504615974,0.0037744847844613,1.6814140454695402e-11,1.868237828299489e-11
P,treatment,treatment,treatment,Y,12297,436852,0.0281491214415866,0.0279565886363432,0.0099015666417365,0.0002787204018602,0.4407324226815627,0.4639288659805923
P,treatment,treatment,treatment,T,23559,436852,0.0539290194390777,0.0541743744397526,-0.0065487870052936,-0.0003531696617108,0.4765653019639953,0.4765653019639953
A,control,control,control,C,24978,1531003,0.0163147949416167,0.0238282135754016,-0.5464899408059484,-0.0089158713219053,0.0,0.0
A,control,control,control,D,98692,1531003,0.064462316533671,0.0481234530956506,0.4217158676439227,0.0271847817473342,0.0,0.0
A,control,control,control,E,136802,1531003,0.0893544950597745,0.0691685658782877,0.3694237628920451,0.0330096737963005,0.0,0.0
A,control,control,control,I,87117,1531003,0.0569019133208752,0.0454880729631176,0.3229888455964265,0.0183786832957374,0.0,0.0
A,control,control,control,K,124407,1531003,0.0812584952478865,0.0568479550624314,0.5154101955094422,0.0418814569225162,0.0,0.0
A,control,control,control,L,125517,1531003,0.0819835101564138,0.100699758574717,-0.2966545585551909,-0.0243207820142559,0.0,0.0
A,control,control,control,N,73608,1531003,0.0480782859341229,0.0364747535138326,0.3984872337905484,0.0191585831672796,0.0,0.0
A,control,control,control,P,66785,1531003,0.043621730329725,0.0604629373128141,-0.4710040692966167,-0.0205460124950601,0.0,0.0
A,control,control,control,Q,61597,1531003,0.0402331020905902,0.0475155118035431,-0.2400155909213994,-0.009656571772874,0.0,0.0
A,control,control,control,S,105328,1531003,0.0687967299868125,0.0839683068408548,-0.2875049039729516,-0.0197793972485116,0.0,0.0
A,control,control,control,Y,50291,1531003,0.0328484006889601,0.0279565886363432,0.2326348022365902,0.0076416811980645,6.912566485876223e-280,1.2568302701593132e-279
A,control,control,control,H,34321,1531003,0.0224173303383468,0.0267873451303584,-0.2569371250668582,-0.0057598444088088,6.92557431199761e-260,1.1542623853329353e-259
A,control,control,control,A,95807,1531003,0.0625779309380843,0.067412250706641,-0.1073568351587072,-0.0067181686162928,1.3047626299373595e-128,2.0073271229805533e-128
A,control,control,control,F,53128,1531003,0.0347014342885023,0.0383467590059923,-0.1441093552082926,-0.005000801320119,8.368516151344955e-126,1.1955023073349938e-125
A,control,control,control,V,89404,1531003,0.0583957052990751,0.0615290122741532,-0.0754045628497491,-0.0044033026303795,1.8314566184248249e-59,2.441942157899766e-59
A,control,control,control,G,92597,1531003,0.0604812662026135,0.0635110823614363,-0.0705200134644236,-0.0042651397069537,4.2888610218563025e-54,5.361076277320379e-54
A,control,control,control,R,81046,1531003,0.0529365389878399,0.0551234887554906,-0.0584033249002373,-0.0030916698856008,8.354918751199794e-33,9.829316177882111e-33
A,control,control,control,W,16914,1531003,0.0110476596061536,0.0118817134979571,-0.1050021326307239,-0.0011600278192244,5.760868212453299e-22,6.400964680503666e-22
A,control,control,control,T,80715,1531003,0.0527203408484503,0.0541743744397526,-0.0392508916697925,-0.002069320387437,1.465617298542193e-15,1.5427550510970453e-15
A,control,control,control,M,31949,1531003,0.0208680192004849,0.0206998565712238,0.0116728945279649,0.0002435901871348,0.1438329197704301,0.1438329197704301
A,treatment,treatment,treatment,D,32366,436852,0.0740891652092699,0.0481234530956506,0.6225224116756529,0.0461221658051106,0.0,0.0
A,treatment,treatment,treatment,E,47476,436852,0.1086775383882871,0.0691685658782877,0.6518653437215369,0.0708431209162913,0.0,0.0
A,treatment,treatment,treatment,K,35840,436852,0.0820415152042339,0.0568479550624314,0.5292456834872796,0.0434201177885968,0.0,0.0
A,treatment,treatment,treatment,L,32097,436852,0.0734733960242828,0.100699758574717,-0.4547663602323009,-0.0334132288838695,0.0,0.0
A,treatment,treatment,treatment,N,21511,436852,0.0492409328559786,0.0364747535138326,0.4329598646963207,0.0213193476268451,0.0,0.0
A,treatment,treatment,treatment,P,15983,436852,0.0365867616492542,0.0604629373128141,-0.7247293411865797,-0.0265154996662144,0.0,0.0
A,treatment,treatment,treatment,S,28372,436852,0.0649464807303159,0.0839683068408548,-0.3705935448932488,-0.0240687465221888,0.0,0.0
A,treatment,treatment,treatment,C,6959,436852,0.0159298801424738,0.0238282135754016,-0.5809353833505951,-0.009254231027297,7.925208509450619e-290,1.9813021273626545e-289
A,treatment,treatment,treatment,F,12883,436852,0.0294905368408522,0.0383467590059923,-0.3788525638618467,-0.0111725654918191,6.00379687782167e-221,1.3341770839603714e-220
A,treatment,treatment,treatment,Y,15653,436852,0.0358313570728759,0.0279565886363432,0.3580343564495812,0.0128288568703022,1.804077834022105e-201,3.60815566804421e-201
A,treatment,treatment,treatment,I,23184,436852,0.0530706051477388,0.0454880729631176,0.2224246812291502,0.0118042124326239,1.1486495993131522e-121,2.088453816933004e-121
A,treatment,treatment,treatment,A,25740,436852,0.058921556957505,0.067412250706641,-0.1942152405973703,-0.0114434643608735,1.959999182503555e-115,3.266665304172592e-115
A,treatment,treatment,treatment,V,23972,436852,0.054874419711939,0.0615290122741532,-0.1651330546636351,-0.0090615805499268,2.1296290119986102e-77,3.276352326151709e-77
A,treatment,treatment,treatment,H,10194,436852,0.0233351340957578,0.0267873451303584,-0.199047846261389,-0.0046448081839813,2.9355591516731503e-47,4.1936559309616436e-47
A,treatment,treatment,treatment,Q,18764,436852,0.0429527620338238,0.0475155118035431,-0.1456476638185819,-0.0062559694447819,5.421995464370392e-47,7.229327285827189e-47
A,treatment,treatment,treatment,G,25786,436852,0.0590268557772426,0.0635110823614363,-0.1056368619749963,-0.0062354118165585,1.0954283737251502e-34,1.3692854671564382e-34
A,treatment,treatment,treatment,T,22302,436852,0.0510516147345096,0.0541743744397526,-0.0856539959067894,-0.0043727747995046,3.660149755448678e-20,4.306058535821974e-20
A,treatment,treatment,treatment,W,4895,436852,0.0112051678829443,0.0118817134979571,-0.084578642187863,-0.0009477178850264,3.2622127429313765e-05,3.624680825479308e-05
A,treatment,treatment,treatment,R,23629,436852,0.054089256773461,0.0551234887554906,-0.0273251249094047,-0.0014779956975916,0.0027011912377618,0.002843359197644
A,treatment,treatment,treatment,M,9246,436852,0.0211650627672529,0.0206998565712238,0.0320639957665938,0.0006786364829688,0.0314047913866159,0.0314047913866159
