site,codon,odds_ratio,p_value,control_count,control_total,treatment_count,treatment_total,p_adj
E,GAG,1.2312316233892224,2.2887833441121115e-151,66837,1531080,23246,436869,1.396157839908388e-149
E,AGG,1.3009271825783055,1.020893642336539e-65,16557,1531080,6126,436869,3.113725609126444e-64
E,TTC,0.8020310731143835,1.2344016291568273e-56,26898,1531080,6177,436869,2.5099499792855488e-55
E,AGA,1.2295876947577646,1.8659155179433911e-53,22516,1531080,7873,436869,2.845521164863672e-52
E,CGG,1.298027769405335,9.00441152117505e-52,13142,1531080,4855,436869,1.098538205583356e-50
E,TCC,0.7829074592957511,1.5749007187200022e-48,18818,1531080,4215,436869,1.6011490640320022e-47
E,GCC,0.814873266101107,1.4239720385981966e-47,25819,1531080,6022,436869,1.2408899193498572e-46
E,AAA,0.8738729071522092,1.0078052515542384e-46,57148,1531080,14317,436869,7.684515043101068e-46
E,ATG,1.1693582143676446,1.362307418325273e-46,35432,1531080,11776,436869,9.233416946426853e-46
E,CAG,1.137082594379844,9.645914953693476e-44,50575,1531080,16335,436869,5.88400812175302e-43
E,TCT,0.8150527400029075,2.983923446888835e-41,22278,1531080,5195,436869,1.6547211841838083e-40
E,AGT,1.2353573390912764,5.410487710425511e-41,16211,1531080,5700,436869,2.7503312527996342e-40
E,GTC,0.7993032835462411,8.069873618813748e-41,18537,1531080,4238,436869,3.786633005751067e-40
E,GAT,1.124140422084281,3.565622130655147e-37,51798,1531080,16545,436869,1.5535924997854568e-36
E,TAC,0.8417339602231816,7.612558627118388e-32,23484,1531080,5654,436869,3.095773841694811e-31
E,TTT,0.8717505969356485,7.318722018245689e-27,30408,1531080,7583,436869,2.790262769456169e-26
E,CCT,0.8641478429973624,7.811568215646712e-26,25852,1531080,6389,436869,2.8029744773791147e-25
E,TGG,1.171888661797946,1.258088146619477e-25,18088,1531080,6036,436869,4.263520941321558e-25
E,GGG,1.1762890750547643,6.913564515920058e-25,16684,1531080,5589,436869,2.2196180814269662e-24
E,AAC,0.8840864809935199,9.725774206398192e-25,34359,1531080,8690,436869,2.9663611329514484e-24
E,AGC,1.152005612816375,2.5807324476630647e-23,20800,1531080,6823,436869,7.496413300354615e-23
E,AAG,1.0735530091421528,1.1289599035524989e-22,87767,1531080,26772,436869,3.1302979143955653e-22
E,GCT,0.8888259669771867,2.0708793468727042e-19,28728,1531080,7301,436869,5.492332180836302e-19
E,GCG,1.246090803093044,8.832777891618605e-19,6422,1531080,2281,436869,2.244997714119729e-18
E,ATT,0.9048433342537464,3.2083082009582346e-18,37078,1531080,9595,436869,7.828272010338093e-18
E,GGA,1.1098022995331258,7.347164202918076e-17,27693,1531080,8752,436869,1.72375775530001e-16
E,ATC,0.9135605367692828,4.3232436554877446e-15,36641,1531080,9571,436869,9.4184951065983e-15
E,CTT,0.8815021160427702,4.251560500518803e-15,19016,1531080,4790,436869,9.4184951065983e-15
E,ACA,0.9000444237212779,3.275626356659696e-14,25284,1531080,6504,436869,6.890110612284189e-14
E,TAT,0.8964277766079001,3.808733182724471e-14,23397,1531080,5994,436869,7.744424138206424e-14
E,GTT,0.8936633493301136,2.9755218705719577e-13,20579,1531080,5255,436869,5.855059164673854e-13
E,ACC,0.9043872593935948,1.1390021079723468e-11,22147,1531080,5723,436869,2.1712227683222863e-11
E,CTC,0.9003015748395762,2.380208661344532e-11,19645,1531080,5053,436869,4.3997796467277705e-11
E,CCG,1.1778526248590604,3.665967336331696e-11,6703,1531080,2251,436869,6.577176691653926e-11
E,GCA,0.9096426924215978,1.594815092904355e-10,22067,1531080,5735,436869,2.7795348762047336e-10
E,ACT,0.909759118884364,1.519689527533004e-09,19747,1531080,5132,436869,2.575029477208701e-09
E,CCA,0.925363963788095,2.3722600307535427e-08,24864,1531080,6573,436869,3.91102329394503e-08
E,GTG,1.060896312040864,5.851362112231444e-08,37607,1531080,11367,436869,9.392976022266265e-08
E,TCG,1.1506117729006864,3.3490434021071695e-07,5510,1531080,1808,436869,5.238247372526599e-07
E,ACG,1.1155111014568957,3.576307089260136e-06,7620,1531080,2424,436869,5.453868311121707e-06
E,TCA,0.9238843570964208,5.37473729856933e-06,15825,1531080,4175,436869,7.996560371042174e-06
E,GGC,0.9480786720680612,0.0001308780433279,24370,1531080,6598,436869,0.0001900847772143
E,GAA,1.0323294675961512,0.0003064211505143,59329,1531080,17454,436869,0.0004346904693343
E,CGC,0.943292940536114,0.0040511494660168,11457,1531080,3085,436869,0.0056163663051597
E,ATA,0.9479366287446852,0.0061631876506216,12347,1531080,3341,436869,0.0083545432597315
E,TTA,0.9502934235024038,0.0084068867302719,12593,1531080,3416,436869,0.0111482628379693
E,CTA,0.9511777759009588,0.0146810226713685,11186,1531080,3037,436869,0.0190540932543293
E,TGT,1.034452955907838,0.0624561490804683,13522,1531080,3990,436869,0.0793713561230952
E,AAT,0.9787614891087504,0.0772622371249923,31772,1531080,8877,436869,0.096183601318868
E,CTG,1.0162640131146907,0.0855737638189042,52382,1531080,15181,436869,0.1043999918590632
E,CAA,0.9742570575510748,0.0996259255905212,18646,1531080,5185,436869,0.1191604208043489
E,CGA,1.029581894327061,0.115157901045264,12986,1531080,3814,436869,0.135089076226175
E,GAC,0.9842599537497404,0.1293468904190159,43094,1531080,12108,436869,0.1488709493501882
E,GGT,1.024524283732276,0.1339703549366032,17266,1531080,5046,436869,0.1513368824283851
E,CAT,0.9804845249940534,0.2504157165450574,16003,1531080,4478,436869,0.2777337947136092
E,GTA,0.9772594243351465,0.2690858123362836,10886,1531080,3036,436869,0.2931113312948803
E,CAC,0.98418161060513,0.3109557121964982,18834,1531080,5290,436869,0.3327771656839717
E,CGT,1.01570921773133,0.4950064981685019,8727,1531080,2529,436869,0.5132744695212195
E,TGC,1.0135662008476265,0.4964457983893763,11308,1531080,3270,436869,0.5132744695212195
E,CCC,0.989473080406557,0.5327421416904584,16493,1531080,4657,436869,0.5416211773852994
E,TTG,0.9933187731256146,0.6548674620923298,21298,1531080,6037,436869,0.6548674620923298
P,AAG,0.8180008773546986,2.7974614331785568e-101,59210,1531105,13917,436852,1.7064514742389195e-99
P,AAA,0.8141486436391926,6.927599166940491e-76,41803,1531105,9760,436852,2.112917745916849e-74
P,GGA,1.2290774029054043,1.6758333809484026e-75,32532,1531105,11353,436852,3.407527874595085e-74
P,ATC,0.7801366840087472,2.2738535473171423e-74,28590,1531105,6390,436852,3.4676266596586423e-73
P,GAG,1.164908245200535,6.133657322687193e-69,56892,1531105,18794,436852,7.483061933678375e-68
P,ATT,0.7906825945957755,7.861858427262353e-69,29280,1531105,6632,436852,7.992889401050058e-68
P,GCG,1.415719547326558,5.5441120738839075e-55,7447,1531105,3002,436852,4.8312976643845484e-54
P,AAC,0.8346363945668855,8.218981949828255e-53,36615,1531105,8754,436852,6.266973736744043e-52
P,AAT,0.8368397683470407,1.6166419598222293e-50,35964,1531105,8620,436852,1.095723994990622e-49
P,GGG,1.2275183702938437,9.437497271491318e-45,18998,1531105,6635,436852,5.756873335609704e-44
P,GCA,1.1846933527975192,1.96857961924157e-40,25652,1531105,8644,436852,1.0916668797612346e-39
P,GAA,1.1217925725199311,3.944524576182658e-39,56970,1531105,18152,436852,2.005133326226184e-38
P,TTC,0.8539206332518475,3.038258753821961e-31,27244,1531105,6655,436852,1.4256444921779973e-30
P,AGC,1.155742897356193,6.097540766026602e-25,21350,1531105,7025,436852,2.656785619483019e-24
P,TCG,1.3283314377621742,1.468071217354595e-23,4741,1531105,1795,436852,5.970156283908685e-23
P,TCA,1.1798831343213938,3.0598226821865587e-22,14190,1531105,4769,436852,1.1665573975836257e-21
P,AGT,1.147372790216128,7.092926099657081e-19,17539,1531105,5732,436852,2.545108776935776e-18
P,ACG,1.2073490709573675,2.6347429837479894e-18,8690,1531105,2990,436852,8.928851222701519e-18
P,CAG,1.0869212432389077,2.3434757167946526e-17,45837,1531105,14178,436852,7.523790459182832e-17
P,GTG,1.079776225167302,1.505555237298571e-12,37593,1531105,11559,436852,4.5919434737606414e-12
P,GAC,0.9382638495759164,1.1762909488920435e-11,54898,1531105,14729,436852,3.416845137257841e-11
P,TAC,0.9078986958079732,4.029373053654856e-11,22649,1531105,5875,436852,1.1172352557861191e-10
P,CTT,0.9034141805031022,5.784493582164245e-11,20152,1531105,5201,436852,1.534148297878343e-10
P,CTC,0.9084208576991396,1.6092203571163922e-09,19057,1531105,4945,436852,4.090101741004164e-09
P,TAT,0.918899727549145,1.6926416364708607e-09,24463,1531105,6422,436852,4.1300455929889e-09
P,CAT,0.9115645392581846,2.1334283044969203e-09,20212,1531105,5263,436852,5.005351022088929e-09
P,GGC,1.06710570084422,2.111886526811573e-08,33050,1531105,10048,436852,4.7712991902039246e-08
P,CGC,0.9010313651995824,3.967002551512932e-08,13451,1531105,3461,436852,8.64239841579603e-08
P,CGG,1.1051995718619847,4.7128609118093534e-08,12785,1531105,4028,436852,9.913259159323121e-08
P,CCT,0.9375116144616796,3.747178153005289e-07,29655,1531105,7942,436852,7.619262244444088e-07
P,GTA,1.0945355301963522,3.068065697756215e-06,11475,1531105,3581,436852,6.037161534294487e-06
P,CCG,1.128783723546671,5.153943720800998e-06,5977,1531105,1924,436852,9.824705217776902e-06
P,ACT,0.9395484161428628,7.457064924398187e-06,24563,1531105,6591,436852,1.378427152691786e-05
P,GGT,1.0610235273407438,1.92801109993714e-05,23002,1531105,6957,436852,3.459078738122516e-05
P,CAC,0.9368371771508262,2.9692838409605244e-05,19487,1531105,5213,436852,5.175037551388343e-05
P,TTA,1.0712539353055337,0.0002766517013426,12145,1531105,3710,436852,0.0004687709383861
P,CAA,1.0546521430527038,0.0005667538722322,18526,1531105,5571,436852,0.0009343780055721
P,GAT,1.026813608913174,0.0007675351630551,75579,1531105,22113,436852,0.0012320959196411
P,GTT,1.0456132645918386,0.0011546238317814,23695,1531105,7064,436852,0.0018059500958632
P,ATG,0.95945624714226,0.0017747543564188,26936,1531105,7379,436852,0.0027065003935388
P,AGG,1.0471960713043065,0.002824242891337,18663,1531105,5573,436852,0.0042019223505258
P,TTT,0.9660942665612784,0.003877999417315,33109,1531105,9133,436852,0.0056323324870528
P,CGT,0.950183913296048,0.009201538476619,12245,1531105,3321,436852,0.0130533452807851
P,TCT,1.0312923744635416,0.0217082592948642,24951,1531105,7338,436852,0.0300955412951527
P,CCA,1.031808908269339,0.0255480055596309,22885,1531105,6734,436852,0.0346317408697219
P,CCC,1.0341604745131998,0.0336507073388237,17871,1531105,5271,436852,0.0446237640797445
P,AGA,1.032210702767624,0.0414462209162801,18550,1531105,5461,436852,0.0537919037424061
P,CTA,0.9589128692918144,0.0554909007548965,9771,1531105,2674,436852,0.0691986738646002
P,ATA,0.9601810597114098,0.0555858199895968,10455,1531105,2865,436852,0.0691986738646002
P,GTC,0.9734123643023964,0.0665168445933494,21671,1531105,6021,436852,0.0811505504038863
P,ACC,0.9754596436884204,0.0736219248802865,24301,1531105,6766,436852,0.0880575964254407
P,TGC,1.0351793883117673,0.0945204444630502,10434,1531105,3081,436852,0.1108797521585782
P,TTG,1.026955060024567,0.100693044382718,17148,1531105,5023,436852,0.1158919944782226
P,GCT,0.982733196496856,0.1257059784323544,36263,1531105,10172,436852,0.1420011978587707
P,TGT,1.024322308061146,0.1750259339171441,14203,1531105,4150,436852,0.1941196721626507
P,ACA,1.0163094761013018,0.2306835945112788,24878,1531105,7212,436852,0.2512803440212144
P,CTG,0.990241067458382,0.3616262878497614,40735,1531105,11512,436852,0.3870035712076394
P,CGA,1.0149165621888634,0.4155261781695278,13532,1531105,3918,436852,0.437018911523124
P,TCC,1.0107637634796829,0.4941673116258913,18415,1531105,5310,436852,0.5109187459182943
P,TGG,0.9906311418218072,0.6443587633795316,11289,1531105,3191,436852,0.6550980761025237
P,GCC,0.9945750973434336,0.6600941481195197,30842,1531105,8753,436852,0.6600941481195197
A,GAG,1.2310897687357794,1.208471469922094e-158,70389,1531003,24466,436852,7.371675966524773e-157
A,GAA,1.2261540031340266,2.5695548767154744e-144,66413,1531003,23010,436852,7.837142373982197e-143
A,CCT,0.7410690936937661,9.187614839419287e-83,22477,1531003,4771,436852,1.868148350681922e-81
A,GAC,1.1842688465708529,6.511519718094986e-73,48294,1531003,16225,436852,9.930067570094853e-72
A,TTC,0.8196422194919876,8.324256683928836e-45,25620,1531003,6010,436852,1.015559315439318e-43
A,GAT,1.127126030263594,6.893578057467927e-38,50398,1531003,16141,436852,7.0084710250923924e-37
A,TCT,0.8379445406580206,3.0022698457559006e-35,24899,1531003,5969,436852,2.616263722730142e-34
A,GCC,0.8683095422774404,2.1689355098983632e-30,32862,1531003,8165,436852,1.6538133262975017e-29
A,CTT,0.8317886045418328,1.7501472771217938e-29,19034,1531003,4527,436852,1.186210932271438e-28
A,TAC,1.1524474439063657,3.6221189513361055e-28,25405,1531003,8333,436852,2.2094925603150238e-27
A,GGT,0.8411133865264617,1.039317906443888e-26,19307,1531003,4643,436852,5.763490208461561e-26
A,CCC,0.833789218926507,1.4025417219829364e-25,16774,1531003,3998,436852,7.129587086746593e-25
A,CTG,0.8944952001427307,8.803088387197846e-25,41942,1531003,10736,436852,4.130679935531297e-24
A,TTT,0.873659233168694,8.493360614437404e-24,27508,1531003,6873,436852,3.70067855343344e-23
A,AGG,1.169089872866958,4.918504485718921e-23,16641,1531003,5541,436852,2.000191824192361e-22
A,GGC,0.8801611348224718,1.1578113978860941e-22,29128,1531003,7332,436852,4.414155954440734e-22
A,CGT,0.7901154637312708,6.5079248608423625e-21,8263,1531003,1865,436852,2.3351965677140247e-20
A,GTC,0.868991549809364,7.681019081814561e-21,22055,1531003,5479,436852,2.60301202217049e-20
A,GCT,0.8995059718654709,1.3212803970082332e-17,31808,1531003,8181,436852,4.242005485131697e-17
A,GGA,1.111395565345582,2.1510181189718604e-17,27869,1531003,8820,436852,6.560605262864172e-17
A,ATC,0.9095614042257096,2.7641470061586865e-17,38827,1531003,10100,436852,8.02918892265142e-17
A,CTC,0.8817514929868566,1.134344683292474e-16,21368,1531003,5385,436852,3.145228440038224e-16
A,CAG,1.083131878969685,1.3288076906583289e-15,44458,1531003,13707,436852,3.524229092615568e-15
A,ACT,0.88888909098459,2.377941748738837e-15,22146,1531003,5626,436852,6.043935278044544e-15
A,TCC,0.8887672426599744,4.700814295964131e-15,21638,1531003,5496,436852,1.1469986882152481e-14
A,AAC,1.0860637358147136,6.753173877948256e-15,39300,1531003,12152,436852,1.5843984867493987e-14
A,CCA,0.901714205256855,4.356529359301039e-12,21789,1531003,5614,436852,9.84252929323568e-12
A,CGC,0.8881601306028841,8.941795232788042e-09,11477,1531003,2911,436852,1.9480339614288237e-08
A,ATT,0.9339064902271872,1.1172605810351757e-08,33474,1531003,8933,436852,2.3500998428670933e-08
A,TTG,0.922519321649654,1.0965477982420449e-07,20823,1531003,5487,436852,2.229647189758825e-07
A,CAC,1.0799085594483773,4.39108546803103e-07,18851,1531003,5803,436852,8.640523017738478e-07
A,TGT,0.9101691498453236,7.13587965796849e-07,13347,1531003,3469,436852,1.3602770598002435e-06
A,ACC,0.9357479347063696,1.2074537044856964e-06,25478,1531003,6810,436852,2.2319598779887115e-06
A,GTT,0.9340900029237176,7.297258613805392e-06,20591,1531003,5493,436852,1.3092140454180265e-05
A,GTG,0.9494763166958008,8.372365037534819e-06,35165,1531003,9538,436852,1.459183620827497e-05
A,GGG,1.0744148910820932,1.1511233195529698e-05,16293,1531003,4991,436852,1.8977979052089503e-05
A,AAG,1.0350360420437783,1.1305266880633149e-05,75601,1531003,22289,436852,1.8977979052089503e-05
A,AGA,1.063053832678139,3.2746480630316465e-05,20325,1531003,6160,436852,5.256671890656064e-05
A,GCA,1.0571625672830818,3.698759722566387e-05,24395,1531003,7352,436852,5.785239566065375e-05
A,AAT,0.9550769106041482,9.345081879240326e-05,34308,1531003,9359,436852,0.0001425124986584
A,CTA,0.928089472472344,0.0004856036357437,10436,1531003,2765,436852,0.0007179963199329
A,CGA,1.068065878748408,0.000494358121921,12213,1531003,3720,436852,0.0007179963199329
A,ACA,1.0462693302278956,0.0006383911283305,25393,1531003,7575,436852,0.0009056246239107
A,AGC,1.048452705732156,0.0011020328417652,21113,1531003,6312,436852,0.0015278182579018
A,TTA,0.9399914456134262,0.0019035991069479,11914,1531003,3197,436852,0.0025804343449738
A,AAA,0.9721980936853246,0.004244317841735,48806,1531003,13551,436852,0.0056283345292573
A,TGC,1.052014347983585,0.0092434636396104,11631,1531003,3490,436852,0.0119968357875795
A,GCG,1.061761084815525,0.0185447272754726,6742,1531003,2042,436852,0.0232103899947428
A,GTA,1.0469533281961434,0.0186444116351213,11593,1531003,3462,436852,0.0232103899947428
A,TAT,1.0313811045978127,0.0215444167767453,24886,1531003,7320,436852,0.0262841884676293
A,CAA,1.0344672054197794,0.0361367756222197,17139,1531003,5057,436852,0.0432224179010863
A,ACG,1.043237770572773,0.0780581732572875,7698,1531003,2291,436852,0.0915682417056641
A,ATG,1.014542178171509,0.2262331816508045,31949,1531003,9246,436852,0.2603815864282844
A,ATA,0.9817177283576368,0.3002721272615558,14816,1531003,4151,436852,0.3391962919065723
A,TGG,1.0144187266203852,0.3807136874925965,16914,1531003,4895,436852,0.4222460897645161
A,TCA,0.9854029395498844,0.3950021998995688,15778,1531003,4437,436852,0.4267199792012935
A,CCG,0.9759610504481956,0.3987383412208808,5745,1531003,1600,436852,0.4267199792012935
A,TCG,0.9774772105942122,0.443567072113368,5435,1531003,1516,436852,0.4665101965330249
A,AGT,0.9879358936826164,0.4739673480108785,16465,1531003,4642,436852,0.490034037773959
A,CGG,0.9917615652263296,0.6771204396089261,12127,1531003,3432,436852,0.6884057802690748
A,CAT,0.9946987508319052,0.763937447816051,15470,1531003,4391,436852,0.763937447816051
