site,comparison,time_a,time_b,amino_acid,count_time_a,total_time_a,bg_freq_time_a,count_time_b,total_time_b,bg_freq_time_b,log2_enrich_time_a,log2_enrich_time_b,delta_log2_enrichment,enrichment_ratio,p_value,p_adj
A,d10_vs_d0,day_10,day_0,G,276,2687,0.07353865493400377,360,4936,0.0817600512898382,0.48209725151264615,-0.16481349435445686,0.6469107458671031,1.5658117186163734,3.580966595662898e-08,7.161933191325796e-07
A,d10_vs_d0,day_10,day_0,L,129,2687,0.07524467989584269,381,4936,0.07467395522262152,-0.6482867419006116,0.04777155045952505,-0.6960582923601367,0.6172563625853323,1.0708756301669562e-06,1.0708756301669562e-05
A,d10_vs_d0,day_10,day_0,Y,118,2687,0.02857142857142857,309,4936,0.02887584147390798,0.6201454602936416,1.1163295496617514,-0.49618408936810976,0.7089795455499107,0.0013651694860863282,0.009101129907242189
A,d10_vs_d0,day_10,day_0,D,242,2687,0.05358714195923498,376,4936,0.05692497173997402,0.749051948282205,0.4202566921572862,0.3287952561249188,1.2559641250307487,0.006484573207809576,0.032422866039047885
A,d10_vs_d0,day_10,day_0,Q,54,2687,0.038520247822573406,153,4936,0.040061750265728606,-0.9386538989605914,-0.37010809939847095,-0.5685457995621204,0.6742961195872305,0.012666578389563251,0.04346188485252378
A,d10_vs_d0,day_10,day_0,W,26,2687,0.008494208494208495,88,4936,0.009001029171095477,0.187963876064545,0.9859992565800868,-0.7980353805155418,0.5751318420239296,0.013038565455757134,0.04346188485252378
A,d10_vs_d0,day_10,day_0,E,310,2687,0.0678459190087097,517,4936,0.07183108096708339,0.7659379501487159,0.5441417545162446,0.22179619563247133,1.1661846154227382,0.033218867889879156,0.09491105111394045
A,d10_vs_d0,day_10,day_0,I,168,2687,0.05692735925294065,246,4936,0.05413271245634459,0.13527082901483864,-0.11925666377974574,0.25452749279458436,1.1929449692407759,0.08241353864266696,0.2060338466066674
A,d10_vs_d0,day_10,day_0,H,37,2687,0.02264523659872497,85,4936,0.02189941117916013,-0.717678663436422,-0.3467716330942219,-0.3709070303422001,0.7732961683355141,0.22009231488981626,0.40016784525421134
A,d10_vs_d0,day_10,day_0,K,270,2687,0.0908503187572955,495,4936,0.08200469032073021,0.14539960450640826,0.2903077974598426,-0.14490819295343432,0.9044369302933847,0.19155242103961745,0.40016784525421134
A,d10_vs_d0,day_10,day_0,R,209,2687,0.06481099039238575,301,4936,0.057102124141654435,0.26319623544649795,0.09480477399247142,0.16839146145402653,1.123804795311206,0.2019853685178734,0.40016784525421134
A,d10_vs_d0,day_10,day_0,S,112,2687,0.05545479033851127,230,4936,0.05538121509675895,-0.41188158394762825,-0.24917714606865912,-0.16270443787896913,0.8933488522448136,0.3366837067394076,0.5179749334452425
A,d10_vs_d0,day_10,day_0,T,93,2687,0.05637065637065637,183,4936,0.0527408007288556,-0.7037099712112357,-0.5084901259484073,-0.19521984526282843,0.8734397865447509,0.3179507296209234,0.5179749334452425
A,d10_vs_d0,day_10,day_0,M,51,2687,0.017670826973152556,121,4936,0.01941927755563429,0.10313136789510385,0.33610321790957876,-0.2329718500144749,0.8508803317923092,0.37297302283721595,0.5328186040531656
A,d10_vs_d0,day_10,day_0,N,73,2687,0.04257879141600072,145,4936,0.04210322079937912,-0.6482348573391424,-0.519291999719343,-0.1289428576197994,0.9145013104233894,0.5715438483520465,0.672404527472996
A,d10_vs_d0,day_10,day_0,P,119,2687,0.041519260123911286,230,4936,0.04655733832734389,0.09311261207011275,0.0012109795198941042,0.09190163255021865,1.065774065789001,0.5686769777523526,0.672404527472996
A,d10_vs_d0,day_10,day_0,V,182,2687,0.07364640387896201,294,4936,0.06916535911322569,-0.12074485686567171,-0.21564780164078381,0.0949029447751121,1.0679935579071909,0.5056298114874074,0.672404527472996
A,d10_vs_d0,day_10,day_0,A,101,2687,0.08334380892520428,202,4936,0.08620573298915152,-1.148787968155549,-1.0748428235009406,-0.07394514465460844,0.9500365052627743,0.7169950651122132,0.7966611834580147
A,d10_vs_d0,day_10,day_0,F,86,2687,0.035377570261291194,163,4936,0.03694049366469268,-0.14449462837879257,-0.1617454814543586,0.017250853075566036,1.0120291554379564,0.946794043347331,0.9966253087866641
A,d10_vs_d0,day_10,day_0,C,31,2687,0.013001706024961838,57,4936,0.013218943496819693,-0.17242904543348186,-0.19498735154062388,0.022558306107142018,1.0157591117151954,1.0,1.0
E,d10_vs_d0,day_10,day_0,G,195,2687,0.07353865493400377,291,4936,0.0817600512898382,-0.019096891515912217,-0.4717912477758477,0.4526943562599355,1.3685938374280269,0.0008451991683846303,0.016903983367692606
E,d10_vs_d0,day_10,day_0,I,151,2687,0.05692735925294065,320,4936,0.05413271245634459,-0.018641854438842597,0.26015692576837657,-0.27879878020721915,0.8242770429207193,0.04974576217816956,0.22822682806916067
E,d10_vs_d0,day_10,day_0,K,435,2687,0.0908503187572955,808,4936,0.08200469032073021,0.833455598191668,0.9972345652446654,-0.16377896705299733,0.8926837276101167,0.05705670701729017,0.22822682806916067
E,d10_vs_d0,day_10,day_0,Q,115,2687,0.038520247822573406,172,4936,0.040061750265728606,0.15194864982031536,-0.2012311873890248,0.35317983720934015,1.2773729784816235,0.04653971806289854,0.22822682806916067
E,d10_vs_d0,day_10,day_0,V,162,2687,0.07364640387896201,337,4936,0.06916535911322569,-0.28868949417974327,-0.018715365295289763,-0.2699741288844535,0.8293344177129112,0.05111687915928187,0.22822682806916067
E,d10_vs_d0,day_10,day_0,L,171,2687,0.07524467989584269,267,4936,0.07467395522262152,-0.24166148243796784,-0.4651797053462431,0.22351822290827525,1.1675774258571259,0.12139074136646358,0.40463580455487863
E,d10_vs_d0,day_10,day_0,R,146,2687,0.06481099039238575,268,4936,0.057102124141654435,-0.2543383377543674,-0.07272571230945817,-0.18161262544490925,0.8817168737903711,0.22520981774879853,0.5630245443719963
E,d10_vs_d0,day_10,day_0,Y,59,2687,0.02857142857142857,135,4936,0.02887584147390798,-0.3798545397063584,-0.07831788119179232,-0.30153665851456607,0.8113877021293422,0.2006578910027001,0.5630245443719963
E,d10_vs_d0,day_10,day_0,A,103,2687,0.08334380892520428,170,4936,0.08620573298915152,-1.1204989237241254,-1.3236633701150338,0.20316444639090836,1.1512207063772442,0.27901103144037936,0.6200245143119542
E,d10_vs_d0,day_10,day_0,E,239,2687,0.0678459190087097,435,4936,0.07183108096708339,0.3906803528552269,0.2949928749374005,0.09568747791782639,1.0685744874711147,0.41608514851517353,0.737159837924492
E,d10_vs_d0,day_10,day_0,F,72,2687,0.035377570261291194,155,4936,0.03694049366469268,-0.40083438163857804,-0.23434923041119854,-0.1664851512273795,0.8910108153203192,0.4422959027546952,0.737159837924492
E,d10_vs_d0,day_10,day_0,N,184,2687,0.04257879141600072,308,4936,0.04210322079937912,0.6855025398378531,0.5675854509606238,0.11791708887722929,1.0851670059640646,0.3964885134348559,0.737159837924492
E,d10_vs_d0,day_10,day_0,C,16,2687,0.013001706024961838,26,4936,0.013218943496819693,-1.1266253558203572,-1.3274376475642735,0.20081229174391635,1.1493452976231493,0.7463577200018578,0.8780679058845386
E,d10_vs_d0,day_10,day_0,D,169,2687,0.05358714195923498,344,4936,0.05692497173997402,0.2310681472897948,0.2919325951817469,-0.06086444789195211,0.9586895103900861,0.6748237095383215,0.8780679058845386
E,d10_vs_d0,day_10,day_0,H,47,2687,0.02264523659872497,92,4936,0.02189941117916013,-0.3725431773877344,-0.23260061317491082,-0.13994256421282358,0.9075552856934133,0.6588041624652601,0.8780679058845386
E,d10_vs_d0,day_10,day_0,P,118,2687,0.041519260123911286,253,4936,0.04655733832734389,0.0809378981240105,0.13871450326982895,-0.05777660514581845,0.9607436192750352,0.740133965182407,0.8780679058845386
E,d10_vs_d0,day_10,day_0,S,111,2687,0.05545479033851127,191,4936,0.05538121509675895,-0.4248206396551264,-0.5172383689772857,0.0924177293221593,1.0661553944376445,0.5883639019307212,0.8780679058845386
E,d10_vs_d0,day_10,day_0,T,113,2687,0.05637065637065637,199,4936,0.0527408007288556,-0.42268981990407956,-0.3875653436888009,-0.035124476215278644,0.9759475520591615,0.8603656505032471,0.942904234203743
E,d10_vs_d0,day_10,day_0,W,21,2687,0.008494208494208495,43,4936,0.009001029171095477,-0.12015841929778677,-0.0471676073551124,-0.07299081194267437,0.9506651556889285,0.8957590224935559,0.942904234203743
E,d10_vs_d0,day_10,day_0,M,60,2687,0.017670826973152556,122,4936,0.01941927755563429,0.3375966215321266,0.3479773181978704,-0.010380696665743816,0.9928304739331668,1.0,1.0
P,d10_vs_d0,day_10,day_0,G,311,2687,0.07353865493400377,403,4936,0.0817600512898382,0.6543435648650797,-0.002030562156164148,0.6563741270212439,1.5761164456457832,3.183417143061039e-09,6.366834286122078e-08
P,d10_vs_d0,day_10,day_0,K,203,2687,0.0908503187572955,506,4936,0.08200469032073021,-0.26608007535924644,0.32201665718718087,-0.5880967325464272,0.6652199161215836,5.342614298402327e-07,5.342614298402327e-06
P,d10_vs_d0,day_10,day_0,D,323,2687,0.05358714195923498,477,4936,0.05692497173997402,1.1655790657015352,0.7635132964851604,0.4020657692163748,1.3213986438721204,0.00013601318569964022,0.0009067545713309349
P,d10_vs_d0,day_10,day_0,E,253,2687,0.0678459190087097,369,4936,0.07183108096708339,0.4728071195687886,0.05759829026170603,0.4152088293070826,1.3334916853038692,0.0005074860504042473,0.0025374302520212366
P,d10_vs_d0,day_10,day_0,H,47,2687,0.02264523659872497,138,4936,0.02189941117916013,-0.3725431773877344,0.35236188754624526,-0.7249050649339797,0.6050368571289422,0.002715283390355517,0.010861133561422069
P,d10_vs_d0,day_10,day_0,I,139,2687,0.05692735925294065,308,4936,0.05413271245634459,-0.1381055210404141,0.2050153715759156,-0.3431208926163297,0.7883341117466586,0.02078352887153156,0.06927842957177187
P,d10_vs_d0,day_10,day_0,M,34,2687,0.017670826973152556,106,4936,0.01941927755563429,-0.4818311328260524,0.14516043519818325,-0.6269915680242356,0.6475252839425749,0.030720045677946263,0.08777155907984646
P,d10_vs_d0,day_10,day_0,C,41,2687,0.013001706024961838,54,4936,0.013218943496819693,0.23092664879772667,-0.27298986354189697,0.5039165123396236,1.418057971373006,0.10580569078027717,0.23512375728950483
P,d10_vs_d0,day_10,day_0,T,106,2687,0.05637065637065637,222,4936,0.0527408007288556,-0.5149483277560681,-0.22977409788234374,-0.2851742298737244,0.8206424963380352,0.09695545806243702,0.23512375728950483
P,d10_vs_d0,day_10,day_0,L,139,2687,0.07524467989584269,288,4936,0.07467395522262152,-0.5405729246003584,-0.3559506355914846,-0.18462228900887384,0.8798794063887977,0.2248333307958985,0.3747222179931642
P,d10_vs_d0,day_10,day_0,W,7,2687,0.008494208494208495,25,4936,0.009001029171095477,-1.7051209200189432,-0.8295761722824856,-0.8755447477364576,0.5450480225949855,0.19123211683653057,0.3747222179931642
P,d10_vs_d0,day_10,day_0,Y,89,2687,0.02857142857142857,195,4936,0.02887584147390798,0.21323584189819814,0.45219683550698736,-0.23896099360878922,0.8473553447269925,0.2134322604613557,0.3747222179931642
P,d10_vs_d0,day_10,day_0,R,171,2687,0.06481099039238575,302,4936,0.057102124141654435,-0.02631038174848696,0.09958983655784837,-0.12590021830633533,0.9164320260379462,0.36904458694270015,0.5677609029887695
P,d10_vs_d0,day_10,day_0,A,97,2687,0.08334380892520428,167,4936,0.08620573298915152,-1.2070866087202161,-1.3493500137786831,0.14226340505846702,1.1036352216825043,0.43783792636533747,0.5858184366835263
P,d10_vs_d0,day_10,day_0,Q,67,2687,0.038520247822573406,144,4936,0.040061750265728606,-0.6274522106662875,-0.4575709406488104,-0.16988127001747716,0.8889158335762215,0.468654749346821,0.5858184366835263
P,d10_vs_d0,day_10,day_0,S,95,2687,0.05545479033851127,192,4936,0.05538121509675895,-0.6493808976742845,-0.5097046962918782,-0.13967620138240633,0.9077228618651961,0.4590523384631411,0.5858184366835263
P,d10_vs_d0,day_10,day_0,F,122,2687,0.035377570261291194,218,4936,0.03694049366469268,0.35997795448199565,0.2577106890914901,0.10226726539050557,1.073459130842714,0.5300836561577413,0.6236278307738133
P,d10_vs_d0,day_10,day_0,N,174,2687,0.04257879141600072,328,4936,0.04210322079937912,0.6048840796295686,0.6583509148838063,-0.05346683525423768,0.9636179444529783,0.7093074156297342,0.7466393848734044
P,d10_vs_d0,day_10,day_0,P,110,2687,0.041519260123911286,216,4936,0.04655733832734389,-0.02034543771317111,-0.08939156926101252,0.06904613154784141,1.0490228705439513,0.6797208293633267,0.7466393848734044
P,d10_vs_d0,day_10,day_0,V,159,2687,0.07364640387896201,278,4936,0.06916535911322569,-0.3156565417800127,-0.2963790737536408,-0.01927746802637187,0.9867267542479553,0.9209787700912542,0.9209787700912542
A,d10_vs_d5,day_10,day_5,G,276,2687,0.07353865493400377,256,3723,0.07117886845791739,0.48209725151264615,-0.049842709348385125,0.5319399608610312,1.4458721219374393,2.4624302603026783e-05,0.0004924860520605357
A,d10_vs_d5,day_10,day_5,Q,54,2687,0.038520247822573406,148,3723,0.042101543470853264,-0.9386538989605914,-0.0828134698779433,-0.855840429082648,0.5525433537030692,0.00012831310444639637,0.0012831310444639636
A,d10_vs_d5,day_10,day_5,L,129,2687,0.07524467989584269,233,3723,0.07601246892234688,-0.6482867419006116,-0.28044366099094165,-0.36784308090967,0.7749402150920973,0.02177198729818998,0.1451465819879332
A,d10_vs_d5,day_10,day_5,K,270,2687,0.0908503187572955,411,3723,0.08473314234511654,0.14539960450640826,0.38167449992190366,-0.2362748954154954,0.8489344725287992,0.03695398820034473,0.18476994100172364
A,d10_vs_d5,day_10,day_5,N,73,2687,0.04257879141600072,137,3723,0.0432247561114126,-0.6482348573391424,-0.23221945183695372,-0.41601540550218874,0.7494917975514658,0.04978115049756707,0.19912460199026827
A,d10_vs_d5,day_10,day_5,H,37,2687,0.02264523659872497,72,3723,0.021681790072819517,-0.717678663436422,-0.16495258175838054,-0.5527260816780414,0.6817307286447543,0.0656335282214334,0.21486826925588418
A,d10_vs_d5,day_10,day_5,Y,118,2687,0.02857142857142857,140,3723,0.030730593031033482,0.6201454602936416,0.29121369791303264,0.32893176238060895,1.256082968630019,0.07520389423955946,0.21486826925588418
A,d10_vs_d5,day_10,day_5,E,310,2687,0.0678459190087097,413,3723,0.07295834016936532,0.7659379501487159,0.6045313523403387,0.16140659780837718,1.118377001120273,0.13911330740829042,0.34778326852072605
A,d10_vs_d5,day_10,day_5,P,119,2687,0.041519260123911286,139,3723,0.041483145500208235,0.09311261207011275,-0.15197793041903196,0.2450905424891447,1.1851671488339652,0.18523831585935108,0.37047663171870215
A,d10_vs_d5,day_10,day_5,R,209,2687,0.06481099039238575,242,3723,0.06170097303027626,0.26319623544649795,0.07517628520422798,0.18801995024226997,1.1391991304761717,0.1683060805348418,0.37047663171870215
A,d10_vs_d5,day_10,day_5,W,26,2687,0.008494208494208495,26,3723,0.008720673422769666,0.187963876064545,-0.3204654443093956,0.5084293203739406,1.4225006584936917,0.20766213402532857,0.3775675164096883
A,d10_vs_d5,day_10,day_5,A,101,2687,0.08334380892520428,116,3723,0.07986168078044348,-1.148787968155549,-1.357916151407449,0.20912818325189986,1.1559894114890386,0.3038314501865387,0.5063857503108978
A,d10_vs_d5,day_10,day_5,T,93,2687,0.05637065637065637,147,3723,0.05647614119666317,-0.7037099712112357,-0.516362884264846,-0.18734708694638968,0.8782191588019581,0.3597561516060069,0.5534710024707798
A,d10_vs_d5,day_10,day_5,C,31,2687,0.013001706024961838,40,3723,0.01384454232239989,-0.17242904543348186,-0.3657829775780597,0.19335393214457786,1.1434188125932383,0.6289267136209177,0.8099662568056326
A,d10_vs_d5,day_10,day_5,D,242,2687,0.05358714195923498,355,3723,0.05454522508424095,0.749051948282205,0.8058285954703078,-0.056776647188102825,0.9614097588384807,0.6479730054445061,0.8099662568056326
A,d10_vs_d5,day_10,day_5,I,168,2687,0.05692735925294065,241,3723,0.0554538914900867,0.13527082901483864,0.223206919744456,-0.08793609072961736,0.9408677856510126,0.5823381010046171,0.8099662568056326
A,d10_vs_d5,day_10,day_5,S,112,2687,0.05545479033851127,152,3723,0.05727122430177821,-0.41188158394762825,-0.48827664229098117,0.07639505834335292,1.0543801084395459,0.707563796158833,0.83242799548098
A,d10_vs_d5,day_10,day_5,V,182,2687,0.07364640387896201,253,3723,0.07172154422807527,-0.12074485686567171,-0.07780668741924864,-0.04293816944642308,0.9706760697965466,0.7713330549057209,0.8570367276730233
A,d10_vs_d5,day_10,day_5,M,51,2687,0.017670826973152556,75,3723,0.019018892689021544,0.10313136789510385,0.08299172683582766,0.020139641059276195,1.0140576275096949,0.9279056001396864,0.9767427369891435
A,d10_vs_d5,day_10,day_5,F,86,2687,0.035377570261291194,127,3723,0.03728056337317162,-0.14449462837879257,-0.1281326860548525,-0.01636194232394006,0.9887228351688819,1.0,1.0
E,d10_vs_d5,day_10,day_5,G,195,2687,0.07353865493400377,193,3723,0.07117886845791739,-0.019096891515912217,-0.4573856720803048,0.4382887805643926,1.3549961764495941,0.0028898582223921346,0.05779716444784269
E,d10_vs_d5,day_10,day_5,A,103,2687,0.08334380892520428,107,3723,0.07986168078044348,-1.1204989237241254,-1.4744301601338738,0.35393123640974844,1.2780384462358685,0.08130007812146053,0.5025205991158466
E,d10_vs_d5,day_10,day_5,E,239,2687,0.0678459190087097,402,3723,0.07295834016936532,0.3906803528552269,0.565585072099822,-0.1749047192445951,0.8858260202983372,0.14692612218729323,0.5025205991158466
E,d10_vs_d5,day_10,day_5,K,435,2687,0.0908503187572955,625,3723,0.08473314234511654,0.833455598191668,0.9863922957896701,-0.1529366975980021,0.8994177758285118,0.09443099561038382,0.5025205991158466
E,d10_vs_d5,day_10,day_5,L,171,2687,0.07524467989584269,208,3723,0.07601246892234688,-0.24166148243796784,-0.4441900875041296,0.20252860506616174,1.1507134388012237,0.1758822096905463,0.5025205991158466
E,d10_vs_d5,day_10,day_5,P,118,2687,0.041519260123911286,136,3723,0.041483145500208235,0.0809378981240105,-0.1834561618922,0.26439406001621046,1.2011314616395636,0.16175357616522434,0.5025205991158466
E,d10_vs_d5,day_10,day_5,R,146,2687,0.06481099039238575,224,3723,0.06170097303027626,-0.2543383377543674,-0.03633203001276249,-0.21800630774160495,0.8597527272296673,0.15685641294160851,0.5025205991158466
E,d10_vs_d5,day_10,day_5,I,151,2687,0.05692735925294065,233,3723,0.0554538914900867,-0.018641854438842597,0.17450372816877469,-0.19314558260761727,0.8746964946767322,0.21548255096558666,0.5387063774139667
E,d10_vs_d5,day_10,day_5,Y,59,2687,0.02857142857142857,103,3723,0.030730593031033482,-0.3798545397063584,-0.15156879184871525,-0.22828574785764316,0.8536486194572943,0.3780653971733843,0.8401453270519651
E,d10_vs_d5,day_10,day_5,C,16,2687,0.013001706024961838,22,3723,0.01384454232239989,-1.1266253558203572,-1.2282794538281248,0.10165409800776759,1.0730029912898422,0.869405616287394,0.9520755801575875
E,d10_vs_d5,day_10,day_5,D,169,2687,0.05358714195923498,227,3723,0.05454522508424095,0.2310681472897948,0.16070186836917846,0.07036627892061634,1.0499832249884342,0.6463825138038879,0.9520755801575875
E,d10_vs_d5,day_10,day_5,F,72,2687,0.035377570261291194,111,3723,0.03728056337317162,-0.40083438163857804,-0.32240150647691246,-0.07843287516166558,0.9470858584521535,0.763602738332106,0.9520755801575875
E,d10_vs_d5,day_10,day_5,H,47,2687,0.02264523659872497,60,3723,0.021681790072819517,-0.3725431773877344,-0.42798698759217446,0.05544381020444006,1.0391787323125443,0.8457894903107899,0.9520755801575875
E,d10_vs_d5,day_10,day_5,M,60,2687,0.017670826973152556,83,3723,0.019018892689021544,0.3375966215321266,0.22921246768687162,0.10838415384525499,1.0780201568139915,0.6702925574644958,0.9520755801575875
E,d10_vs_d5,day_10,day_5,N,184,2687,0.04257879141600072,245,3723,0.0432247561114126,0.6855025398378531,0.6063864042050902,0.07911613563276298,1.0563706588022,0.5901073161548835,0.9520755801575875
E,d10_vs_d5,day_10,day_5,Q,115,2687,0.038520247822573406,173,3723,0.042101543470853264,0.15194864982031536,0.14236139212983154,0.009587257690483825,1.0066675101719373,0.9520755801575875,0.9520755801575875
E,d10_vs_d5,day_10,day_5,S,111,2687,0.05545479033851127,161,3723,0.05727122430177821,-0.4248206396551264,-0.40528727761994965,-0.01953336203517675,0.9865517518629113,0.9509013177664285,0.9520755801575875
E,d10_vs_d5,day_10,day_5,T,113,2687,0.05637065637065637,146,3723,0.05647614119666317,-0.42268981990407956,-0.5262106702211932,0.10352085031711361,1.074392285083173,0.5713800841309786,0.9520755801575875
E,d10_vs_d5,day_10,day_5,V,162,2687,0.07364640387896201,236,3723,0.07172154422807527,-0.28868949417974327,-0.17815721275171748,-0.11053228142802579,0.9262462608651811,0.4780136858767793,0.9520755801575875
E,d10_vs_d5,day_10,day_5,W,21,2687,0.008494208494208495,28,3723,0.008720673422769666,-0.12015841929778677,-0.2135502403928837,0.09339182109509693,1.066875493870269,0.8849114937781242,0.9520755801575875
P,d10_vs_d5,day_10,day_5,G,311,2687,0.07353865493400377,288,3723,0.07117886845791739,0.6543435648650797,0.1200822920939273,0.5342612727711524,1.4482004184300923,6.396522321695003e-06,0.00012793044643390005
P,d10_vs_d5,day_10,day_5,D,323,2687,0.05358714195923498,350,3723,0.05454522508424095,1.1655790657015352,0.7853644929105922,0.38021457279094306,1.30153541909344,0.0006599256865809282,0.006599256865809281
P,d10_vs_d5,day_10,day_5,E,253,2687,0.0678459190087097,305,3723,0.07295834016936532,0.4728071195687886,0.16719881337114204,0.30560830619764656,1.2359396559498277,0.013788050676867076,0.0919203378457805
P,d10_vs_d5,day_10,day_5,K,203,2687,0.0908503187572955,323,3723,0.08473314234511654,-0.26608007535924644,0.03407027093414568,-0.3001503462933921,0.8121677542311123,0.019831408357554738,0.09915704178777368
P,d10_vs_d5,day_10,day_5,I,139,2687,0.05692735925294065,239,3723,0.0554538914900867,-0.1381055210404141,0.21118439149524287,-0.349289912535657,0.784970361414706,0.025183286923938203,0.10073314769575281
P,d10_vs_d5,day_10,day_5,L,139,2687,0.07524467989584269,237,3723,0.07601246892234688,-0.5405729246003584,-0.25588655674696265,-0.2846863678533958,0.8209200518819793,0.06715143345369634,0.22383811151232114
P,d10_vs_d5,day_10,day_5,W,7,2687,0.008494208494208495,22,3723,0.008720673422769666,-1.7051209200189432,-0.5614735438131906,-1.1436473762057526,0.45261384588435644,0.08774200967913484,0.25069145622609956
P,d10_vs_d5,day_10,day_5,C,41,2687,0.013001706024961838,43,3723,0.01384454232239989,0.23092664879772667,-0.2614463177633242,0.4923729665610509,1.4067568286968575,0.12057081854174236,0.3014270463543559
P,d10_vs_d5,day_10,day_5,V,159,2687,0.07364640387896201,247,3723,0.07172154422807527,-0.3156565417800127,-0.11243303052888115,-0.20322351125113153,0.8686076046559968,0.17541695046141864,0.3898154454698192
P,d10_vs_d5,day_10,day_5,S,95,2687,0.05545479033851127,157,3723,0.05727122430177821,-0.6493808976742845,-0.44158340684293973,-0.2077974908313448,0.8658580963300184,0.2770825528571397,0.5541651057142793
P,d10_vs_d5,day_10,day_5,H,47,2687,0.02264523659872497,76,3723,0.021681790072819517,-0.3725431773877344,-0.08695006975710745,-0.28559310763062695,0.8204042623520087,0.31669395716626814,0.5758071948477602
P,d10_vs_d5,day_10,day_5,A,97,2687,0.08334380892520428,145,3723,0.07986168078044348,-1.2070866087202161,-1.0359880565200863,-0.17109855220012982,0.8881661220945484,0.39868963348675857,0.5785778613796684
P,d10_vs_d5,day_10,day_5,M,34,2687,0.017670826973152556,62,3723,0.019018892689021544,-0.4818311328260524,-0.19163065327317816,-0.2902004795528742,0.817788409282012,0.40500450296576784,0.5785778613796684
P,d10_vs_d5,day_10,day_5,P,110,2687,0.041519260123911286,170,3723,0.041483145500208235,-0.02034543771317111,0.13847193299516225,-0.15881737070833335,0.8957590561379798,0.3966602478707598,0.5785778613796684
P,d10_vs_d5,day_10,day_5,N,174,2687,0.04257879141600072,257,3723,0.0432247561114126,0.6048840796295686,0.6753730143963975,-0.07048893476682894,0.9523152001509431,0.6254803839342675,0.7591092088979031
P,d10_vs_d5,day_10,day_5,Q,67,2687,0.038520247822573406,110,3723,0.042101543470853264,-0.6274522106662875,-0.5109071219822333,-0.11654508868405422,0.922393921770982,0.6452428275632176,0.7591092088979031
P,d10_vs_d5,day_10,day_5,T,106,2687,0.05637065637065637,157,3723,0.05647614119666317,-0.5149483277560681,-0.42141448020958333,-0.0935338475464848,0.9372242265907889,0.6177323117570263,0.7591092088979031
P,d10_vs_d5,day_10,day_5,R,171,2687,0.06481099039238575,234,3723,0.06170097303027626,-0.02631038174848696,0.026677767513038003,-0.05298814926152497,0.96393772578753,0.7257439615371876,0.806382179485764
P,d10_vs_d5,day_10,day_5,Y,89,2687,0.02857142857142857,127,3723,0.030730593031033482,0.21323584189819814,0.15061536774023215,0.06262047415796598,1.0443609895322323,0.7814246161003731,0.8225522274740769
P,d10_vs_d5,day_10,day_5,F,122,2687,0.035377570261291194,174,3723,0.03728056337317162,0.35997795448199565,0.32612612302171,0.03385183146028564,1.0237417540835776,0.8591961461056086,0.8591961461056086
A,d5_vs_d0,day_5,day_0,Y,140,3723,0.030730593031033482,309,4936,0.02887584147390798,0.29121369791303264,1.1163295496617514,-0.8251158517487187,0.5644368749965446,9.93198349393549e-09,1.9863966987870978e-07
A,d5_vs_d0,day_5,day_0,W,26,3723,0.008720673422769666,88,4936,0.009001029171095477,-0.3204654443093956,0.9859992565800868,-1.3064647008894825,0.40431042234662007,1.6469341667235795e-05,0.00016469341667235796
A,d5_vs_d0,day_5,day_0,D,355,3723,0.05454522508424095,376,4936,0.05692497173997402,0.8058285954703078,0.4202566921572862,0.3855719033130216,1.306377549722536,0.0003173671795129996,0.002115781196753331
A,d5_vs_d0,day_5,day_0,L,233,3723,0.07601246892234688,381,4936,0.07467395522262152,-0.28044366099094165,0.04777155045952505,-0.3282152114504667,0.7965212677883478,0.00634302327646128,0.031715116382306396
A,d5_vs_d0,day_5,day_0,I,241,3723,0.0554538914900867,246,4936,0.05413271245634459,0.223206919744456,-0.11925666377974574,0.34246358352420175,1.2679198793221984,0.009168333727710818,0.03667333491084327
A,d5_vs_d0,day_5,day_0,A,116,3723,0.07986168078044348,202,4936,0.08620573298915152,-1.357916151407449,-1.0748428235009406,-0.2830733279065083,0.8218384146261557,0.09836921824296399,0.26213033720241746
A,d5_vs_d0,day_5,day_0,N,137,3723,0.0432247561114126,145,4936,0.04210322079937912,-0.23221945183695372,-0.519291999719343,0.28707254788238934,1.2201618662285532,0.10485213488096698,0.26213033720241746
A,d5_vs_d0,day_5,day_0,Q,148,3723,0.042101543470853264,153,4936,0.040061750265728606,-0.0828134698779433,-0.37010809939847095,0.28729462952052764,1.2203497066215547,0.0922537691587689,0.26213033720241746
A,d5_vs_d0,day_5,day_0,S,152,3723,0.05727122430177821,230,4936,0.05538121509675895,-0.48827664229098117,-0.24917714606865912,-0.23909949622232204,0.8472740002340767,0.12182109935576671,0.27071355412392606
A,d5_vs_d0,day_5,day_0,M,75,3723,0.019018892689021544,121,4936,0.01941927755563429,0.08299172683582766,0.33610321790957876,-0.2531114910737511,0.8390847903603726,0.24795658142295832,0.49591316284591663
A,d5_vs_d0,day_5,day_0,G,256,3723,0.07117886845791739,360,4936,0.0817600512898382,-0.049842709348385125,-0.16481349435445686,0.11497078500607173,1.0829531151885115,0.3435100485684053,0.49800400053504723
A,d5_vs_d0,day_5,day_0,K,411,3723,0.08473314234511654,495,4936,0.08200469032073021,0.38167449992190366,0.2903077974598426,0.09136670246206108,1.065378965704214,0.34860280037453306,0.49800400053504723
A,d5_vs_d0,day_5,day_0,P,139,3723,0.041483145500208235,230,4936,0.04655733832734389,-0.15197793041903196,0.0012109795198941042,-0.15318890993892606,0.8992605531106476,0.3394400234863135,0.49800400053504723
A,d5_vs_d0,day_5,day_0,V,253,3723,0.07172154422807527,294,4936,0.06916535911322569,-0.07780668741924864,-0.21564780164078381,0.13784111422153517,1.1002574299900503,0.2814640111405291,0.49800400053504723
A,d5_vs_d0,day_5,day_0,H,72,3723,0.021681790072819517,85,4936,0.02189941117916013,-0.16495258175838054,-0.3467716330942219,0.18181905133584134,1.1343132058500387,0.4679828477016915,0.623977130268922
A,d5_vs_d0,day_5,day_0,E,413,3723,0.07295834016936532,517,4936,0.07183108096708339,0.6045313523403387,0.5441417545162446,0.06038959782409414,1.0427473153101114,0.5297628629391042,0.6622035786738802
A,d5_vs_d0,day_5,day_0,C,40,3723,0.01384454232239989,57,4936,0.013218943496819693,-0.3657829775780597,-0.19498735154062388,-0.17079562603743584,0.8883526320609378,0.6098690397171824,0.7174929879025675
A,d5_vs_d0,day_5,day_0,F,127,3723,0.03728056337317162,163,4936,0.03694049366469268,-0.1281326860548525,-0.1617454814543586,0.033612795399506096,1.023572147259139,0.8589821657389994,0.9442759809239709
A,d5_vs_d0,day_5,day_0,R,242,3723,0.06170097303027626,301,4936,0.057102124141654435,0.07517628520422798,0.09480477399247142,-0.019628488788243442,0.9864867039017744,0.8970621818777724,0.9442759809239709
A,d5_vs_d0,day_5,day_0,T,147,3723,0.05647614119666317,183,4936,0.0527408007288556,-0.516362884264846,-0.5084901259484073,-0.007872758316438744,0.994557882039687,1.0,1.0
E,d5_vs_d0,day_5,day_0,E,402,3723,0.07295834016936532,435,4936,0.07183108096708339,0.565585072099822,0.2949928749374005,0.2705921971624215,1.2063028890382217,0.007216322414209301,0.14432644828418603
E,d5_vs_d0,day_5,day_0,P,136,3723,0.041483145500208235,253,4936,0.04655733832734389,-0.1834561618922,0.13871450326982895,-0.32217066516202897,0.7998655017857951,0.03847986344205788,0.25653242294705253
E,d5_vs_d0,day_5,day_0,Q,173,3723,0.042101543470853264,172,4936,0.040061750265728606,0.14236139212983154,-0.2012311873890248,0.34359257951885636,1.2689124915370023,0.030007521448970696,0.25653242294705253
E,d5_vs_d0,day_5,day_0,A,107,3723,0.07986168078044348,170,4936,0.08620573298915152,-1.4744301601338738,-1.3236633701150338,-0.15076679001884008,0.9007715767611427,0.4274770411029988,0.9259901266014723
E,d5_vs_d0,day_5,day_0,C,22,3723,0.01384454232239989,26,4936,0.013218943496819693,-1.2282794538281248,-1.3274376475642735,0.09915819373614876,1.0711482698119386,0.8847049804175189,0.9259901266014723
E,d5_vs_d0,day_5,day_0,D,227,3723,0.05454522508424095,344,4936,0.05692497173997402,0.16070186836917846,0.2919325951817469,-0.13123072681256845,0.9130522160491147,0.30883956894703446,0.9259901266014723
E,d5_vs_d0,day_5,day_0,F,111,3723,0.03728056337317162,155,4936,0.03694049366469268,-0.32240150647691246,-0.23434923041119854,-0.08805227606571392,0.9407920172903024,0.6649666109907947,0.9259901266014723
E,d5_vs_d0,day_5,day_0,G,193,3723,0.07117886845791739,291,4936,0.0817600512898382,-0.4573856720803048,-0.4717912477758477,0.014405575695542905,1.0100352024712438,0.9259901266014723,0.9259901266014723
E,d5_vs_d0,day_5,day_0,H,60,3723,0.021681790072819517,92,4936,0.02189941117916013,-0.42798698759217446,-0.23260061317491082,-0.19538637441726364,0.8733389718954102,0.46076925367797417,0.9259901266014723
E,d5_vs_d0,day_5,day_0,I,233,3723,0.0554538914900867,320,4936,0.05413271245634459,0.17450372816877469,0.26015692576837657,-0.08565319759960188,0.9423577754537057,0.520142821728826,0.9259901266014723
E,d5_vs_d0,day_5,day_0,K,625,3723,0.08473314234511654,808,4936,0.08200469032073021,0.9863922957896701,0.9972345652446654,-0.010842269454995224,0.9925128806663934,0.8941370037617238,0.9259901266014723
E,d5_vs_d0,day_5,day_0,L,208,3723,0.07601246892234688,267,4936,0.07467395522262152,-0.4441900875041296,-0.4651797053462431,0.020989617842113506,1.0146552447266721,0.8896100543907914,0.9259901266014723
E,d5_vs_d0,day_5,day_0,M,83,3723,0.019018892689021544,122,4936,0.01941927755563429,0.22921246768687162,0.3479773181978704,-0.1187648505109988,0.920975797769314,0.5729044278616857,0.9259901266014723
E,d5_vs_d0,day_5,day_0,N,245,3723,0.0432247561114126,308,4936,0.04210322079937912,0.6063864042050902,0.5675854509606238,0.03880095324446631,1.0272596999186974,0.7641878041181452,0.9259901266014723
E,d5_vs_d0,day_5,day_0,R,224,3723,0.06170097303027626,268,4936,0.057102124141654435,-0.03633203001276249,-0.07272571230945817,0.03639368229669568,1.025547050756649,0.7858382858505887,0.9259901266014723
E,d5_vs_d0,day_5,day_0,S,161,3723,0.05727122430177821,191,4936,0.05538121509675895,-0.40528727761994965,-0.5172383689772857,0.11195109135733605,1.0806887651098052,0.48515879748257673,0.9259901266014723
E,d5_vs_d0,day_5,day_0,T,146,3723,0.05647614119666317,199,4936,0.0527408007288556,-0.5262106702211932,-0.3875653436888009,-0.13864532653239225,0.908371705204128,0.3867628667583838,0.9259901266014723
E,d5_vs_d0,day_5,day_0,V,236,3723,0.07172154422807527,337,4936,0.06916535911322569,-0.17815721275171748,-0.018715365295289763,-0.1594418474564277,0.8953714068850899,0.2066431982086112,0.9259901266014723
E,d5_vs_d0,day_5,day_0,W,28,3723,0.008720673422769666,43,4936,0.009001029171095477,-0.2135502403928837,-0.0471676073551124,-0.1663826330377713,0.8910741329714417,0.7188547257284694,0.9259901266014723
E,d5_vs_d0,day_5,day_0,Y,103,3723,0.030730593031033482,135,4936,0.02887584147390798,-0.15156879184871525,-0.07831788119179232,-0.07325091065692292,0.950493778863229,0.7444643878477707,0.9259901266014723
P,d5_vs_d0,day_5,day_0,K,323,3723,0.08473314234511654,506,4936,0.08200469032073021,0.03407027093414568,0.32201665718718087,-0.2879463862530352,0.8190671356453375,0.005086882270994277,0.10173764541988554
P,d5_vs_d0,day_5,day_0,H,76,3723,0.021681790072819517,138,4936,0.02189941117916013,-0.08695006975710745,0.35236188754624526,-0.4393119573033527,0.7374862429339021,0.032333536084180894,0.3233353608418089
P,d5_vs_d0,day_5,day_0,A,145,3723,0.07986168078044348,167,4936,0.08620573298915152,-1.0359880565200863,-1.3493500137786831,0.31336195725859683,1.2425999981623015,0.05766907307357169,0.36328406428382837
P,d5_vs_d0,day_5,day_0,Y,127,3723,0.030730593031033482,195,4936,0.02887584147390798,0.15061536774023215,0.45219683550698736,-0.3015814677667552,0.8113625012999782,0.07265681285676567,0.36328406428382837
P,d5_vs_d0,day_5,day_0,M,62,3723,0.019018892689021544,106,4936,0.01941927755563429,-0.19163065327317816,0.14516043519818325,-0.3367910884713614,0.7918005153815744,0.16000316797559022,0.45715190850168635
P,d5_vs_d0,day_5,day_0,P,170,3723,0.041483145500208235,216,4936,0.04655733832734389,0.13847193299516225,-0.08939156926101252,0.22786350225617477,1.1710993747211003,0.132153833702283,0.45715190850168635
P,d5_vs_d0,day_5,day_0,V,247,3723,0.07172154422807527,278,4936,0.06916535911322569,-0.11243303052888115,-0.2963790737536408,0.18394604322475966,1.1359867781018778,0.14690773974558735,0.45715190850168635
P,d5_vs_d0,day_5,day_0,T,157,3723,0.05647614119666317,222,4936,0.0527408007288556,-0.42141448020958333,-0.22977409788234374,-0.1916403823272396,0.8756095639174556,0.21506317759097748,0.5376579439774437
P,d5_vs_d0,day_5,day_0,G,288,3723,0.07117886845791739,403,4936,0.0817600512898382,0.1200822920939273,-0.002030562156164148,0.12211285425009145,1.088327572335849,0.27636939942405936,0.6141542209423542
P,d5_vs_d0,day_5,day_0,E,305,3723,0.07295834016936532,369,4936,0.07183108096708339,0.16719881337114204,0.05759829026170603,0.10960052310943601,1.0789294435892762,0.33143681296240857,0.6628736259248171
P,d5_vs_d0,day_5,day_0,L,237,3723,0.07601246892234688,288,4936,0.07467395522262152,-0.25588655674696265,-0.3559506355914846,0.10006407884452195,1.0718210675590791,0.42850478755674853,0.7790996137395427
P,d5_vs_d0,day_5,day_0,R,234,3723,0.06170097303027626,302,4936,0.057102124141654435,0.026677767513038003,0.09958983655784837,-0.07291206904481036,0.9507170448062171,0.5726731509407776,0.8810356168319656
P,d5_vs_d0,day_5,day_0,W,22,3723,0.008720673422769666,25,4936,0.009001029171095477,-0.5614735438131906,-0.8295761722824856,0.268102628469295,1.2042230425585483,0.5564457095992096,0.8810356168319656
P,d5_vs_d0,day_5,day_0,F,174,3723,0.03728056337317162,218,4936,0.03694049366469268,0.32612612302171,0.2577106890914901,0.06841543393021993,1.0485643733498413,0.6466467166550132,0.8885169500954225
P,d5_vs_d0,day_5,day_0,S,157,3723,0.05727122430177821,192,4936,0.05538121509675895,-0.44158340684293973,-0.5097046962918782,0.06812128944893847,1.0483506081569527,0.6663877125715669,0.8885169500954225
P,d5_vs_d0,day_5,day_0,D,350,3723,0.05454522508424095,477,4936,0.05692497173997402,0.7853644929105922,0.7635132964851604,0.021851196425431763,1.0152613785896933,0.8326469309116673,0.9795846246019616
P,d5_vs_d0,day_5,day_0,Q,110,3723,0.042101543470853264,144,4936,0.040061750265728606,-0.5109071219822333,-0.4575709406488104,-0.05333618133342294,0.9637052159553663,0.8006676357528633,0.9795846246019616
P,d5_vs_d0,day_5,day_0,C,43,3723,0.01384454232239989,54,4936,0.013218943496819693,-0.2614463177633242,-0.27298986354189697,0.01154354577857275,1.0080334727691473,1.0,1.0
P,d5_vs_d0,day_5,day_0,I,239,3723,0.0554538914900867,308,4936,0.05413271245634459,0.21118439149524287,0.2050153715759156,0.006169019919327279,1.0042851940624742,0.9656329916341476,1.0
P,d5_vs_d0,day_5,day_0,N,257,3723,0.0432247561114126,328,4936,0.04210322079937912,0.6753730143963975,0.6583509148838063,0.01702209951259126,1.0118687009303682,0.9005162817396637,1.0
