site,timepoint,codon,BWM_count,BWM_total,BWM_bg_freq,control_count,control_total,control_bg_freq,log2_enrich_BWM,log2_enrich_control,delta_log2_enrichment,enrichment_ratio,p_value,p_adj
A,day_0,AAC,10,1059,0.0341622233244988,66,3877,0.0291836587866315,-1.8551044599224236,-0.7776354774388737,-1.0774689824835497,0.4738594182019394,0.02259158146151377,0.8233348200422509
A,day_0,AAG,132,1059,0.0879535693688874,280,3877,0.0607402232924308,0.5030213081962861,0.24976197483636067,0.25325933335992545,1.191896806144221,0.10096235906291298,0.8233348200422509
A,day_0,ACC,13,1059,0.0343509648895669,54,3877,0.0243248518168258,-1.4845415897732388,-0.8044123441746988,-0.68012924559854,0.6241093603464262,0.1349729213184018,0.8233348200422509
A,day_0,ACG,4,1059,0.0010852640463265,17,3877,0.0034514992530941,1.7992513154832932,0.34529893407787116,1.453952381405422,2.7395755341058945,0.07926226876219061,0.8233348200422509
A,day_0,AGC,7,1059,0.0058509885642943,13,3877,0.0063893825371626,0.1759719343021882,-0.9301775344089194,1.1061494687111075,2.1527032662871304,0.09835953091001501,0.8233348200422509
A,day_0,CCG,3,1059,0.0015099325677296,9,3877,0.0036466733174203,0.9077757899030582,-0.6515966971136219,1.55937248701668,2.9472562205557096,0.11501381203433421,0.8233348200422509
A,day_0,CGG,1,1059,0.0002359270035204,1,3877,0.0008834194593278,2.0008849508399256,-1.7761112515774407,3.776996202417366,13.708475191653884,0.13135365576637106,0.8233348200422509
A,day_0,GGA,78,1059,0.0657764354733939,220,3877,0.0653422222828598,0.1632007062249833,-0.20352463798537054,0.36672534421035385,1.2894227509995437,0.057109630280616525,0.8233348200422509
A,day_0,GGT,11,1059,0.0074552918673725,27,3877,0.0106215780372893,0.47846419559531933,-0.6089794496466887,1.087443645242008,2.1249717256626175,0.04365000658093546,0.8233348200422509
A,day_0,GTC,36,1059,0.0402963241892098,59,3877,0.0292761096592071,-0.24535392560142524,-0.9439496351838084,0.6985957095823832,1.622924301662801,0.02796110975680378,0.8233348200422509
A,day_0,CCC,3,1059,0.0008965224812585,9,3877,0.0015716648440572,1.6598482456124004,0.5626906692203428,1.0971575763920576,2.1393278281652446,0.21320766767148278,0.8670445151973633
A,day_0,TCC,12,1059,0.0235455102894221,47,3877,0.0162097196685246,-1.0551201732411832,-0.4191391193500483,-0.635981053891135,0.6435030743619098,0.19485946091710735,0.8670445151973633
A,day_0,TGC,13,1059,0.0099089322132569,29,3877,0.009614890758133,0.309007527871094,-0.36223020609714673,0.6712377339682407,1.5924385853410086,0.18965432233044066,0.8670445151973633
A,day_0,TTA,2,1059,0.0002359270035204,10,3877,0.0009655980127284,3.0008849508399256,1.4174927477619517,1.583392203077974,2.9967364342799505,0.17056326430674298,0.8670445151973633
A,day_0,TTC,23,1059,0.0329825885428236,108,3877,0.0312483949408196,-0.602773357116272,-0.16576341613526352,-0.4370099409810085,0.7386639419633475,0.20865557029368084,0.8670445151973633
A,day_0,AGT,2,1059,0.0014155617851956,11,3877,0.0034720438914442,0.4159226905677555,-0.29129430201317574,0.7072169925809313,1.632651637369276,0.37965628983500366,0.924822254132185
A,day_0,ATC,31,1059,0.0441655262731044,102,3877,0.0340732827139624,-0.5933550764717784,-0.37308443535144153,-0.2202706411203369,0.8584043897082648,0.4911239771009765,0.924822254132185
A,day_0,CAG,6,1059,0.0141084320360206,35,3877,0.0146277825155646,-1.3162258440359211,-0.6962968951345299,-0.6199289489013913,0.6507029733171358,0.44152407587252224,0.924822254132185
A,day_0,CAT,5,1059,0.0059925447380953,37,3877,0.0077658733066213,-0.34394326897850486,0.2973644593995826,-0.6413077283780875,0.6411315327611665,0.4207886931973675,0.924822254132185
A,day_0,CCA,42,1059,0.03524748732364,149,3877,0.0405551161134283,0.1701663223242959,-0.07758423445963489,0.2477505567839308,1.1873543537334068,0.31313964827381624,0.924822254132185
A,day_0,CTA,2,1059,0.0005662247423894,8,3877,0.0011299551195294,1.7378507133205605,0.8687937932600219,0.8690569200605386,1.826468560055535,0.34326560536971007,0.924822254132185
A,day_0,CTC,29,1059,0.0371349029743203,67,3877,0.0279304358472736,-0.4394254979469807,-0.6926177261975592,0.2531922282505785,1.1918413678824056,0.42061073786733594,0.924822254132185
A,day_0,CTG,6,1059,0.0030198650882738,27,3877,0.0055162354072821,0.9077758124451717,0.336262741391508,0.5715130710536637,1.4860813273772389,0.43190804177828895,0.924822254132185
A,day_0,GAC,38,1059,0.0279337516772538,116,3877,0.0262971370984383,0.36128747964374375,0.18620641957668266,0.1750810600670611,1.129027839211008,0.5003136784649526,0.924822254132185
A,day_0,GAG,77,1059,0.047940357574465,229,3877,0.0436162672275977,0.6009151867688519,0.43746865175181165,0.16344653501704026,1.1199594786988754,0.3786171543621879,0.924822254132185
A,day_0,GAT,33,1059,0.0243476619409612,189,3877,0.031638743069472,0.3559801954053736,0.6236813080704277,-0.26770111266505403,0.8306420928087518,0.3754164801167492,0.924822254132185
A,day_0,GGC,6,1059,0.0034917190009439,17,3877,0.005033436406054,0.6983224498624381,-0.19902158079645577,0.8973440306588938,1.8626337575804703,0.2465448082283813,0.924822254132185
A,day_0,GTA,4,1059,0.0017458595240646,19,3877,0.0035542224448447,1.113359929645441,0.46345280153726914,0.6499071281081719,1.5690671855839597,0.341446243585379,0.924822254132185
A,day_0,GTT,17,1059,0.0249610720274323,81,3877,0.0258143380972102,-0.6368477393248034,-0.30519143367009494,-0.3316563056547085,0.7946236813575194,0.45630979325831045,0.924822254132185
A,day_0,TAT,7,1059,0.003963572913614,81,3877,0.0078069625833216,0.7378508163700023,1.4201479125554186,-0.6822970961854163,0.623172253198859,0.32534271333317133,0.924822254132185
A,day_0,TCA,6,1059,0.004293870652483,31,3877,0.0083513954996,0.3999811789347846,-0.06276171356265406,0.4627428924974386,1.3781595246765248,0.4507668407485233,0.924822254132185
A,day_0,TCG,12,1059,0.0053791346516242,42,3877,0.00756042692312,1.0748858081672987,0.5189089846615969,0.5559768235057019,1.4701637184283758,0.2657425291912999,0.924822254132185
A,day_0,TTG,20,1059,0.0110413816036651,113,3877,0.0141860727910368,0.7743767034046918,1.0388348770124942,-0.26445817360780244,0.8325113384901651,0.49554544182001187,0.924822254132185
A,day_0,CGT,31,1059,0.0269900438519137,85,3877,0.0230408119199427,0.11713830535238193,-0.07166944969174086,0.18880775504412278,1.1398213767595584,0.5169567769976062,0.9274812763780582
A,day_0,CTT,23,1059,0.0242061057671602,74,3877,0.0246124767537277,-0.1564397280962183,-0.36680530786193855,0.21036557976572023,1.1569813265061393,0.5349078289606988,0.9322679304743607
A,day_0,AAT,6,1059,0.0058981739555613,63,3877,0.0133642872570316,-0.05800846121639266,0.28202819557324194,-0.3400366567896346,0.7900212383139206,0.7001453917320013,0.9495160693147066
A,day_0,ACT,7,1059,0.0141556174272876,42,3877,0.016908237372429,-1.0986504389811647,-0.6422776786193216,-0.45637276036184304,0.7288163551166912,0.5813690234177282,0.9495160693147066
A,day_0,AGG,2,1059,0.0005190393511224,8,3877,0.0007087900333517,1.8633815844749102,1.541629042213422,0.3217525422614882,1.249847904494387,0.6770150399644206,0.9495160693147066
A,day_0,ATA,2,1059,0.0004246685685884,11,3877,0.0007909685867523,2.1528881725245386,1.8427985791061434,0.31008959341839515,1.239784689944749,0.6781762486405741,0.9495160693147066
A,day_0,ATG,25,1059,0.0175057802072451,96,3877,0.0198358483373225,0.43139414353135286,0.31998357092340957,0.11141057260794329,1.0802839511251157,0.7303466246526749,0.9495160693147066
A,day_0,CAC,10,1059,0.0184966734238523,33,3877,0.0135697336405329,-0.9699684186420964,-0.6728671130804649,-0.2971013055616315,0.8138860322597711,0.7315943484883805,0.9495160693147066
A,day_0,CCT,2,1059,0.0012740056113945,13,3877,0.0024448119739377,0.5679257786695802,0.45577546867146024,0.11215030999811992,1.080838005390096,0.7099397205162016,0.9495160693147066
A,day_0,CGA,1,1059,0.0016043033502636,18,3877,0.0032357805504177,-0.7646495494164129,0.5208704983750941,-1.2855200477915072,0.4102229048389856,0.7192104919686432,0.9495160693147066
A,day_0,GAA,36,1059,0.0201009767269306,175,3877,0.0290398463181806,0.7580287120959565,0.6363084633908525,0.121720248705104,1.0880314423196131,0.6378420363702404,0.9495160693147066
A,day_0,GCG,1,1059,0.0011796348288605,9,3877,0.0033385037421683,-0.3210429132163373,-0.5242173910125013,0.203174477796164,1.151228711119249,0.6020272892137094,0.9495160693147066
A,day_0,GCT,12,1059,0.0371349029743203,55,3877,0.0385211969167655,-1.7124439923533965,-1.4411616472306408,-0.27128234512275573,0.8285827294061202,0.6527603615448154,0.9495160693147066
A,day_0,TGT,1,1059,0.0023120842192687,14,3877,0.0038213027433964,-1.2918965392918358,-0.08165037302859972,-1.210246166263236,0.4321948641894895,0.7108127903577327,0.9495160693147066
A,day_0,GCC,18,1059,0.041570329753419,50,3877,0.0341040996714876,-1.290259874849575,-1.4029578169940846,0.11269794214450957,1.0812483582187284,0.7797440758514671,0.9909247630612393
A,day_0,ACA,5,1059,0.0033501628271429,41,3877,0.0080124089668229,0.49499428932913364,0.40037520891888795,0.09461908041024569,1.0677834403972595,0.8081272911486317,0.9914642479518028
A,day_0,TAC,54,1059,0.0242061057671602,167,3877,0.0212226114259563,1.0748858180102372,1.0212332728107127,0.05365254519952445,1.0378892779731876,0.8126756130752482,0.9914642479518028
A,day_0,AAA,10,1059,0.0096730052569219,73,3877,0.0178635630557101,-0.034738677389524845,0.07593586064384147,-0.11067453803336633,0.9261549330731335,1.0,1.0
A,day_0,AGA,29,1059,0.0182135610762503,78,3877,0.0138470862582597,0.58833728838803,0.5389509565101689,0.04938633187786112,1.0348246547861657,0.9127098702768347,1.0
A,day_0,ATT,15,1059,0.0119850894290053,85,3877,0.0187367101855906,0.24101923742254192,0.22665444108203314,0.014364796340508773,1.010006653123782,1.0,1.0
A,day_0,CAA,19,1059,0.0204784598570666,93,3877,0.0266258513120404,-0.1908103880589811,-0.1505376724331644,-0.04027271562581669,0.9724711018138766,1.0,1.0
A,day_0,CGC,14,1059,0.0199594205531295,33,3877,0.0131177515968301,-0.5943456002068762,-0.6239951715739963,0.029649571367120098,1.0207641533892973,1.0,1.0
A,day_0,GCA,6,1059,0.0047657245651531,51,3877,0.0105804887605891,0.24956433795135818,0.31415023840026574,-0.06458590044890755,0.9562197438119187,1.0,1.0
A,day_0,GGG,0,1059,0.0007549663074575,1,3877,0.001694932674158,0.0,-2.7161687030893815,2.7161687030893815,6.5712539777105645,1.0,1.0
A,day_0,GTG,11,1059,0.0064643986507654,67,3877,0.0095840738006078,0.6842128594122455,0.8505094379597439,-0.16629657854749835,0.8911272857273109,0.875803678711595,1.0
A,day_0,TCT,8,1059,0.0122210163853403,39,3877,0.0139806264075355,-0.6939949589907097,-0.47489561380174017,-0.21909934518896956,0.8591015944548787,0.8535666853692778,1.0
A,day_0,TGG,17,1059,0.0085877412577807,71,3877,0.0090910024802047,0.9024815273908481,1.010366992804184,-0.10788546541333599,0.9279471426451438,0.895090890978482,1.0
A,day_0,TTT,3,1059,0.0029726796970068,29,3877,0.0059065835359346,-0.06950411141255909,0.3407163666868253,-0.4102204780993844,0.752508363750295,1.0,1.0
E,day_0,AAG,194,1059,0.0879535693688874,420,3877,0.0607402232924308,1.0585400310249602,0.8347244755575169,0.22381555546744325,1.167818082787772,0.08063064491364957,0.7545532417781083
E,day_0,CCC,4,1059,0.0008965224812585,6,3877,0.0015716648440572,2.0748857448912443,-0.022271831500813404,2.097157576392058,4.27865565633049,0.03530269790643511,0.7545532417781083
E,day_0,CGC,19,1059,0.0199594205531295,21,3877,0.0131177515968301,-0.1537730088208948,-1.2760718681536896,1.1222988593327947,2.17693579651391,0.014924928529233945,0.7545532417781083
E,day_0,CTC,32,1059,0.0371349029743203,59,3877,0.0279304358472736,-0.2974064930745528,-0.8760638672934902,0.5786573742189374,1.4934587333371578,0.07482887663963408,0.7545532417781083
E,day_0,GAA,35,1059,0.0201009767269306,131,3877,0.0290398463181806,0.7173867275986107,0.21852035309597378,0.4988663745026369,1.4131027532246887,0.07127722888976738,0.7545532417781083
E,day_0,GGT,9,1059,0.0074552918673725,23,3877,0.0106215780372893,0.18895757840033423,-0.8403049957531442,1.0292625741534784,2.0409807483636992,0.08658807692535671,0.7545532417781083
E,day_0,TCA,1,1059,0.004293870652483,41,3877,0.0083513954996,-2.1849813217863714,0.3405939806685544,-2.525575302454926,0.17367050920720437,0.05623181314786235,0.7545532417781083
E,day_0,AAA,31,1059,0.0096730052569219,163,3877,0.0178635630557101,1.597529538109988,1.2348394559949019,0.36269008211508624,1.2858212353033749,0.19830374791202576,0.8639783118474705
E,day_0,ACG,2,1059,0.0010852640463265,7,3877,0.0034514992530941,0.7992513154832932,-0.9348089851148641,1.7340603005981574,3.3266274342714435,0.15541615931668046,0.8639783118474705
E,day_0,AGT,2,1059,0.0014155617851956,10,3877,0.0034720438914442,0.4159226905677555,-0.42879782576311076,0.8447205163308662,1.7959168011062037,0.34193922025407486,0.8639783118474705
E,day_0,ATC,46,1059,0.0441655262731044,158,3877,0.0340732827139624,-0.023989430801640736,0.2582709708541658,-0.2822604016558065,0.8223016326074273,0.2649483563840863,0.8639783118474705
E,day_0,ATG,19,1059,0.0175057802072451,103,3877,0.0198358483373225,0.03546546720021356,0.42152159738547185,-0.3860561301852583,0.7652186123697906,0.3591522252955148,0.8639783118474705
E,day_0,ATT,13,1059,0.0119850894290053,102,3877,0.0187367101855906,0.03456835995511542,0.4896888469158271,-0.45512048696071167,0.7294492494782868,0.35790293840918685,0.8639783118474705
E,day_0,CAC,11,1059,0.0184966734238523,49,3877,0.0135697336405329,-0.8324648948921616,-0.10255138832370998,-0.7299135065684516,0.6029400606332589,0.14659608892141368,0.8639783118474705
E,day_0,CAT,3,1059,0.0059925447380953,29,3877,0.0077658733066213,-1.0809088631447112,-0.05410791110179507,-1.0268009520429162,0.490797242320617,0.34857951303486123,0.8639783118474705
E,day_0,CCT,0,1059,0.0012740056113945,17,3877,0.0024448119739377,0.0,0.8427985917807075,-0.8427985917807075,0.5575609425268506,0.2570647862713461,0.8639783118474705
E,day_0,GAG,53,1059,0.047940357574465,216,3877,0.0436162672275977,0.062049100637149836,0.35315236581833614,-0.2911032651811863,0.8172768273790435,0.21840697810103163,0.8639783118474705
E,day_0,GCA,5,1059,0.0047657245651531,22,3877,0.0105804887605891,-0.013470067882435694,-0.8988434849339326,0.885373417051497,1.8472426869093883,0.2108329795141074,0.8639783118474705
E,day_0,GCG,2,1059,0.0011796348288605,10,3877,0.0033385037421683,0.6789570867836627,-0.3722142975674512,1.051171384351114,2.072211680014648,0.28564812962207203,0.8639783118474705
E,day_0,GCT,16,1059,0.0371349029743203,45,3877,0.0385211969167655,-1.2974064930745528,-1.7306682644256255,0.4332617713510727,1.350282966439603,0.3428411726999898,0.8639783118474705
E,day_0,GGC,6,1059,0.0034917190009439,14,3877,0.005033436406054,0.6983224498624381,-0.4791294999891909,1.177451949851629,2.2617695627762853,0.11662239927015197,0.8639783118474705
E,day_0,GGG,1,1059,0.0007549663074575,3,3877,0.001694932674158,0.3228132440976757,-1.1312062023682254,1.454019446465901,2.739702888858055,0.3682530509513809,0.8639783118474705
E,day_0,GTT,18,1059,0.0249610720274323,99,3877,0.0258143380972102,-0.5543855791328305,-0.015684816475110108,-0.5387007626577204,0.6883905688765677,0.17165331572240872,0.8639783118474705
E,day_0,TAT,3,1059,0.003963572913614,44,3877,0.0078069625833216,-0.48454160496644577,0.5397295283080911,-1.024271133274537,0.4916586283354635,0.3675434658814227,0.8639783118474705
E,day_0,TGG,6,1059,0.0085877412577807,37,3877,0.0090910024802047,-0.6000188131383352,0.07007323892845187,-0.670092052066787,0.6284665862747715,0.34822392209930714,0.8639783118474705
E,day_0,TTC,23,1059,0.0329825885428236,102,3877,0.0312483949408196,-0.602773357116272,-0.24822557632723652,-0.3545477807890355,0.7821147620788386,0.3340886782496474,0.8639783118474705
E,day_0,CAA,16,1059,0.0204784598570666,99,3877,0.0266258513120404,-0.43873790150256664,-0.060339863461586214,-0.37839803804098043,0.7692913341302756,0.38896813379709017,0.8744465861340532
E,day_0,CTA,1,1059,0.0005662247423894,3,3877,0.0011299551195294,0.7378507133205605,-0.5462437060188219,1.2840944193393824,2.43529141340738,0.4013853182254671,0.8744465861340532
E,day_0,ACT,10,1059,0.0141556174272876,61,3877,0.016908237372429,-0.5840772661514063,-0.10385776383519575,-0.4802195023162106,0.7168685460164177,0.44461865840023296,0.9040579387471402
E,day_0,GTA,3,1059,0.0017458595240646,14,3877,0.0035542224448447,0.6983224303665971,0.022880210151287543,0.6754422202153096,1.597086242469388,0.4437810774131248,0.9040579387471402
E,day_0,GGA,55,1059,0.0657764354733939,180,3877,0.0653422222828598,-0.3408417991126053,-0.49303125518035545,0.15218945606775014,1.1112546500779543,0.47623735050697125,0.9371122058362983
E,day_0,AAC,59,1059,0.0341622233244988,169,3877,0.0291836587866315,0.7056104945520554,0.5788498394848571,0.12676065506719825,1.0918393931824568,0.5884063780203195,1.0
E,day_0,AAT,9,1059,0.0058981739555613,71,3877,0.0133642872570316,0.5269540395047635,0.45449539157800756,0.07245864792675594,1.0515071411361336,0.8564355277803978,1.0
E,day_0,ACA,2,1059,0.0033501628271429,30,3877,0.0080124089668229,-0.8269338055582287,-0.05028620009067719,-0.7766476054675515,0.5837216140838352,0.7679141108871714,1.0
E,day_0,ACC,23,1059,0.0343509648895669,64,3877,0.0243248518168258,-0.6614193518573181,-0.5592998463381673,-0.10211950551915083,0.9316632518632949,0.9047995589644171,1.0
E,day_0,AGA,35,1059,0.0182135610762503,97,3877,0.0138470862582597,0.8596393102054244,0.8534615798350481,0.006177730370376278,1.0042912575777578,1.0,1.0
E,day_0,AGC,5,1059,0.0058509885642943,19,3877,0.0063893825371626,-0.30945489286805355,-0.3826897391064262,0.07323484623837262,1.0520730248771692,1.0,1.0
E,day_0,AGG,1,1059,0.0005190393511224,5,3877,0.0007087900333517,0.8633815844749103,0.8635571371007843,-0.000175552625873987,0.9998783235955098,1.0,1.0
E,day_0,ATA,0,1059,0.0004246685685884,1,3877,0.0007909685867523,0.0,-1.616633039531154,1.616633039531154,3.0665852108386673,1.0,1.0
E,day_0,CAG,12,1059,0.0141084320360206,45,3877,0.0146277825155646,-0.316225844035921,-0.3337268157498214,0.01750097171390036,1.012204625159989,1.0,1.0
E,day_0,CCA,43,1059,0.03524748732364,166,3877,0.0405551161134283,0.20411365424763356,0.07828667642512845,0.12582697782250513,1.0911330098063592,0.5984865311743097,1.0
E,day_0,CCG,1,1059,0.0015099325677296,16,3877,0.0036466733174203,-0.6771867108180979,0.17847830144406562,-0.8556650122621635,0.5526105413541956,1.0,1.0
E,day_0,CGA,1,1059,0.0016043033502636,10,3877,0.0032357805504177,-0.7646495494164129,-0.327126408179856,-0.43752314123655694,0.7384012287101742,1.0,1.0
E,day_0,CGG,0,1059,0.0002359270035204,2,3877,0.0008834194593278,0.0,-0.7761112515774407,0.7761112515774407,1.7125086219069403,1.0,1.0
E,day_0,CGT,18,1059,0.0269900438519137,59,3877,0.0230408119199427,-0.667133003592181,-0.5984173364676013,-0.06871566712457966,0.9534864442001774,1.0,1.0
E,day_0,CTG,2,1059,0.0030198650882738,24,3877,0.0055162354072821,-0.6771866882759845,0.16633773994919565,-0.8435244282251801,0.5572804977664646,0.5683842522342689,1.0
E,day_0,CTT,18,1059,0.0242061057671602,71,3877,0.0246124767537277,-0.5100766827109188,-0.42651155398620644,-0.08356512872471233,0.9437226741617745,0.8973595056056419,1.0
E,day_0,GAC,32,1059,0.0279337516772538,124,3877,0.0262971370984383,0.11335996620015826,0.28242173483598576,-0.1690617686358275,0.8894209123835446,0.6316462452377091,1.0
E,day_0,GAT,30,1059,0.0243476619409612,158,3877,0.031638743069472,0.2184766716554388,0.365219632026458,-0.14674296037101922,0.9032874311901846,0.7000749069890642,1.0
E,day_0,GCC,16,1059,0.041570329753419,54,3877,0.0341040996714876,-1.4601848762918874,-1.2919265046053408,-0.16825837168654667,0.8899163442129452,0.782915908751993,1.0
E,day_0,GTC,47,1059,0.0402963241892098,117,3877,0.0292761096592071,0.1393099246338999,0.0437720350377551,0.09553788959614481,1.0684636962276701,0.7260043975627601,1.0
E,day_0,GTG,5,1059,0.0064643986507654,34,3877,0.0095840738006078,-0.45329066433768944,-0.12811691124768912,-0.3251737530900003,0.7982022479108266,0.8255296974356728,1.0
E,day_0,TAC,20,1059,0.0242061057671602,68,3877,0.0212226114259563,-0.35807358926586885,-0.27500817841299996,-0.08306541085286889,0.9440496155856337,0.9006824180260475,1.0
E,day_0,TCC,14,1059,0.0235455102894221,35,3877,0.0162097196685246,-0.8327277519047354,-0.8444449540827191,0.011717202177983777,1.0081548165003253,1.0,1.0
E,day_0,TCG,3,1059,0.0053791346516242,20,3877,0.00756042692312,-0.9251141918327012,-0.5514803432298011,-0.37363384860290005,0.7718359521748973,1.0,1.0
E,day_0,TCT,9,1059,0.0122210163853403,32,3877,0.0139806264075355,-0.5240699575483974,-0.7602978326639884,0.23622787511559107,1.1779088267721187,0.6914682742942397,1.0
E,day_0,TGC,4,1059,0.0099089322132569,11,3877,0.009614890758133,-1.3914321902699982,-1.7607795825874215,0.3693473923174233,1.291768362933965,0.7541522834459945,1.0
E,day_0,TGT,1,1059,0.0023120842192687,10,3877,0.0038213027433964,-1.2918965392918358,-0.5670772001988414,-0.7248193390929943,0.6050728098652852,1.0,1.0
E,day_0,TTA,0,1059,0.0002359270035204,4,3877,0.0009655980127284,0.0,0.09556465287458932,-0.09556465287458932,0.9359058738370017,1.0,1.0
E,day_0,TTG,8,1059,0.0110413816036651,45,3877,0.0141860727910368,-0.5475513914826705,-0.2894909890730188,-0.2580604024096517,0.8362113888834547,0.8562523075718889,1.0
E,day_0,TTT,2,1059,0.0029726796970068,28,3877,0.0059065835359346,-0.6544666121337152,0.29009029361685734,-0.9445569057505725,0.519589108303775,0.5733809058970993,1.0
P,day_0,GGA,87,1059,0.0657764354733939,207,3877,0.0653422222828598,0.32074198321146336,-0.291397394010705,0.6121393772221684,1.5285241827159215,0.0013574631732216865,0.08280525356652288
P,day_0,ACC,15,1059,0.0343509648895669,68,3877,0.0243248518168258,-1.2780907123058123,-0.4718370050878279,-0.8062537072179844,0.571864911629644,0.049820058252912906,0.6902012489102557
P,day_0,CTT,36,1059,0.0242061057671602,91,3877,0.0246124767537277,0.4899233172890812,-0.0684640332921921,0.5583873505812733,1.4726221948458456,0.05090270206676045,0.6902012489102557
P,day_0,GTG,10,1059,0.0064643986507654,25,3877,0.0095840738006078,0.5467093356623105,-0.5717235627233038,1.1184328983856142,2.171110114317448,0.05657387286149637,0.6902012489102557
P,day_0,TGT,0,1059,0.0023120842192687,26,3877,0.0038213027433964,0.0,0.8114344230548884,-0.8114344230548884,0.5698150283133785,0.04240393871000733,0.6902012489102557
P,day_0,ATA,3,1059,0.0004246685685884,6,3877,0.0007909685867523,2.737850673245695,0.9683294611900023,1.7695212120556927,3.4094078973480606,0.09707680666893286,0.7757843714112436
P,day_0,CAT,8,1059,0.0059925447380953,71,3877,0.0077658733066213,0.33412863613413274,1.237658213275315,-0.9035295771411822,0.5345772780205782,0.10174221264409751,0.7757843714112436
P,day_0,GCG,2,1059,0.0011796348288605,4,3877,0.0033385037421683,0.6789570867836627,-1.6941423924548138,2.3730994792384763,5.18052920003662,0.09151188702755812,0.7757843714112436
P,day_0,AAG,118,1059,0.0879535693688874,251,3877,0.0607402232924308,0.34127023819967384,0.09202251184216619,0.24924772635750764,1.1885871808223185,0.13295789617827022,0.9011590740971649
P,day_0,CCA,24,1059,0.03524748732364,139,3877,0.0405551161134283,-0.6371885997333083,-0.17781168219828905,-0.4593769175350193,0.7273003030062799,0.16384252093691098,0.9994393777151569
P,day_0,AAA,20,1059,0.0096730052569219,117,3877,0.0178635630557101,0.9652613226104751,0.7564760213472288,0.20878530126324635,1.1557147028092092,0.5240763636744967,1.0
P,day_0,AAC,52,1059,0.0341622233244988,132,3877,0.0291836587866315,0.5234071633313062,0.22236452256112627,0.30104264077017995,1.2320344873250422,0.1978134291207346,1.0
P,day_0,AAT,18,1059,0.0058981739555613,126,3877,0.0133642872570316,1.5269540395047636,1.282028195573242,0.24492584393152161,1.185031857470881,0.5001462548388707,1.0
P,day_0,ACA,3,1059,0.0033501628271429,35,3877,0.0080124089668229,-0.2419713048370727,0.17210622124577082,-0.41407752608284354,0.750499218107788,1.0,1.0
P,day_0,ACG,1,1059,0.0010852640463265,17,3877,0.0034514992530941,-0.2007486845167068,0.34529893407787116,-0.546047618594578,0.6848938835264736,1.0,1.0
P,day_0,ACT,18,1059,0.0141556174272876,65,3877,0.016908237372429,0.2639196404035436,-0.012227288369627491,0.2761469287731711,1.2109564054246562,0.4803413122257953,1.0
P,day_0,AGA,28,1059,0.0182135610762503,72,3877,0.0138470862582597,0.537711215318062,0.4234737390902328,0.1142374762278292,1.0824027998338057,0.7339519231143405,1.0
P,day_0,AGC,8,1059,0.0058509885642943,28,3877,0.0063893825371626,0.3686170122445841,0.17673766950759254,0.19187934273699156,1.1422507127237835,0.6804532503186205,1.0
P,day_0,AGG,2,1059,0.0005190393511224,6,3877,0.0007087900333517,1.8633815844749102,1.126591542934578,0.7367900415403321,1.666463872659183,0.6279062329844277,1.0
P,day_0,AGT,1,1059,0.0014155617851956,19,3877,0.0034720438914442,-0.5840773094322445,0.4972015927931123,-1.0812789022253568,0.4726096845016326,0.7148215174768479,1.0
P,day_0,ATC,44,1059,0.0441655262731044,114,3877,0.0340732827139624,-0.08811976822135642,-0.21261976315819553,0.12449999493683911,1.0901298531439425,0.6508106195941472,1.0
P,day_0,ATG,19,1059,0.0175057802072451,87,3877,0.0198358483373225,0.03546546720021356,0.17796456605098185,-0.14249909885076828,0.9059484721159589,0.8061016373523466,1.0
P,day_0,ATT,21,1059,0.0119850894290053,120,3877,0.0187367101855906,0.7264460645927837,0.72415410055285,0.0022919640399337027,1.001589931014417,1.0,1.0
P,day_0,CAA,21,1059,0.0204784598570666,87,3877,0.0266258513120404,-0.046420478723806446,-0.24675298769246762,0.20033250896866117,1.1489631348109504,0.5274286008500012,1.0
P,day_0,CAC,12,1059,0.0184966734238523,47,3877,0.0135697336405329,-0.7069340128083025,-0.16267238076128082,-0.5442616320470217,0.6857422739890837,0.30501655742469613,1.0
P,day_0,CAG,7,1059,0.0141084320360206,29,3877,0.0146277825155646,-1.093833422699473,-0.9675989169519242,-0.1262345057475488,0.916219703808611,1.0,1.0
P,day_0,CCC,2,1059,0.0008965224812585,9,3877,0.0015716648440572,1.074885744891244,0.5626906692203428,0.5121950756709013,1.426218552110163,0.6514748248061561,1.0
P,day_0,CCG,3,1059,0.0015099325677296,22,3877,0.0036466733174203,0.9077757899030582,0.6379099200813629,0.26986586982169525,1.2056957265909722,0.7365532516442529,1.0
P,day_0,CCT,1,1059,0.0012740056113945,16,3877,0.0024448119739377,-0.43207422133041984,0.755335750530368,-1.187409971860788,0.43909043968972644,0.713139065700324,1.0
P,day_0,CGA,1,1059,0.0016043033502636,8,3877,0.0032357805504177,-0.7646495494164129,-0.6490545030672185,-0.11559504634919449,0.9230015358877178,1.0,1.0
P,day_0,CGC,14,1059,0.0199594205531295,23,3877,0.0131177515968301,-0.5943456002068762,-1.144827334875437,0.5504817346685608,1.4645746548629048,0.27929308888733806,1.0
P,day_0,CGG,0,1059,0.0002359270035204,0,3877,0.0008834194593278,0.0,0.0,0.0,1.0,1.0,1.0
P,day_0,CGT,42,1059,0.0269900438519137,106,3877,0.0230408119199427,0.5552594177442669,0.24686006873375646,0.30839934901051047,1.2383330234423688,0.2496886866100803,1.0
P,day_0,CTA,1,1059,0.0005662247423894,3,3877,0.0011299551195294,0.7378507133205605,-0.5462437060188219,1.2840944193393824,2.43529141340738,0.4013853182254671,1.0
P,day_0,CTC,14,1059,0.0371349029743203,42,3877,0.0279304358472736,-1.4900515710169489,-1.3663894938765713,-0.12366207714037758,0.9178548465301282,0.8803843064751733,1.0
P,day_0,CTG,4,1059,0.0030198650882738,14,3877,0.0055162354072821,0.3228133117240155,-0.6112698387143565,0.934083150438372,1.9106759923421643,0.28036015339611214,1.0
P,day_0,GAA,21,1059,0.0201009767269306,126,3877,0.0290398463181806,-0.019578866567595506,0.16237727505843996,-0.18195614162603546,0.8815069555830201,0.653047900450427,1.0
P,day_0,GAC,28,1059,0.0279337516772538,102,3877,0.0262971370984383,-0.0792851117422376,0.0006507664206061901,-0.07993587816284378,0.9460996960158293,0.9163130985062142,1.0
P,day_0,GAG,50,1059,0.047940357574465,172,3877,0.0436162672275977,-0.022015164151324713,0.024529618356965575,-0.04654478250829029,0.9682524940427457,0.9365151815464301,1.0
P,day_0,GAT,64,1059,0.0243476619409612,283,3877,0.031638743069472,1.3115860760469202,1.2060971266812373,0.10548894936568298,1.0758589522020199,0.5715071369812291,1.0
P,day_0,GCA,2,1059,0.0047657245651531,26,3877,0.0105804887605891,-1.335398162769798,-0.6578353854301376,-0.6775627773396603,0.6252206017231776,0.7631801452948164,1.0
P,day_0,GCC,16,1059,0.041570329753419,39,3877,0.0341040996714876,-1.4601848762918874,-1.761411787906561,0.3012269116146735,1.2321918612179241,0.532821073824753,1.0
P,day_0,GCT,16,1059,0.0371349029743203,62,3877,0.0385211969167655,-1.2974064930745528,-1.2683250503684251,-0.02908144270612767,0.9800440885448732,1.0,1.0
P,day_0,GGC,2,1059,0.0034917190009439,11,3877,0.005033436406054,-0.8866400508587179,-0.8270528034094978,-0.05958724744922006,0.9595386023899394,1.0,1.0
P,day_0,GGG,0,1059,0.0007549663074575,1,3877,0.001694932674158,0.0,-2.7161687030893815,2.7161687030893815,6.5712539777105645,1.0,1.0
P,day_0,GGT,19,1059,0.0074552918673725,76,3877,0.0106215780372893,1.2669600904016074,0.8840605616334283,0.3828995287681791,1.3039599225656968,0.3267817005362288,1.0
P,day_0,GTA,2,1059,0.0017458595240646,19,3877,0.0035542224448447,0.1133599296454411,0.46345280153726914,-0.35009287189182803,0.78453359279198,1.0,1.0
P,day_0,GTC,15,1059,0.0402963241892098,59,3877,0.0292761096592071,-1.508388331435219,-0.9439496351838084,-0.5644386962514107,0.6762184590261671,0.19330264251735368,1.0
P,day_0,GTT,37,1059,0.0249610720274323,111,3877,0.0258143380972102,0.48514278505380687,0.14937442979538626,0.33576835525842064,1.2620493762737073,0.22499486856146972,1.0
P,day_0,TAC,27,1059,0.0242061057671602,77,3877,0.0212226114259563,0.07488581801023722,-0.0956844789684381,0.17057029697867532,1.1255033079319632,0.5665758210079762,1.0
P,day_0,TAT,9,1059,0.003963572913614,82,3877,0.0078069625833216,1.1004208957547104,1.4378499142888774,-0.33742901853416707,0.7914504748814778,0.6304637300536644,1.0
P,day_0,TCA,3,1059,0.004293870652483,35,3877,0.0083513954996,-0.6000188210652154,0.11232499299543725,-0.7123438140606526,0.6103277894996039,0.6193724129344311,1.0
P,day_0,TCC,5,1059,0.0235455102894221,14,3877,0.0162097196685246,-2.318154579074977,-2.1663730489700814,-0.1517815301048957,0.9001382290181476,1.0,1.0
P,day_0,TCG,4,1059,0.0053791346516242,20,3877,0.00756042692312,-0.5100766925538576,-0.5514803432298011,0.04140365067594354,1.029114602899863,1.0,1.0
P,day_0,TCT,8,1059,0.0122210163853403,47,3877,0.0139806264075355,-0.6939949589907097,-0.2057089809863511,-0.48828597800435863,0.712871535824261,0.49351334394700486,1.0
P,day_0,TGC,7,1059,0.0099089322132569,21,3877,0.009614890758133,-0.5840772682123939,-0.8278937784459588,0.24381651023356488,1.184120999356135,0.651979157886952,1.0
P,day_0,TGG,6,1059,0.0085877412577807,19,3877,0.0090910024802047,-0.6000188131383352,-0.8914526132569125,0.29143380011857734,1.2238559837982392,0.6238693328116189,1.0
P,day_0,TTA,0,1059,0.0002359270035204,5,3877,0.0009655980127284,0.0,0.4174927477619517,-0.4174927477619517,0.7487246990696014,1.0,1.0
P,day_0,TTC,41,1059,0.0329825885428236,141,3877,0.0312483949408196,0.23121669144479892,0.21890043410006138,0.012316257344737541,1.0085735229767818,0.929345440649934,1.0
P,day_0,TTG,13,1059,0.0110413816036651,65,3877,0.0141860727910368,0.15288832665842178,0.24102372762576116,-0.08813540096733938,0.9407378124938865,1.0,1.0
P,day_0,TTT,4,1059,0.0029726796970068,32,3877,0.0059065835359346,0.3455333878662848,0.4827353715592534,-0.1372019836929686,0.9092809395316063,1.0,1.0
A,day_5,AAA,30,1871,0.0113150068980388,25,1852,0.0111416200316918,0.5029154780181369,0.27688497530246153,0.22603050271567532,1.1696123927549011,0.5917402266233154,1.0
A,day_5,AAC,36,1871,0.0334372959783449,44,1852,0.0335832717011147,-0.7972708356756444,-0.49932336012763046,-0.29794747554801393,0.8134088115106546,0.3729355592912037,1.0
A,day_5,AAG,178,1871,0.0744179298484201,178,1852,0.0724997358902079,0.354345519245176,0.4067454979475392,-0.05239997870236324,0.964330792487267,0.7505873181399589,1.0
A,day_5,AAT,28,1871,0.0094049950539468,29,1852,0.0100591403629314,0.6701181784383899,0.6384617815012812,0.031656396937108755,1.0221850503644028,1.0,1.0
A,day_5,ACA,11,1871,0.0048838277774252,12,1852,0.0054123983702039,0.2676097338191669,0.25961037183180075,0.007999361987366171,1.0055601357028157,1.0,1.0
A,day_5,ACC,33,1871,0.0318899446109792,29,1852,0.0323687823166518,-0.8544451259111688,-1.0476342920863364,0.19318916617516757,1.1432882335407963,0.6138800257246396,1.0
A,day_5,ACG,4,1871,0.0021759628845353,3,1852,0.0020857535345012,-0.025463507283893138,-0.3646902880642584,0.3392267807803653,1.2650783875069953,1.0,1.0
A,day_5,ACT,27,1871,0.0167065593187036,28,1852,0.0175044883285517,-0.211264795236927,-0.21138216257736783,0.00011736734044082153,1.0000813561503485,1.0,1.0
A,day_5,AGA,42,1871,0.0151592079513379,35,1852,0.0158147639675599,0.5663853927514745,0.2569987994012983,0.3093865933501762,1.2391807117086702,0.36372142738271857,1.0
A,day_5,AGC,7,1871,0.0062135828587551,8,1852,0.0064948780389643,-0.7318800276741644,-0.5883865335502282,-0.1434934941239362,0.905324251157237,1.0,1.0
A,day_5,AGG,2,1871,0.0004835473264791,1,1852,0.0005280388892118,1.1444614380536986,0.032199810631761056,1.1122616274219375,2.1618428107494023,0.6110063997122965,1.0
A,day_5,AGT,8,1871,0.0018858345031542,4,1852,0.0020593515913607,1.1809873677174203,0.06872574029531452,1.1122616274221058,2.1618428107496546,0.25214591280298426,1.0
A,day_5,ATA,4,1871,0.0004351925962489,3,1852,0.0005280388892118,2.2964645234838645,1.6171623113529172,0.6793022121309473,1.601365036103183,0.7089944131905868,1.0
A,day_5,ATC,66,1871,0.0403036676710301,84,1852,0.040606188576487,-0.1922546654177081,0.15960561153252326,-0.35186027695023137,0.7835730712593653,0.1422285304672558,1.0
A,day_5,ATG,36,1871,0.0193418921162482,39,1852,0.0186661738267336,-0.007541585060077257,0.17396378966588774,-0.181505374725965,0.881782423529591,0.6445274899198805,1.0
A,day_5,ATT,38,1871,0.0143371775374249,46,1852,0.0147322842987995,0.5024288215404077,0.7535686192959741,-0.2511397977555664,0.8402323294226743,0.44658450066695915,1.0
A,day_5,CAA,57,1871,0.0267885205716955,49,1852,0.0271675995179738,0.1855374518891845,-0.038189446527173376,0.22372689841635787,1.167746319786369,0.4386477641929002,1.0
A,day_5,CAC,23,1871,0.0156427552536397,20,1852,0.0152867251047499,-0.34767034308961725,-0.5013634679399475,0.1536931248503302,1.112413474342284,0.7621743102370353,1.0
A,day_5,CAG,24,1871,0.0154251589676039,18,1852,0.014811490128221,-0.2660605102292908,-0.6078039840845061,0.3417434738552153,1.267287165194821,0.5375266710652806,1.0
A,day_5,CAT,12,1871,0.00618940549364,17,1852,0.0062308586075593,0.05135210016134012,0.558947763429015,-0.5075956632676748,0.7033937088774862,0.3607622415389875,1.0
A,day_5,CCA,64,1871,0.0367979497293422,52,1852,0.0360386524131809,-0.1053630393757386,-0.36011754106941773,0.25475450169367914,1.193132694590608,0.3545189589696721,1.0
A,day_5,CCC,4,1871,0.0011121588194714,4,1852,0.0010824796951623,0.9428276176558051,0.9965759378479061,-0.05374832019210096,0.9634299508230125,1.0,1.0
A,day_5,CCG,5,1871,0.0024177365356862,3,1852,0.0023497729659062,0.14446149576140296,-0.5366429688016662,0.6811044645630692,1.6033667532876583,0.7269721149528552,1.0
A,day_5,CCT,5,1871,0.0014022872008525,2,1852,0.0017425282736747,0.9303366799614426,-0.6902661635637852,1.6206028435252278,3.0750350261052493,0.2548103167794913,1.0
A,day_5,CGA,5,1871,0.0016682382171184,3,1852,0.0017161263305342,0.6797932222763384,-0.08327735684891946,0.7630705791252579,1.6970988263774083,0.5039807072855923,1.0
A,day_5,CGC,33,1871,0.0180604917651485,23,1852,0.0182965466227666,-0.03418071028639794,-0.5590216105083836,0.5248409002219857,1.4387749037945987,0.18426314981737224,1.0
A,day_5,CGG,0,1871,0.0005319020567093,2,1852,0.0006072447186333,0.0,0.83056595887094,-0.83056595887094,0.5623086094544357,0.5018639635857916,1.0
A,day_5,CGT,54,1871,0.0251202823787544,42,1852,0.0254778751569819,0.2002971669464166,-0.16793973321807665,0.3682369001644933,1.2907744268352876,0.22205306495546462,1.0
A,day_5,CTA,2,1871,0.0005802567869394,3,1852,0.0007392544343358,0.8814270442424799,1.131735504792492,-0.2503084605500121,0.8407166436206353,1.0,1.0
A,day_5,CTC,33,1871,0.0345252774085239,29,1852,0.0337416833599576,-0.9689965406052371,-1.107563149294666,0.13856660868942894,1.1008108604758007,0.7997240292409744,1.0
A,day_5,CTG,9,1871,0.0040376199983971,5,1852,0.0038546837249145,0.2526103054050901,-0.5137684962204792,0.7663788016255693,1.7009948836955804,0.42658367424964294,1.0
A,day_5,CTT,50,1871,0.0253137012996751,35,1852,0.0253458654412794,0.0782000665416863,-0.42347960251273215,0.5016796690544184,1.4158610304947887,0.12872024390537867,1.0
A,day_5,GAA,73,1871,0.0245642029811074,74,1852,0.0258211004178084,0.6675294757635755,0.6298906868551926,0.0376387889083829,1.0264325231203448,0.9342913236550303,1.0
A,day_5,GAC,72,1871,0.0289644834320535,57,1852,0.0285669025044201,0.4099024125249746,0.10753320665819302,0.3023692058667816,1.2331678700151494,0.2528231422502407,1.0
A,day_5,GAG,115,1871,0.0479920697776282,151,1852,0.0475763015655783,0.3569563632629583,0.7771494203645561,-0.4201930571015978,0.7473246128989978,0.019689350404156626,1.0
A,day_5,GAT,128,1871,0.0258697806973222,98,1852,0.0256626887589654,1.4029945224388765,1.0440253166787987,0.35896920576007774,1.2825092273868348,0.07224798491662932,1.0
A,day_5,GCA,8,1871,0.0060443413029495,9,1852,0.0058348294604518,-0.4993946853571628,-0.26384958682350945,-0.23554509853365335,0.8493640203136589,0.8110953130405925,1.0
A,day_5,GCC,19,1871,0.0367012402688819,23,1852,0.0347977610855775,-1.8536389578465735,-1.486444722392023,-0.36719423545455054,0.7752888192731194,0.44278350138471473,1.0
A,day_5,GCG,1,1871,0.0016682382171184,0,1852,0.0013993030128483,-1.6421348726110239,0.0,-1.6421348726110239,0.3203820282230476,1.0,1.0
A,day_5,GCT,26,1871,0.0368704818246875,30,1852,0.0362762699014454,-1.4077642050668486,-1.1631477166059543,-0.24461648846089434,0.8440401374511974,0.593554362733719,1.0
A,day_5,GGA,105,1871,0.0587509972538427,119,1852,0.0575562360726863,-0.06610547634502255,0.15883332063549216,-0.22493879698051472,0.8556313231039506,0.25622587236112493,1.0
A,day_5,GGC,6,1871,0.0041585068239726,3,1852,0.00414510509946,-0.37491265729300155,-1.3555302797059743,0.9806176224129728,1.9733100085826685,0.5079013286664434,1.0
A,day_5,GGG,1,1871,0.0013297551055072,0,1852,0.0013729010697078,-1.3149701346797362,0.0,-1.3149701346797362,0.40193381574251075,0.4945691223566678,1.0
A,day_5,GGT,11,1871,0.0073015642889341,11,1852,0.0077093674234271,-0.3125835203892125,-0.37626496752981586,0.06368144714060336,1.0451293059775915,1.0,1.0
A,day_5,GTA,6,1871,0.0025386233612616,9,1852,0.0026929982267326,0.33710657439082026,0.8516276229804143,-0.514521048589594,0.7000252912959577,0.6088737987263404,1.0
A,day_5,GTC,54,1871,0.0363627571572706,57,1852,0.0359594465837594,-0.3333117453977061,-0.22449299725295224,-0.10881874814475384,0.9273470456328989,0.7051787104327653,1.0
A,day_5,GTG,12,1871,0.0069147264470927,18,1852,0.0069437110723527,-0.10851923602591995,0.4851339843181144,-0.5936532203440343,0.6626627731946356,0.27964946588329775,1.0
A,day_5,GTT,45,1871,0.0259423127926674,52,1852,0.0260851198492134,-0.10919166069568807,0.10620046274981995,-0.215392123445508,0.8613120239231696,0.478771537362632,1.0
A,day_5,TAC,51,1871,0.0256763617764014,55,1852,0.0257418945883869,0.0862468948845759,0.2062292810616246,-0.1199823861770487,0.9201988852384578,0.698297780152193,1.0
A,day_5,TAT,16,1871,0.0050288919681158,18,1852,0.0050163692230964,0.7659498799985729,0.9541973631718714,-0.18824748317329854,0.8776712269861194,0.7344212535922336,1.0
A,day_5,TCA,9,1871,0.0056816808262231,12,1852,0.0062836624938403,-0.24020234618609274,0.0442727090050992,-0.28447505519119193,0.8210403014853428,0.6704388362297583,1.0
A,day_5,TCC,25,1871,0.0212277265952251,22,1852,0.0218344070035933,-0.6678313363280897,-0.8781839246248453,0.21035258829675563,1.1569709079361064,0.6632161895963705,1.0
A,day_5,TCG,7,1871,0.0065762433354814,10,1852,0.0066532896978073,-0.8137183194210466,-0.30122385668391255,-0.512494462737134,0.7010093233961524,0.6290603780755067,1.0
A,day_5,TCT,20,1871,0.0144580643630003,20,1852,0.0152867251047499,-0.43568397664757086,-0.5013634679399475,0.0656794912923766,1.046577748739726,1.0,1.0
A,day_5,TGC,12,1871,0.0100819612771693,13,1852,0.0110888161454108,-0.6525514711075056,-0.6596778253063873,0.007126354198881746,1.0049518323179636,1.0,1.0
A,day_5,TGG,11,1871,0.0088972703865299,15,1852,0.0085278276607826,-0.5977407362643706,-0.07437178589832925,-0.5233689503660414,0.6957452454258455,0.4340089893415527,1.0
A,day_5,TGT,8,1871,0.0029979932984483,7,1852,0.0035906642935095,0.512193283054213,0.07402004785287364,0.43817323520133933,1.3548876592291892,0.6107145712980036,1.0
A,day_5,TTA,1,1871,0.0003626605009036,0,1852,0.0005016369460713,0.5594989132878901,0.0,0.5594989132878901,1.47375725293465,0.42208926606461694,1.0
A,day_5,TTC,52,1871,0.0336548922643807,50,1852,0.0331608406108667,-0.27611417366835433,-0.29663658261192116,0.020522408943566828,1.0143267073754436,1.0,1.0
A,day_5,TTG,35,1871,0.0115567805491897,31,1852,0.0114320414062373,0.69480581102173,0.550101069981918,0.144704741039812,1.1055043799444444,0.7132398609684234,1.0
A,day_5,TTT,12,1871,0.0038200237123613,13,1852,0.0039074876111955,0.7475713484887969,0.8451143204178492,-0.09754297192905226,0.9346233771989337,1.0,1.0
E,day_5,ACT,42,1871,0.0167065593187036,23,1852,0.0175044883285517,0.4261651253783648,-0.49517512857795914,0.921340253956324,1.8938738725166022,0.012979572686342311,0.3958769669334405
E,day_5,GAG,112,1871,0.0479920697776282,153,1852,0.0475763015655783,0.31882123437618715,0.7961325237321291,-0.4773112893559419,0.7183150811791901,0.0081618192151108,0.3958769669334405
E,day_5,AAG,253,1871,0.0744179298484201,277,1852,0.0724997358902079,0.8616056629730883,1.0447542330303299,-0.1831485700572416,0.8807786660623774,0.1516529570908547,0.8666346001129464
E,day_5,AGA,45,1871,0.0151592079513379,63,1852,0.0158147639675599,0.665921066302389,1.1049957059562485,-0.4390746396538595,0.737607566493256,0.1241626364450455,0.8666346001129464
E,day_5,ATC,89,1871,0.0403036676710301,64,1852,0.040606188576487,0.23908464619023637,-0.23271181124623702,0.47179645743647336,1.3868352937346153,0.0520222131855501,0.8666346001129464
E,day_5,CCA,66,1871,0.0367979497293422,49,1852,0.0360386524131809,-0.06096892001728502,-0.4458474150953015,0.3848784950780165,1.3057498111718642,0.16268915404900866,0.8666346001129464
E,day_5,GAA,77,1871,0.0245642029811074,60,1852,0.0258211004178084,0.7444914575784596,0.32732791683476137,0.4171635407436982,1.3352996613561015,0.10421428840621888,0.8666346001129464
E,day_5,GCA,6,1871,0.0060443413029495,1,1852,0.0058348294604518,-0.9144321846360067,-3.433774588265822,2.5193424036298153,5.733207137117199,0.12567860055830396,0.8666346001129464
E,day_5,GGA,74,1871,0.0587509972538427,91,1852,0.0575562360726863,-0.5708976283821955,-0.22818980247375506,-0.3427078259084404,0.7885598567507471,0.13906973451252608,0.8666346001129464
E,day_5,GTA,9,1871,0.0025386233612616,4,1852,0.0026929982267326,0.9220690751119764,-0.318297378461898,1.2403664535738743,2.362585358123857,0.17048549510418617,0.8666346001129464
E,day_5,TAC,46,1871,0.0256763617764014,30,1852,0.0257418945883869,-0.06261649102990677,-0.6682398368545164,0.6056233458246096,1.5216360651328746,0.08481904291856494,0.8666346001129464
E,day_5,TCG,6,1871,0.0065762433354814,13,1852,0.0066532896978073,-1.0361107407574945,0.07728776656981735,-1.1133985073273118,0.4622039494919686,0.16707057644914966,0.8666346001129464
E,day_5,ATG,36,1871,0.0193418921162482,47,1852,0.0186661738267336,-0.007541585060077257,0.44315042248127673,-0.45069200754135397,0.7316917982479585,0.1873649163755136,0.87917383837741
E,day_5,AGG,2,1871,0.0004835473264791,0,1852,0.0005280388892118,1.1444614380536986,0.0,1.1444614380536986,2.2106359162455007,0.23093440774056695,0.9391332581449722
E,day_5,GTC,73,1871,0.0363627571572706,57,1852,0.0359594465837594,0.1016253113188427,-0.22449299725295224,0.3261183085717949,1.2536358209481784,0.21959224359588903,0.9391332581449722
E,day_5,AGT,0,1871,0.0018858345031542,3,1852,0.0020593515913607,0.0,-0.3463117589835294,0.3463117589835294,1.2713063824000055,0.25113416630707974,0.951137399638345
E,day_5,CAG,29,1871,0.0154251589676039,37,1852,0.014811490128221,0.006957984177125228,0.4317243801021313,-0.4247663959250061,0.7449593471077663,0.267999940598302,0.951137399638345
E,day_5,GAT,56,1871,0.0258697806973222,67,1852,0.0256626887589654,0.21034944449648052,0.495404663021363,-0.28505521852488247,0.8207101958837394,0.28066349497524934,0.951137399638345
E,day_5,CAT,5,1871,0.00618940549364,9,1852,0.0062308586075593,-1.2116823056724537,-0.35859007637901197,-0.8530922292934418,0.5535969005054289,0.3009046110959679,0.9538504400097862
E,day_5,TCC,29,1871,0.0212277265952251,22,1852,0.0218344070035933,-0.4537065309752421,-0.8781839246248453,0.4244773936496032,1.3420862532058835,0.3283747416427133,0.9538504400097862
E,day_5,TTG,28,1871,0.0115567805491897,20,1852,0.0114320414062373,0.3728777161343678,-0.08216714551759487,0.4550448616519627,1.3708254311311112,0.31361769706865505,0.9538504400097862
E,day_5,AAA,48,1871,0.0113150068980388,47,1852,0.0111416200316918,1.1809873831307744,1.1876176372053744,-0.006630254074599939,0.9954148023445964,1.0,1.0
E,day_5,AAC,98,1871,0.0334372959783449,96,1852,0.0335832717011147,0.6475140069972514,0.6262075219562285,0.021306485041022838,1.0148781236209323,0.9428364713829058,1.0
E,day_5,AAT,24,1871,0.0094049950539468,27,1852,0.0100591403629314,0.447725757101942,0.5353682885371777,-0.08764253143523565,0.9410592527164343,0.8890236161689532,1.0
E,day_5,ACA,7,1871,0.0048838277774252,9,1852,0.0054123983702039,-0.3844669627605262,-0.15542712744704296,-0.22903983531348326,0.8532025393842072,0.8069541867836751,1.0
E,day_5,ACC,30,1871,0.0318899446109792,28,1852,0.0323687823166518,-0.9919486496611039,-1.0982603651563045,0.10631171549520069,1.0764726874247759,0.794401802072523,1.0
E,day_5,ACG,4,1871,0.0021759628845353,3,1852,0.0020857535345012,-0.025463507283893138,-0.3646902880642584,0.3392267807803653,1.2650783875069953,1.0,1.0
E,day_5,AGC,11,1871,0.0062135828587551,14,1852,0.0064948780389643,-0.0798033310944713,0.2189683885073759,-0.29877171960184723,0.8129442255289475,0.6911153703786685,1.0
E,day_5,ATA,0,1871,0.0004351925962489,1,1852,0.0005280388892118,0.0,0.032199810631761056,-0.032199810631761056,0.9779280228202536,1.0,1.0
E,day_5,ATT,42,1871,0.0143371775374249,37,1852,0.0147322842987995,0.6468187308755826,0.43946002886791113,0.20735870200767148,1.1545724469734044,0.5742644908252357,1.0
E,day_5,CAA,57,1871,0.0267885205716955,50,1852,0.0271675995179738,0.1855374518891845,-0.009043100867656901,0.19458055275684139,1.1443913933906416,0.5000253691719452,1.0
E,day_5,CAC,21,1871,0.0156427552536397,25,1852,0.0152867251047499,-0.47891487636786984,-0.17943537305258497,-0.29947950331528483,0.81254549430219,0.5559881594667873,1.0
E,day_5,CCC,4,1871,0.0011121588194714,2,1852,0.0010824796951623,0.9428276176558051,-0.0034240621520939037,0.946251679807899,1.926859901646025,0.6878251178923948,1.0
E,day_5,CCG,5,1871,0.0024177365356862,4,1852,0.0023497729659062,0.14446149576140296,-0.12160546952282249,0.26606696528422547,1.202525064965744,1.0,1.0
E,day_5,CCT,4,1871,0.0014022872008525,2,1852,0.0017425282736747,0.6084085850740802,-0.6902661635637852,1.2986747486378656,2.4600280208841996,0.41818710404613546,1.0
E,day_5,CGA,2,1871,0.0016682382171184,1,1852,0.0017161263305342,-0.642134872611024,-1.6682398575700754,1.0261049849590513,2.0365185916528894,0.6216383267936356,1.0
E,day_5,CGC,22,1871,0.0180604917651485,20,1852,0.0182965466227666,-0.6191432110075541,-0.7606554716780344,0.14151226067048028,1.103060759575859,0.7604762915990086,1.0
E,day_5,CGG,1,1871,0.0005319020567093,1,1852,0.0006072447186333,0.006957920861396441,-0.16943404112906,0.17639196199045643,1.1300541942947717,1.0,1.0
E,day_5,CGT,37,1871,0.0251202823787544,30,1852,0.0254778751569819,-0.3451369695881022,-0.6533665603883185,0.30822959080021634,1.238187320556813,0.39525461680552787,1.0
E,day_5,CTA,3,1871,0.0005802567869394,2,1852,0.0007392544343358,1.4663895449636362,0.5467730040713357,0.9196165408923005,1.8916124481464298,0.6606499596347575,1.0
E,day_5,CTC,39,1871,0.0345252774085239,34,1852,0.0337416833599576,-0.7279884411014421,-0.8780813031718987,0.15009286207045658,1.1096408941159808,0.7258204741888116,1.0
E,day_5,CTG,5,1871,0.0040376199983971,2,1852,0.0038546837249145,-0.5953866011498599,-1.8356965911078416,1.2403099899579817,2.36249289402164,0.45443597464934066,1.0
E,day_5,CTT,36,1871,0.0253137012996751,39,1852,0.0253458654412794,-0.39573112179072606,-0.26736040059545013,-0.12837072119527593,0.9148640504735557,0.7300412775686836,1.0
E,day_5,GAC,55,1871,0.0289644834320535,49,1852,0.0285669025044201,0.021337124607321966,-0.11064696339134052,0.13198408799866249,1.0957996804131218,0.6951595183802615,1.0
E,day_5,GCC,20,1871,0.0367012402688819,18,1852,0.0347977610855775,-1.7796383764027968,-1.8400816770067232,0.06044330060392644,1.042786131186067,1.0,1.0
E,day_5,GCG,3,1871,0.0016682382171184,4,1852,0.0013993030128483,-0.05717237188986776,0.6262074958697702,-0.683379867759638,0.6227047253860388,0.708848064745948,1.0
E,day_5,GCT,28,1871,0.0368704818246875,27,1852,0.0362762699014454,-1.3008490011503366,-1.3151508100510043,0.014301808900667679,1.0099625576339115,1.0,1.0
E,day_5,GGC,4,1871,0.0041585068239726,6,1852,0.00414510509946,-0.9598751580141579,-0.3555302797059744,-0.6043448783081835,0.6577700028608895,0.5461567484747006,1.0
E,day_5,GGG,1,1871,0.0013297551055072,1,1852,0.0013729010697078,-1.3149701346797362,-1.3463117682315944,0.03134163355185815,1.0219620570627361,1.0,1.0
E,day_5,GGT,8,1871,0.0073015642889341,8,1852,0.0077093674234271,-0.7720151390265098,-0.8356965861671132,0.06368144714060342,1.0451293059775915,1.0,1.0
E,day_5,GTG,7,1871,0.0069147264470927,8,1852,0.0069437110723527,-0.886126814689472,-0.6847910171241978,-0.2013357975652742,0.8697448898179592,0.8030404013487555,1.0
E,day_5,GTT,40,1871,0.0259423127926674,38,1852,0.0260851198492134,-0.27911666213800035,-0.34631174194768677,0.06719507980968642,1.0476777834854931,0.9099659875817534,1.0
E,day_5,TAT,15,1871,0.0050288919681158,12,1852,0.0050163692230964,0.6728404756070914,0.36923486245071513,0.30360561315637624,1.2342251629492305,0.7012646775942493,1.0
E,day_5,TCA,12,1871,0.0056816808262231,11,1852,0.0062836624938403,0.1748351530927511,-0.08125817307875981,0.2560933261715109,1.1942404385241352,0.6827035612930183,1.0
E,day_5,TCT,17,1871,0.0144580643630003,23,1852,0.0152867251047499,-0.6701492302845938,-0.29972960677029675,-0.3704196235142971,0.7735574664597975,0.4343789495259558,1.0
E,day_5,TGC,6,1871,0.0100819612771693,7,1852,0.0110888161454108,-1.6525514711075056,-1.5527626213898753,-0.09978884971763025,0.9331695585809661,1.0,1.0
E,day_5,TGG,13,1871,0.0088972703865299,15,1852,0.0085278276607826,-0.3567326367605757,-0.07437178589832925,-0.28236085086224644,0.8222443809578174,0.7063939419545262,1.0
E,day_5,TGT,4,1871,0.0029979932984483,5,1852,0.0035906642935095,-0.4878067169457871,-0.41140677931736797,-0.07639993762841912,0.9484213614604323,1.0,1.0
E,day_5,TTA,0,1871,0.0003626605009036,0,1852,0.0005016369460713,0.0,0.0,0.0,1.0,1.0,1.0
E,day_5,TTC,46,1871,0.0336548922643807,48,1852,0.0331608406108667,-0.45299193575243374,-0.35553027166548967,-0.09746166408694407,0.934676052469359,0.7579909474746829,1.0
E,day_5,TTT,9,1871,0.0038200237123613,8,1852,0.0039074876111955,0.332533849209953,0.14467460227675716,0.18785924693319583,1.1390722409612004,0.813434303854884,1.0
P,day_5,AAA,37,1871,0.0113150068980388,35,1852,0.0111416200316918,0.805478248038568,0.7623118024727035,0.043166445565864575,1.0303728221888413,0.9068474932174003,1.0
P,day_5,AAC,81,1871,0.0334372959783449,93,1852,0.0335832717011147,0.37265416576666777,0.5804038323431038,-0.207749666576436,0.8658867993500514,0.363339795883208,1.0
P,day_5,AAG,140,1871,0.0744179298484201,111,1852,0.0724997358902079,0.007895105223744609,-0.27457206666875256,0.28246717189249715,1.216273071605562,0.12981962901456376,1.0
P,day_5,AAT,50,1871,0.0094049950539468,33,1852,0.0100591403629314,1.5066194461555105,0.8248749057321626,0.6817445404233479,1.6040782716757402,0.03678283106502705,1.0
P,day_5,ACA,9,1871,0.0048838277774252,11,1852,0.0054123983702039,-0.021896883375818056,0.13407948974794182,-0.15597637312375986,0.8975247492223478,0.8275350482164405,1.0
P,day_5,ACC,29,1871,0.0318899446109792,31,1852,0.0323687823166518,-1.04085825014205,-0.9514189768270332,-0.08943927331501678,0.9398879808482989,0.897438797036316,1.0
P,day_5,ACG,6,1871,0.0021759628845353,4,1852,0.0020857535345012,0.5594989934372631,0.05034721121458533,0.5091517822226778,1.4232131859453698,0.7547541088879133,1.0
P,day_5,ACT,36,1871,0.0167065593187036,31,1852,0.0175044883285517,0.2037727040419168,-0.06454077424809676,0.26831347829001356,1.2043990525681616,0.46567490350550034,1.0
P,day_5,AGA,34,1871,0.0151592079513379,32,1852,0.0158147639675599,0.2615308112230536,0.1277157824563318,0.1338150287667218,1.0971912551587184,0.7139540577780625,1.0
P,day_5,AGC,13,1871,0.0062135828587551,13,1852,0.0064948780389643,0.16120476840932352,0.11205318459086393,0.04915158381845959,1.034656287036842,1.0,1.0
P,day_5,AGG,2,1871,0.0004835473264791,0,1852,0.0005280388892118,1.1444614380536986,0.0,1.1444614380536986,2.2106359162455007,0.23093440774056695,1.0
P,day_5,AGT,5,1871,0.0018858345031542,4,1852,0.0020593515913607,0.5029154626047827,0.06872574029531452,0.4341897223094682,1.351151756718534,0.7458793058972968,1.0
P,day_5,ATA,6,1871,0.0004351925962489,2,1852,0.0005280388892118,2.8814270242050206,1.0321998106317611,1.8492272135732595,3.603071331232161,0.1528006199492099,1.0
P,day_5,ATC,67,1871,0.0403036676710301,75,1852,0.040606188576487,-0.17055959431838896,-0.0038931207503560485,-0.1666664735680329,0.8908988373833754,0.5031124185889699,1.0
P,day_5,ATG,31,1871,0.0193418921162482,31,1852,0.0186661738267336,-0.22327027611551442,-0.1572421188094855,-0.06602815730602893,0.955264292157057,0.8992994618071921,1.0
P,day_5,ATT,49,1871,0.0143371775374249,40,1852,0.0147322842987995,0.8692111522120306,0.5519347581263235,0.31727639408570707,1.245976099025466,0.34026845959084984,1.0
P,day_5,CAA,46,1871,0.0267885205716955,41,1852,0.0271675995179738,-0.12379060621854435,-0.29534728602429783,0.17155667980575348,1.126273087205167,0.5936359482388187,1.0
P,day_5,CAC,11,1871,0.0156427552536397,15,1852,0.0152867251047499,-1.4118006805093328,-0.9164009672187912,-0.49539971329054167,0.7093651140733406,0.4360254820098731,1.0
P,day_5,CAG,12,1871,0.0154251589676039,11,1852,0.014811490128221,-1.2660605102292908,-1.3182973668895213,0.05223685666023048,1.0368713169775807,1.0,1.0
P,day_5,CAT,29,1871,0.00618940549364,21,1852,0.0062308586075593,1.3243705945677562,0.8638023449574359,0.4605682496103203,1.3760837241134949,0.32227417428833993,1.0
P,day_5,CCA,68,1871,0.0367979497293422,73,1852,0.0360386524131809,-0.01790019812539907,0.12926729966950748,-0.14716749779490654,0.9030216626867272,0.5565148976505832,1.0
P,day_5,CCC,7,1871,0.0011121588194714,7,1852,0.0010824796951623,1.7501825397134092,1.8039308599055102,-0.05374832019210096,0.9634299508230125,1.0,1.0
P,day_5,CCG,5,1871,0.0024177365356862,7,1852,0.0023497729659062,0.14446149576140296,0.6857494525347817,-0.5412879567733787,0.687157179980425,0.5743791577420608,1.0
P,day_5,CCT,1,1871,0.0014022872008525,2,1852,0.0017425282736747,-1.3915914149259196,-0.6902661635637852,-0.7013252513621344,0.6150070052210499,1.0,1.0
P,day_5,CGA,0,1871,0.0016682382171184,2,1852,0.0017161263305342,0.0,-0.6682398575700754,0.6682398575700754,1.589132982074669,0.5000409245705866,1.0
P,day_5,CGC,23,1871,0.0180604917651485,17,1852,0.0182965466227666,-0.5550128735878385,-0.9951207253150571,0.44010785172721867,1.3567057470719122,0.3482343992014463,1.0
P,day_5,CGG,1,1871,0.0005319020567093,1,1852,0.0006072447186333,0.006957920861396441,-0.16943404112906,0.17639196199045643,1.1300541942947717,1.0,1.0
P,day_5,CGT,60,1871,0.0251202823787544,62,1852,0.0254778751569819,0.35230026039146656,0.39393915439003835,-0.04163889399857179,0.9715506438545174,0.9279277593209139,1.0
P,day_5,CTA,0,1871,0.0005802567869394,0,1852,0.0007392544343358,0.0,0.0,0.0,1.0,1.0,1.0
P,day_5,CTC,36,1871,0.0345252774085239,27,1852,0.0337416833599576,-0.843465658521378,-1.2106566422587697,0.3671909837373917,1.2898389880322514,0.37792163739751383,1.0
P,day_5,CTG,5,1871,0.0040376199983971,4,1852,0.0038546837249145,-0.5953866011498599,-0.8356965911078416,0.2403099899579817,1.18124644701082,1.0,1.0
P,day_5,CTT,50,1871,0.0253137012996751,47,1852,0.0253458654412794,0.0782000665416863,0.00182623221993881,0.07637383432174749,1.0543645971769702,0.8393676948040562,1.0
P,day_5,GAA,37,1871,0.0245642029811074,43,1852,0.0258211004178084,-0.31284171748749195,-0.1532979240716592,-0.15954379341583275,0.8953081389944263,0.6556674253726771,1.0
P,day_5,GAC,49,1871,0.0289644834320535,57,1852,0.0285669025044201,-0.14531274480212938,0.10753320665819302,-0.2528459514603224,0.8392392448714212,0.3832430673493505,1.0
P,day_5,GAG,111,1871,0.0479920697776282,114,1852,0.0475763015655783,0.305882178668689,0.37163469520421877,-0.06575251653552977,0.9554468220289933,0.7393704611719301,1.0
P,day_5,GAT,112,1871,0.0258697806973222,132,1852,0.0256626887589654,1.2103494444964804,1.473709591922044,-0.2633601474255636,0.8331451988516748,0.15936219983144106,1.0
P,day_5,GCA,9,1871,0.0060443413029495,5,1852,0.0058348294604518,-0.3294696839148506,-1.1118464933784595,0.782376809463609,1.7199621411351593,0.4256539180144904,1.0
P,day_5,GCC,18,1871,0.0367012402688819,26,1852,0.0347977610855775,-1.9316414698478468,-1.3095669603079434,-0.6220745095399034,0.6497359740467031,0.17567046704016123,1.0
P,day_5,GCG,0,1871,0.0016682382171184,1,1852,0.0013993030128483,0.0,-1.3737925041302297,1.3737925041302297,2.591509179795051,0.4536334099169934,1.0
P,day_5,GCT,40,1871,0.0368704818246875,46,1852,0.0362762699014454,-0.7862758283205785,-0.54647635615746,-0.23979947216311848,0.846863014165081,0.45240628938498323,1.0
P,day_5,GGA,108,1871,0.0587509972538427,109,1852,0.0575562360726863,-0.025463491847676625,0.03219988210447501,-0.05766337395215164,0.9608190270451702,0.7862292783873851,1.0
P,day_5,GGC,7,1871,0.0041585068239726,2,1852,0.00414510509946,-0.15252023595655362,-1.9404927804271304,1.7879725444705767,3.4532925150196694,0.17977633267463405,1.0
P,day_5,GGG,1,1871,0.0013297551055072,2,1852,0.0013729010697078,-1.3149701346797362,-0.3463117682315943,-0.9686583664481418,0.5109810285313681,1.0,1.0
P,day_5,GGT,29,1871,0.0073015642889341,30,1852,0.0077093674234271,1.0859658561010623,1.0711940094414052,0.01477184665965714,1.0102916624450051,1.0,1.0
P,day_5,GTA,4,1871,0.0025386233612616,5,1852,0.0026929982267326,-0.24785592633033596,0.0036307164254642706,-0.25148664275580024,0.8400303495551492,1.0,1.0
P,day_5,GTC,37,1871,0.0363627571572706,45,1852,0.0359594465837594,-0.8787458819322249,-0.5655299150880193,-0.3132159668442056,0.8048456457776889,0.3771183914208881,1.0
P,day_5,GTG,10,1871,0.0069147264470927,10,1852,0.0069437110723527,-0.3715536418597136,-0.3628629222368356,-0.00869071962287804,0.9939941597919536,1.0,1.0
P,day_5,GTT,64,1871,0.0259423127926674,72,1852,0.0260851198492134,0.39895524297463714,0.5756857460510403,-0.17673050307640314,0.884705683832194,0.4935851009138621,1.0
P,day_5,TAC,46,1871,0.0256763617764014,44,1852,0.0257418945883869,-0.06261649102990677,-0.11569881382573777,0.053082322795831,1.0374791353178692,0.9161841916487152,1.0
P,day_5,TAT,25,1871,0.0050288919681158,12,1852,0.0050163692230964,1.4098060697732977,0.36923486245071513,1.0405712073225826,2.0570419382487177,0.0471940955076109,1.0
P,day_5,TCA,11,1871,0.0056816808262231,10,1852,0.0062836624938403,0.04930427100889233,-0.21876169682869465,0.26806596783758696,1.204192442178503,0.8277682647580991,1.0
P,day_5,TCC,9,1871,0.0212277265952251,11,1852,0.0218344070035933,-2.141762524660502,-1.8781839246248453,-0.2635786000356568,0.8330190537139965,0.8239451635227238,1.0
P,day_5,TCG,10,1871,0.0065762433354814,13,1852,0.0066532896978073,-0.29914514659128816,0.07728776656981735,-0.3764329131611055,0.7703399158199478,0.6776413248046915,1.0
P,day_5,TCT,31,1871,0.0144580643630003,27,1852,0.0152867251047499,0.1965842388519421,-0.06840406066384117,0.2649882995157833,1.2016263041085744,0.5133037746567195,1.0
P,day_5,TGC,10,1871,0.0100819612771693,13,1852,0.0110888161454108,-0.9155858769412992,-0.6596778253063873,-0.2559080516349119,0.8374598602649697,0.8352782770517466,1.0
P,day_5,TGG,13,1871,0.0088972703865299,9,1852,0.0085278276607826,-0.3567326367605757,-0.8113373800645354,0.45460474330395967,1.3704073015963623,0.5266572394282288,1.0
P,day_5,TGT,9,1871,0.0029979932984483,11,1852,0.0035906642935095,0.6821182844965252,0.7260967444325669,-0.04397845993604166,0.9699763924027149,1.0,1.0
P,day_5,TTA,1,1871,0.0003626605009036,0,1852,0.0005016369460713,0.5594989132878901,0.0,0.5594989132878901,1.47375725293465,0.42208926606461694,1.0
P,day_5,TTC,69,1871,0.0336548922643807,72,1852,0.0331608406108667,0.1319705649687224,0.22943222905566638,-0.09746166408694398,0.9346760524693591,0.7363822432659204,1.0
P,day_5,TTG,35,1871,0.0115567805491897,32,1852,0.0114320414062373,0.69480581102173,0.5959047595950427,0.09890105142668726,1.0709573680711806,0.8078988221456764,1.0
P,day_5,TTT,17,1871,0.0038200237123613,16,1852,0.0039074876111955,1.2500716890179802,1.144674602276757,0.10539708674122306,1.0757904497966893,0.8634064293283187,1.0
A,day_10,GCC,12,1318,0.0386146332900204,29,1369,0.04036275381715,-2.084463635173559,-0.9300941544671971,-1.1543694807063618,0.44926249042088207,0.01855407249269056,0.6429022764810243
A,day_10,TAC,40,1318,0.0259345890031593,60,1369,0.0232788350868562,0.2267721227944883,0.9128211890262837,-0.6860490662317954,0.6215536949765984,0.02107876316331227,0.6429022764810243
A,day_10,AAA,8,1318,0.0101768640641475,14,1369,0.0111763954629658,-0.7455715378372172,-0.12815059417299515,-0.6174209436642221,0.6518351500834679,0.39594079650376346,1.0
A,day_10,AAC,29,1318,0.0355369526378696,20,1369,0.0329224677159193,-0.6916174428981081,-1.172194924156358,0.48057748125824995,1.3953020654065373,0.25716609708489385,1.0
A,day_10,AAG,124,1318,0.0816200909360734,124,1369,0.0789372843334022,0.20499352719476743,0.198438881622591,0.006554645572176443,1.0045536706885527,1.0,1.0
A,day_10,AAT,12,1318,0.0083712914148857,12,1369,0.0086217907930154,0.1211619300446093,0.023852498050716445,0.09730943199389286,1.0697765109945936,1.0,1.0
A,day_10,ACA,4,1318,0.0046370388902761,8,1369,0.004821816346464,-0.6115541968153986,0.2773008508443772,-0.8888550476597759,0.5400425370497455,0.3919829406322087,1.0
A,day_10,ACC,25,1318,0.0347572735393248,28,1369,0.0332417932996631,-0.8737371928938016,-0.7006938329039826,-0.173043359989819,0.8869696470076914,0.6825792253818219,1.0
A,day_10,ACG,2,1318,0.0017235012062401,1,1369,0.0019798186511441,-0.18369267876162068,-1.4384907339323898,1.2547980551707691,2.3863374291625012,0.5951362966096176,1.0
A,day_10,ACT,10,1318,0.0151011531075887,15,1369,0.0164452675947387,-0.9930090867230432,-0.5858324295397038,-0.4071766571833394,0.7540976938579508,0.5514240784218905,1.0
A,day_10,AGA,28,1318,0.0186712626640835,29,1369,0.0162856048028668,0.18625696216776566,0.37933315516360777,-0.1930761929958421,0.8747385661527658,0.6911633307584109,1.0
A,day_10,AGC,8,1318,0.0063195043134519,4,1369,0.0060991186814393,-0.05816177169607077,-1.0617232358654174,1.0035614641693467,2.00494333679206,0.26625309346540804,1.0
A,day_10,AGG,1,1318,0.0004924289453798,1,1369,0.0004789884075482,0.623662157421413,0.6088149079357376,0.014847249485675396,1.01034446697755,1.0,1.0
A,day_10,AGT,3,1318,0.0019286799163835,1,1369,0.0021714140013904,0.23899839671488293,-1.5717572627426972,1.8107556594575802,3.508259971817937,0.3407602651844931,1.0
A,day_10,ATA,1,1318,0.0005334646874085,3,1369,0.0004470558491738,0.5081849492494442,2.293313075337909,-1.7851281260884648,0.29015020914281886,0.34413054450965447,1.0
A,day_10,ATC,54,1318,0.0450162090464939,48,1369,0.0422787073196129,-0.13583553118787828,-0.2700193074520056,0.1341837762641273,1.0974717290134555,0.6923513938715471,1.0
A,day_10,ATG,29,1318,0.0173581189191659,22,1369,0.0179141652799602,0.3420919169639712,-0.15671974481943518,0.49881166178340636,1.4130491637785698,0.26234595101777997,1.0
A,day_10,ATT,33,1318,0.0121055439394953,29,1369,0.0136352024577932,1.0484477485857344,0.6355943318521108,0.41285341673362363,1.3313163395947731,0.30814350127841755,1.0
A,day_10,CAA,18,1318,0.0260166604872166,13,1369,0.0215544769346397,-0.9297892526056619,-1.1825983762107233,0.25280912360506136,1.1915249189222303,0.7199992174244547,1.0
A,day_10,CAC,11,1318,0.016332225368449,11,1369,0.0157427513105023,-0.9685682271642396,-0.9703066209432637,0.0017383937790240722,1.0012056890059198,1.0,1.0
A,day_10,CAG,11,1318,0.0151421888496174,12,1369,0.0149125047927684,-0.8594206129658692,-0.7666106423540788,-0.09280997061179042,0.9376945998942163,1.0,1.0
A,day_10,CAT,5,1318,0.0061963970873659,10,1369,0.0069932303159219,-0.7078518756250151,0.06284662842226173,-0.7706985040472768,0.5861336198698134,0.43930294917398127,1.0
A,day_10,CCA,49,1318,0.0377528827074182,52,1369,0.0363073189036037,-0.022155430030341896,0.06512877770368687,-0.08728420773402877,0.9412930136321058,0.7664850989227374,1.0
A,day_10,CCC,3,1318,0.0009027863656666,3,1369,0.0009260442247896,1.334155594873828,1.242687055569193,0.09146853930463505,1.0654541712440124,1.0,1.0
A,day_10,CCG,3,1318,0.0019286799163835,5,1369,0.0023949419100111,0.23899839671488293,0.608814984879269,-0.36981658816438606,0.7738808750741333,1.0,1.0
A,day_10,CCT,1,1318,0.0015593582381254,3,1369,0.0014050326004053,-1.0393027730422237,0.6412364490190601,-1.6805392220612838,0.3119660149361785,0.35928418952925933,1.0
A,day_10,CGA,0,1318,0.0014362510120394,3,1369,0.0017243581841491,0.0,0.3457805715648412,-0.3457805715648412,0.7868821180333728,0.2590660319098206,1.0
A,day_10,CGC,28,1318,0.0198202634408865,29,1369,0.0173713117875957,0.10010031860185893,0.28622375094893115,-0.18612343234707224,0.8789643563316835,0.6913472343946541,1.0
A,day_10,CGG,0,1318,0.0003693217192938,1,1369,0.0005747860826714,0.0,0.34578051813170796,-0.34578051813170796,0.7868821471771466,1.0,1.0
A,day_10,CGT,52,1318,0.0274118757161917,37,1369,0.0257376420816836,0.5253602018742888,0.07052293503474195,0.45483726683954684,1.3706281920980692,0.16784947606567496,1.0
A,day_10,CTA,1,1318,0.0006155361714658,1,1369,0.0005747860826714,0.30173408657900014,0.34578051813170796,-0.04404643155270782,0.9699306936870952,1.0,1.0
A,day_10,CTC,17,1318,0.0350445237335255,22,1369,0.0360518584366086,-1.4420046416925156,-1.1656925536898501,-0.2763120880026655,0.8256990279907226,0.6318035041051195,1.0
A,day_10,CTG,1,1318,0.0025442160468136,4,1369,0.003895772153607,-1.7455715552891269,-0.415031749664539,-1.3305398056245878,0.3976194388641356,0.6551077293345049,1.0
A,day_10,CTT,24,1318,0.0260166604872166,20,1369,0.0229914420614868,-0.5147517533268179,-0.6542194037223492,0.13946765039553133,1.1014985916127806,0.765416640691776,1.0
A,day_10,GAA,44,1318,0.022036193510435,50,1369,0.0236939583457232,0.5992781163322781,0.6242864109332933,-0.02500829460101517,0.9828149479530824,1.0,1.0
A,day_10,GAC,49,1318,0.0265911608756181,44,1369,0.0299527397871018,0.48348461737117787,0.10169310430757415,0.3817915130636037,1.302958842396887,0.21285856302238446,1.0
A,day_10,GAG,111,1318,0.0462062455653255,105,1369,0.0438434026799576,0.8660495313555939,0.8068352061919644,0.059214325163629566,1.0418982007443693,0.7857245578479768,1.0
A,day_10,GAT,69,1318,0.0237186589336108,80,1369,0.0261846978989249,1.1422235501484506,1.1581535933462377,-0.015930043197787125,0.9890188730996187,1.0,1.0
A,day_10,GCA,5,1318,0.0045960031482475,7,1369,0.0063545791484343,-0.2768020616844692,-0.3135641060120498,0.03676204432758062,1.0258089361974043,1.0,1.0
A,day_10,GCG,0,1318,0.0006976076555232,1,1369,0.0013731000420309,0.0,-0.9105591885294002,0.9105591885294002,1.879773957540302,1.0,1.0
A,day_10,GCT,19,1318,0.035865238574099,28,1369,0.0380316770558202,-1.3149371793407185,-0.8948971772941345,-0.420040002046584,0.7474039005336522,0.3815979301718174,1.0
A,day_10,GGA,119,1318,0.0577783248174123,131,1369,0.0647272958568027,0.6440109220129786,0.5639982270825167,0.08001269493046193,1.057027341785257,0.7036066231856666,1.0
A,day_10,GGC,5,1318,0.0028314662410144,3,1369,0.0042150977373508,0.422028395567555,-0.9437260298430864,1.3657544254106413,2.5771105495905196,0.2768033120531508,1.0
A,day_10,GGG,1,1318,0.0009027863656666,0,1369,0.0013411674836565,-0.2508069058473281,0.0,-0.2508069058473281,0.8404262295943908,0.3932252724826026,1.0
A,day_10,GGT,11,1318,0.0064426115395379,6,1369,0.0075999489250352,0.37343563892351656,-0.7941496689248231,1.1675853078483396,2.246354015200124,0.14197869033156238,1.0
A,day_10,GTA,1,1318,0.0018055726902975,4,1369,0.0026184698186317,-1.250806873058839,0.15815357751183096,-1.40896045057067,0.376582940001785,0.6544036782121267,1.0
A,day_10,GTC,40,1318,0.038532561805963,46,1369,0.038095542172569,-0.34442847593585446,-0.18111077312381038,-0.16331770281204408,0.8929691856609471,0.6664954754296238,1.0
A,day_10,GTG,9,1318,0.0059091468931651,14,1369,0.0073125558996657,0.2086247683482737,0.4838567273844045,-0.2752319590361308,0.8263174507058177,0.6815879616092357,1.0
A,day_10,GTT,35,1318,0.02622183919736,33,1369,0.0265359560410431,0.018235672107209663,-0.13860494942428117,0.15684062153149084,1.1148430521622668,0.716371339120977,1.0
A,day_10,TAT,5,1318,0.0040625385018747,13,1369,0.0041831651789764,-0.09880376139794393,1.182722305314428,-1.281526066712372,0.41136014624212625,0.09961025626297884,1.0
A,day_10,TCA,7,1318,0.0056218966989644,7,1369,0.0050134116967103,-0.0820523930665625,0.02843976370055954,-0.11049215676712204,0.9262720222582048,1.0,1.0
A,day_10,TCC,23,1318,0.0235955517075247,17,1369,0.0207242304169057,-0.4352314139167829,-0.7389062292480397,0.30367481533125684,1.234284366808431,0.5310913772056874,1.0
A,day_10,TCG,7,1318,0.005539825214907,11,1369,0.0069293651991732,-0.06083590731286366,0.21358597926816225,-0.2744218865810259,0.8267815577759868,0.8140336116725283,1.0
A,day_10,TCT,12,1318,0.0132545447162982,12,1369,0.0138906629247882,-0.5418030800723362,-0.664203493607764,0.12240041353542774,1.088544520396056,0.8415032040181563,1.0
A,day_10,TGC,9,1318,0.0105872214844343,13,1369,0.009515902427498,-0.632677481205811,-0.0030232074386118968,-0.6296542737671991,0.6463312830498397,0.394583892552629,1.0
A,day_10,TGG,18,1318,0.0089047560612585,8,1369,0.008174734975774,0.6169985407164507,-0.4842944059118094,1.1012929466282602,2.1454688378611184,0.07765241030426685,1.0
A,day_10,TGT,6,1318,0.0034470023714445,3,1369,0.0026823349353805,0.4012698391344585,-0.29164933950880995,0.6929191786432685,1.6165511741066423,0.7398482089413836,1.0
A,day_10,TTA,1,1318,0.0004103574613225,1,1369,0.0003193256156763,0.8866965392101406,1.193777360567151,-0.3070808213570103,0.8082755870531649,1.0,1.0
A,day_10,TTC,39,1318,0.0331158438581777,34,1369,0.0320922211981854,-0.16239786783628418,-0.36981134652776493,0.20741347869148075,1.154616284963217,0.5602434078185368,1.0
A,day_10,TTG,19,1318,0.0105872214844343,18,1369,0.0114318559299609,0.44532503079546204,0.20181481987188998,0.24351021092357206,1.1838696247166784,0.6250809056149071,1.0
A,day_10,TTT,7,1318,0.002749394756957,6,1369,0.0029058628440012,0.9498904884340804,0.5928734443923842,0.3570170440416962,1.2807749923538658,0.7836049258067761,1.0
E,day_10,ATC,37,1318,0.0450162090464939,72,1369,0.0422787073196129,-0.6812696677223968,0.31494319326915077,-0.9962128609915476,0.5013142465863932,0.0005195135779001313,0.031690328251908005
E,day_10,ACG,4,1318,0.0017235012062401,0,1369,0.0019798186511441,0.8163073212383793,0.0,0.8163073212383793,1.7608930905980604,0.0432226939460529,0.8788614435697423
E,day_10,CGT,23,1318,0.0274118757161917,10,1369,0.0257376420816836,-0.6515175602097903,-1.8170023357068454,1.1654847754970552,2.2430857528374175,0.03554909180409397,0.8788614435697423
E,day_10,AAA,21,1318,0.0101768640641475,33,1369,0.0111763954629658,0.6467458849415433,1.1088886031278542,-0.4621427181863109,0.7259073262293166,0.2766734530405995,1.0
E,day_10,AAC,65,1318,0.0355369526378696,81,1369,0.0329224677159193,0.47276937500277444,0.8457269838409045,-0.37295760883813006,0.7721978224897823,0.1360080766939369,1.0
E,day_10,AAG,190,1318,0.0816200909360734,191,1369,0.0789372843334022,0.8206528251388402,0.8216713992714644,-0.0010185741326241837,0.9992942273865186,1.0,1.0
E,day_10,AAT,20,1318,0.0083712914148857,18,1369,0.0086217907930154,0.8581275242108156,0.6088149987718725,0.2493125254389431,1.1886405677717709,0.6290108693222615,1.0
E,day_10,ACA,7,1318,0.0046370388902761,9,1369,0.004821816346464,0.1958007252422055,0.44722585228668954,-0.25142512704448405,0.8400661687440485,0.8059361244703254,1.0
E,day_10,ACC,26,1318,0.0347572735393248,31,1369,0.0332417932996631,-0.8171536645274341,-0.5538524445747113,-0.2633012199527228,0.8331792297052895,0.510570023401941,1.0
E,day_10,ACT,18,1318,0.0151011531075887,18,1369,0.0164452675947387,-0.14501218016809309,-0.32279802370591,0.1777858435378169,1.1311465407869261,0.7407409233579526,1.0
E,day_10,AGA,34,1318,0.0186712626640835,31,1369,0.0162856048028668,0.466364881360501,0.4755484704229108,-0.009183589062409792,0.9936546385099392,1.0,1.0
E,day_10,AGC,7,1318,0.0063195043134519,4,1369,0.0060991186814393,-0.2508068496384666,-1.0617232358654174,0.8109163862269508,1.7543254196930524,0.3871023352126075,1.0
E,day_10,AGG,0,1318,0.0004924289453798,1,1369,0.0004789884075482,0.0,0.6088149079357376,-0.6088149079357376,0.6557351299334858,1.0,1.0
E,day_10,AGT,3,1318,0.0019286799163835,1,1369,0.0021714140013904,0.23899839671488293,-1.5717572627426972,1.8107556594575802,3.508259971817937,0.3407602651844931,1.0
E,day_10,ATA,1,1318,0.0005334646874085,0,1369,0.0004470558491738,0.5081849492494442,0.0,0.5081849492494442,1.4222597284033733,1.0,1.0
E,day_10,ATG,31,1318,0.0173581189191659,29,1369,0.0179141652799602,0.4383072322232742,0.24182963167083948,0.19647760055243474,1.1458971815659746,0.6080585083519896,1.0
E,day_10,ATT,22,1318,0.0121055439394953,19,1369,0.0136352024577932,0.46348524786457806,0.025540850168124102,0.437944397696454,1.3546727666052076,0.3505222388801195,1.0
E,day_10,CAA,35,1318,0.0260166604872166,33,1369,0.0215544769346397,0.029568762896992163,0.16135602500663787,-0.1317872621096457,0.9127000641576007,0.7169012863097772,1.0
E,day_10,CAC,20,1318,0.016332225368449,15,1369,0.0157427513105023,-0.1060717509141743,-0.5228476439720423,0.416775893057868,1.3349409186745598,0.4047504084779614,1.0
E,day_10,CAG,20,1318,0.0151421888496174,27,1369,0.0149125047927684,0.0030758632841956703,0.40331435908823343,-0.40023849580403775,0.7577330100155283,0.383136856865987,1.0
E,day_10,CAT,7,1318,0.0061963970873659,5,1369,0.0069932303159219,-0.22242504845477337,-0.9371533715777383,0.7147283231229649,1.6411741356354774,0.4046404589670049,1.0
E,day_10,CCA,45,1318,0.0377528827074182,53,1369,0.0363073189036037,-0.14501217781587536,0.09260951412579384,-0.2376216919416692,0.8481423380435609,0.42127921419168096,1.0
E,day_10,CCC,5,1318,0.0009027863656666,5,1369,0.0009260442247896,2.071121189040034,1.979652649735399,0.09146853930463505,1.0654541712440124,1.0,1.0
E,day_10,CCG,2,1318,0.0019286799163835,4,1369,0.0023949419100111,-0.3459641040062733,0.28688688999190676,-0.6328509939981801,0.6449007292284442,0.702277524909783,1.0
E,day_10,CCT,1,1318,0.0015593582381254,3,1369,0.0014050326004053,-1.0393027730422237,0.6412364490190601,-1.6805392220612838,0.3119660149361785,0.35928418952925933,1.0
E,day_10,CGA,1,1318,0.0014362510120394,5,1369,0.0017243581841491,-0.9206582797978298,1.0827461657310475,-2.0034044455288775,0.24941075006914915,0.23568003973217488,1.0
E,day_10,CGC,25,1318,0.0198202634408865,16,1369,0.0173713117875957,-0.0633984136810203,-0.5717572441786409,0.5083588304976207,1.422431157009979,0.2788911895596239,1.0
E,day_10,CGG,0,1318,0.0003693217192938,0,1369,0.0005747860826714,0.0,0.0,0.0,1.0,1.0,1.0
E,day_10,CTA,2,1318,0.0006155361714658,1,1369,0.0005747860826714,1.3017340865790001,0.34578051813170796,0.9559535684472922,1.9398613873741903,1.0,1.0
E,day_10,CTC,36,1318,0.0350445237335255,43,1369,0.0360518584366086,-0.35954248150054263,-0.1988594176250494,-0.16068306387549322,0.8946014092594423,0.6536435602051447,1.0
E,day_10,CTG,2,1318,0.0025442160468136,5,1369,0.003895772153607,-0.7455715552891269,-0.09310365477717669,-0.6524679005119502,0.6361911021826169,0.713899003379771,1.0
E,day_10,CTT,26,1318,0.0260166604872166,29,1369,0.0229914420614868,-0.399274535906882,-0.11816650348213936,-0.28110803242474264,0.8229587178716176,0.5015926151658183,1.0
E,day_10,GAA,41,1318,0.022036193510435,45,1369,0.0236939583457232,0.4973985023130647,0.4722833174882434,0.02511518482482128,1.0175609309615248,1.0,1.0
E,day_10,GAC,42,1318,0.0265911608756181,47,1369,0.0299527397871018,0.26109219603473,0.19685033734791432,0.06424185868681567,1.0455353628959823,0.832581802145899,1.0
E,day_10,GAG,77,1318,0.0462062455653255,76,1369,0.0438434026799576,0.3384202057003893,0.34051720196942725,-0.002096996269037976,0.9985475288072813,1.0,1.0
E,day_10,GAT,39,1318,0.0237186589336108,41,1369,0.0261846978989249,0.31910131223252997,0.19377750307695904,0.12532380915557093,1.0907525217641607,0.7373012279435627,1.0
E,day_10,GCA,6,1318,0.0045960031482475,5,1369,0.0063545791484343,-0.013767655850675284,-0.7989909331822915,0.7852232773316162,1.7233590128116392,0.37570931714342715,1.0
E,day_10,GCC,22,1318,0.0386146332900204,23,1369,0.04036275381715,-1.209994517257418,-1.2645131935377563,0.05451867628033824,1.0385125684366765,1.0,1.0
E,day_10,GCG,2,1318,0.0006976076555232,1,1369,0.0013731000420309,1.121161852252312,-0.9105591885294002,2.0317210407817123,4.088923412600929,0.25279246457875615,1.0
E,day_10,GCT,22,1318,0.035865238574099,22,1369,0.0380316770558202,-1.1034330741470069,-1.2428204807144412,0.1393874065674343,1.1014373271022242,0.7649281520705218,1.0
E,day_10,GGA,86,1318,0.0577783248174123,78,1369,0.0647272958568027,0.17545791340713307,-0.18402255559268524,0.35948046899981834,1.2829638044120562,0.11740395648317811,1.0
E,day_10,GGC,7,1318,0.0028314662410144,7,1369,0.0042150977373508,0.9074552227377968,0.27866639149336125,0.6287888312444355,1.546266329754312,0.42372665600797954,1.0
E,day_10,GGG,1,1318,0.0009027863656666,1,1369,0.0013411674836565,-0.2508069058473281,-0.8766118574048753,0.6258049515575472,1.5430715418837757,1.0,1.0
E,day_10,GGT,7,1318,0.0064426115395379,8,1369,0.0075999489250352,-0.27864105765617664,-0.37911216964597905,0.10047111198980241,1.0721235072546045,1.0,1.0
E,day_10,GTA,1,1318,0.0018055726902975,3,1369,0.0026184698186317,-1.250806873058839,-0.25688392176701286,-0.9939229512918262,0.5021105866690467,1.0,1.0
E,day_10,GTC,46,1318,0.038532561805963,56,1369,0.038095542172569,-0.14279461476620392,0.10268219287678107,-0.245476807642985,0.8435369628832874,0.4286971944395114,1.0
E,day_10,GTG,8,1318,0.0059091468931651,4,1369,0.0073125558996657,0.03869976690596123,-1.3234981946731996,1.3621979615791608,2.5707654021958772,0.14614247052465806,1.0
E,day_10,GTT,21,1318,0.02622183919736,23,1369,0.0265359560410431,-0.7187299220589964,-0.6594371127257218,-0.05929280933327463,0.9597344536005601,1.0,1.0
E,day_10,TAC,25,1318,0.0259345890031593,23,1369,0.0232788350868562,-0.45129978231814927,-0.4705074505252219,0.019207668207072648,1.0134027635488019,1.0,1.0
E,day_10,TAT,6,1318,0.0040625385018747,5,1369,0.0041831651789764,0.1642306444358499,-0.19578931793930188,0.36001996237515177,1.2834436562754339,0.7681475828390174,1.0
E,day_10,TCA,10,1318,0.0056218966989644,7,1369,0.0050134116967103,0.43252077976319564,0.02843976370055954,0.4040810160626361,1.3232457460831497,0.6333839606660983,1.0
E,day_10,TCC,18,1318,0.0235955517075247,25,1369,0.0207242304169057,-0.7888683685314833,-0.18251288072365443,-0.6063554878078289,0.6568539412928346,0.22155391120155543,1.0
E,day_10,TCG,5,1318,0.005539825214907,7,1369,0.0069293651991732,-0.5462627344831054,-0.438490717311531,-0.10777201717157436,0.9280201158710057,1.0,1.0
E,day_10,TCT,12,1318,0.0132545447162982,12,1369,0.0138906629247882,-0.5418030800723362,-0.664203493607764,0.12240041353542774,1.088544520396056,0.8415032040181563,1.0
E,day_10,TGC,7,1318,0.0105872214844343,5,1369,0.009515902427498,-0.9952475605905196,-1.3815348306923418,0.3862872701018223,1.3070254835007866,0.7760059992534858,1.0
E,day_10,TGG,13,1318,0.0089047560612585,8,1369,0.008174734975774,0.14751325741523044,-0.4842944059118094,0.6318076633270399,1.5495052717885855,0.386158305337612,1.0
E,day_10,TGT,2,1318,0.0034470023714445,2,1369,0.0026823349353805,-1.1836926615866976,-0.8766118402299661,-0.30708082135673154,0.8082755870533211,1.0,1.0
E,day_10,TTA,0,1318,0.0004103574613225,1,1369,0.0003193256156763,0.0,1.193777360567151,-1.193777360567151,0.4371567678608547,0.4469869486931257,1.0
E,day_10,TTC,39,1318,0.0331158438581777,28,1369,0.0320922211981854,-0.16239786783628418,-0.6499192657205004,0.4875213978842162,1.402034060312478,0.1805304797938164,1.0
E,day_10,TTG,13,1318,0.0105872214844343,13,1369,0.0114318559299609,-0.10216276450703125,-0.2676704634293301,0.16550769892229883,1.121560697100011,0.8453497367822523,1.0
E,day_10,TTT,4,1318,0.002749394756957,1,1369,0.0029058628440012,0.14253556637647619,-1.992089056328772,2.1346246227052483,4.391228545213254,0.1989640884532428,1.0
P,day_10,GTC,35,1318,0.038532561805963,11,1369,0.038095542172569,-0.5370735538782503,-2.245241110543526,1.7081675566652756,3.2674554293502838,0.0003029630495166335,0.01848074602051464
P,day_10,AAG,89,1318,0.0816200909360734,68,1369,0.0789372843334022,-0.27346935222570995,-0.668294587513945,0.39482523528823504,1.3147834807541354,0.09385897172079771,0.9587850499054361
P,day_10,AGT,3,1318,0.0019286799163835,11,1369,0.0021714140013904,0.23899839671488293,1.8876743558946,-1.648675959179717,0.31893272471072154,0.10447066746731473,0.9587850499054361
P,day_10,ATG,21,1318,0.0173581189191659,13,1369,0.0179141652799602,-0.12357165538484079,-0.9157116453156404,0.7921399899307996,1.7316411503068945,0.12487466667650346,0.9587850499054361
P,day_10,GAT,88,1318,0.0237186589336108,128,1369,0.0261846978989249,1.4931307120075787,1.8362254984588753,-0.34309478645129654,0.7883483771083917,0.08838348898993054,0.9587850499054361
P,day_10,GCG,2,1318,0.0006976076555232,0,1369,0.0013731000420309,1.121161852252312,0.0,1.121161852252312,2.175220800458005,0.10788944732733957,0.9587850499054361
P,day_10,TAC,24,1318,0.0259345890031593,37,1369,0.0232788350868562,-0.5101934713717177,0.21538395904671503,-0.7255774304184327,0.6047549464637174,0.05526313441565199,0.9587850499054361
P,day_10,TGG,6,1318,0.0089047560612585,1,1369,0.008174734975774,-0.9679639600047054,-3.4842944059118093,2.516330445907104,5.721250234296317,0.12574230162694244,0.9587850499054361
P,day_10,AAA,21,1318,0.0101768640641475,25,1369,0.0111763954629658,0.6467458849415433,0.7083506735441254,-0.06160478860258212,0.958197670622698,1.0,1.0
P,day_10,AAC,60,1318,0.0355369526378696,62,1369,0.0329224677159193,0.35729215758283844,0.46007329134315506,-0.10278113376031661,0.9312360836973552,0.7178040389923277,1.0
P,day_10,AAT,29,1318,0.0083712914148857,23,1369,0.0086217907930154,1.3941804244510254,0.9624519533865731,0.43172847106445233,1.3488486442975314,0.33170128895844364,1.0
P,day_10,ACA,3,1318,0.0046370388902761,5,1369,0.004821816346464,-1.0265916960942423,-0.4007710542682605,-0.6258206418259817,0.6480510444596946,0.7281801824435418,1.0
P,day_10,ACC,26,1318,0.0347572735393248,24,1369,0.0332417932996631,-0.8171536645274341,-0.9230862542404303,0.10593258971299624,1.0761898383693322,0.8877555368209167,1.0
P,day_10,ACG,0,1318,0.0017235012062401,3,1369,0.0019798186511441,0.0,0.1464717667887663,-0.1464717667887663,0.9034572444720909,0.25581822830737283,1.0
P,day_10,ACT,21,1318,0.0151011531075887,24,1369,0.0164452675947387,0.07738024116835487,0.09223947557293381,-0.014859234404578939,0.9897532231885605,1.0,1.0
P,day_10,AGA,25,1318,0.0186712626640835,17,1369,0.0162856048028668,0.022758229884886513,-0.391184998713625,0.4139432285985115,1.3323223959259567,0.4402992951400232,1.0
P,day_10,AGC,17,1318,0.0063195043134519,10,1369,0.0060991186814393,1.0293010695542686,0.2602048590219449,0.7690962105323237,1.704201836273251,0.18439898113526393,1.0
P,day_10,AGG,1,1318,0.0004924289453798,2,1369,0.0004789884075482,0.623662157421413,1.6088149079357377,-0.9851527505143247,0.505172233488775,1.0,1.0
P,day_10,ATA,5,1318,0.0005334646874085,3,1369,0.0004470558491738,2.8301130441368065,2.293313075337909,0.5367999687988974,1.4507510457140942,0.7317716867381898,1.0
P,day_10,ATC,45,1318,0.0450162090464939,46,1369,0.0422787073196129,-0.398869937021672,-0.3314198521161488,-0.06745008490552318,0.954323242620396,0.8347278652585925,1.0
P,day_10,ATT,22,1318,0.0121055439394953,18,1369,0.0136352024577932,0.46348524786457806,-0.05246166183314884,0.5159469096977269,1.4299323647499411,0.27070582053874115,1.0
P,day_10,CAA,22,1318,0.0260166604872166,22,1369,0.0215544769346397,-0.640282635410677,-0.42360647571451837,-0.2166761596961586,0.8605457747771664,0.6521182294985823,1.0
P,day_10,CAC,12,1318,0.016332225368449,13,1369,0.0157427513105023,-0.8430373450803804,-0.7292985214394688,-0.11373882364091159,0.9241898667746953,1.0,1.0
P,day_10,CAG,11,1318,0.0151421888496174,12,1369,0.0149125047927684,-0.8594206129658692,-0.7666106423540788,-0.09280997061179042,0.9376945998942163,1.0,1.0
P,day_10,CAT,10,1318,0.0061963970873659,12,1369,0.0069932303159219,0.2921481243749849,0.3258810342560557,-0.033732909881070805,0.9768893664496888,1.0,1.0
P,day_10,CCA,38,1318,0.0377528827074182,49,1369,0.0363073189036037,-0.38893776070196456,-0.020601096322196925,-0.36833666437976764,0.7746751332515789,0.24054530424596016,1.0
P,day_10,CCC,4,1318,0.0009027863656666,5,1369,0.0009260442247896,1.7491930941526719,1.979652649735399,-0.23045955558272713,0.85236333699521,1.0,1.0
P,day_10,CCG,4,1318,0.0019286799163835,5,1369,0.0023949419100111,0.6540358959937267,0.608814984879269,0.045220911114457696,1.031841166765511,1.0,1.0
P,day_10,CCT,2,1318,0.0015593582381254,3,1369,0.0014050326004053,-0.03930277304222373,0.6412364490190601,-0.6805392220612838,0.623932029872357,0.6778599854538352,1.0
P,day_10,CGA,2,1318,0.0014362510120394,2,1369,0.0017243581841491,0.07934172020217026,-0.23918192915631478,0.31852364935848504,1.247053750345746,1.0,1.0
P,day_10,CGC,18,1318,0.0198202634408865,12,1369,0.0173713117875957,-0.5373296020134327,-0.9867947434574846,0.4494651414440519,1.3655339107295796,0.46681180671117467,1.0
P,day_10,CGG,0,1318,0.0003693217192938,1,1369,0.0005747860826714,0.0,0.34578051813170796,-0.34578051813170796,0.7868821471771466,1.0,1.0
P,day_10,CGT,49,1318,0.0274118757161917,42,1369,0.0257376420816836,0.43963032784840483,0.2533869921845524,0.18624333566385243,1.137797121004487,0.6004438288444227,1.0
P,day_10,CTA,0,1318,0.0006155361714658,0,1369,0.0005747860826714,0.0,0.0,0.0,1.0,1.0,1.0
P,day_10,CTC,20,1318,0.0350445237335255,19,1369,0.0360518584366086,-1.2075393880554925,-1.377196658883562,0.16965727082806947,1.1247912455601177,0.7505148653875606,1.0
P,day_10,CTG,4,1318,0.0025442160468136,3,1369,0.003895772153607,0.2544284447108731,-0.8300692489433827,1.0844976936542559,2.1206370072753895,0.4408766408167177,1.0
P,day_10,CTT,31,1318,0.0260166604872166,27,1369,0.0229914420614868,-0.14551794366109896,-0.22125999644624292,0.07574205278514395,1.0539029734566727,0.8958313144796194,1.0
P,day_10,GAA,29,1318,0.022036193510435,33,1369,0.0236939583457232,-0.002172507177446956,0.024824340517021943,-0.0269968476944689,0.9814612083553511,1.0,1.0
P,day_10,GAC,55,1318,0.0265911608756181,52,1369,0.0299527397871018,0.6501344867806294,0.3427012038113691,0.30743328296926026,1.2375040810833857,0.28678449834739395,1.0
P,day_10,GAG,94,1318,0.0462062455653255,97,1369,0.0438434026799576,0.6262225166831253,0.6925025307129695,-0.06628001402984418,0.955097542616042,0.7725477244495389,1.0
P,day_10,GCA,4,1318,0.0045960031482475,6,1369,0.0063545791484343,-0.5987301565718315,-0.5359565273484977,-0.06277362922333374,0.957421673784244,1.0,1.0
P,day_10,GCC,16,1318,0.0386146332900204,19,1369,0.04036275381715,-1.6694261358947153,-1.5401476361511837,-0.12927849974353167,0.9142885769968826,0.866406845850668,1.0
P,day_10,GCT,23,1318,0.035865238574099,27,1369,0.0380316770558202,-1.0393027367272913,-0.9473645971882699,-0.09193813953902141,0.9382614267907835,0.8878284773518078,1.0
P,day_10,GGA,111,1318,0.0577783248174123,135,1369,0.0647272958568027,0.543609025055141,0.6073908225958973,-0.0637817975407563,0.9567528525925566,0.7494910730183062,1.0
P,day_10,GGC,2,1318,0.0028314662410144,4,1369,0.0042150977373508,-0.8998996993198073,-0.5286885305642428,-0.3712111687555645,0.773133164877156,1.0,1.0
P,day_10,GGG,2,1318,0.0009027863656666,3,1369,0.0013411674836565,0.7491930941526719,0.7083506433162807,0.04084245083639115,1.0287143612558505,1.0,1.0
P,day_10,GGT,27,1318,0.0064426115395379,27,1369,0.0075999489250352,1.6688915224496879,1.3757753325174895,0.29311618993219835,1.2252840082909766,0.49516193461037217,1.0
P,day_10,GTA,2,1318,0.0018055726902975,5,1369,0.0026184698186317,-0.2508068730588392,0.4800816723991933,-0.7308885454580325,0.602532704002856,0.7099447878146361,1.0
P,day_10,GTG,7,1318,0.0059091468931651,10,1369,0.0073125558996657,-0.1539453110364346,-0.0015700997858372366,-0.15237521125059736,0.8997678907685571,1.0,1.0
P,day_10,GTT,46,1318,0.02622183919736,43,1369,0.0265359560410431,0.41251461121925626,0.24326568591936326,0.169248925299893,1.124472925702539,0.597429524228295,1.0
P,day_10,TAT,11,1318,0.0040625385018747,17,1369,0.0041831651789764,1.038699762351991,1.5697454284236751,-0.5310456660716842,0.6920529519132241,0.35256624305268164,1.0
P,day_10,TCA,6,1318,0.0056218966989644,9,1369,0.0050134116967103,-0.30444481440301047,0.3910098430852679,-0.6954546574882784,0.6175146815054698,0.4417872774499261,1.0
P,day_10,TCC,5,1318,0.0235955517075247,5,1369,0.0207242304169057,-2.6368652750864334,-2.5044409756110166,-0.13242429947541678,0.9122971406844924,1.0,1.0
P,day_10,TCG,4,1318,0.005539825214907,5,1369,0.0069293651991732,-0.8681908293704678,-0.9239175444817725,0.05572671511130478,1.0393825297755261,1.0,1.0
P,day_10,TCT,9,1318,0.0132545447162982,11,1369,0.0138906629247882,-0.95684057935118,-0.7897343756916227,-0.1671062036595573,0.8906273348695003,0.826944357460951,1.0
P,day_10,TGC,12,1318,0.0105872214844343,10,1369,0.009515902427498,-0.21763998192696718,-0.3815348306923418,0.1638948487653746,1.1203075572863888,0.8339814620858681,1.0
P,day_10,TGT,10,1318,0.0034470023714445,9,1369,0.0026823349353805,1.1382354333006648,1.2933131612123463,-0.1550777279116815,0.8980839856148013,0.821816981883865,1.0
P,day_10,TTA,0,1318,0.0004103574613225,0,1369,0.0003193256156763,0.0,0.0,0.0,1.0,1.0,1.0
P,day_10,TTC,51,1318,0.0331158438581777,56,1369,0.0320922211981854,0.22462525527296315,0.35008073427949965,-0.1254554790065365,0.9167145778966203,0.6993404642658712,1.0
P,day_10,TTG,17,1318,0.0105872214844343,18,1369,0.0114318559299609,0.28486035860221603,0.20181481987188998,0.08304553873032605,1.0592517694833439,0.8675017494603514,1.0
P,day_10,TTT,5,1318,0.002749394756957,10,1369,0.0029058628440012,0.46446366126383853,1.3298390385585905,-0.865375377294752,0.5489035681516566,0.3096917099093152,1.0
