site,timepoint,amino_acid,BWM_count,BWM_total,BWM_bg_freq,control_count,control_total,control_bg_freq,log2_enrich_BWM,log2_enrich_control,delta_log2_enrichment,enrichment_ratio,p_value,p_adj
A,day_0,G,95,1059,0.0774784126575016,265,3877,0.0826921694043714,0.21143052714957286,-0.27477099932558585,0.4862015264751587,1.400751974774457,0.0059092052792329725,0.05909205279232972
A,day_0,N,16,1059,0.0400603973103756,129,3877,0.0425479460513106,-1.4068074137772724,-0.3547310638531542,-1.0520763499241181,0.48227356886286854,0.003756676849996278,0.05909205279232972
A,day_0,K,142,1059,0.0976265747674925,353,3877,0.0786037863709737,0.45784252042243195,0.21205673402894076,0.2457857863934912,1.1857384260512918,0.08819760340260789,0.44098801701303947
A,day_0,T,29,1059,0.0529420091511895,154,3877,0.0526969974005491,-0.9510626352919939,-0.40780305078833035,-0.5432595845036635,0.6862187329989241,0.07146309483239763,0.44098801701303947
A,day_0,F,26,1059,0.0359552682622042,137,3877,0.0371549784821302,-0.5503941397704782,-0.07239228080169922,-0.478001858968779,0.7179713301770849,0.12415419259351572,0.4858256286818574
A,day_0,P,50,1059,0.0389279479177766,180,3877,0.0482182662383346,0.2784192103678784,-0.054595511208434075,0.3330147215763125,1.2596428335532983,0.14574768860455722,0.4858256286818574
A,day_0,H,15,1059,0.0244892181621391,70,3877,0.0213356069458678,-0.7898868040540667,-0.24084896530187377,-0.549037838752193,0.6834757996525677,0.20380833413771193,0.5823095261077484
A,day_0,A,37,1059,0.084650592143962,165,3877,0.0865442890966431,-1.2766974786194378,-1.0239852375895961,-0.2527122410298417,0.8393170300150515,0.38816547743576635,0.7502642507802921
A,day_0,C,14,1059,0.0122210164089831,43,3877,0.013436193496916,0.11335996027585418,-0.27672855260655166,0.39008851288240587,1.3104738021768443,0.4056627585547983,0.7502642507802921
A,day_0,E,113,1059,0.0680413343858431,404,3877,0.0726561135661062,0.6491368436489341,0.5202584558749893,0.12887838777394478,1.0934432816106252,0.4126453379291607,0.7502642507802921
A,day_0,I,48,1059,0.056575284285778,198,3877,0.0536009614883355,-0.3198401124212644,-0.0697710897219143,-0.2500690226993501,0.8408561853018476,0.31982314990203997,0.7502642507802921
A,day_0,Q,25,1059,0.0345868919128137,128,3877,0.0412536338347073,-0.5509998688522401,-0.3213900350175963,-0.22960983383464378,0.8528655117290471,0.5335082010786132,0.889180335131022
A,day_0,D,71,1059,0.0522814136721734,305,3877,0.0579358801820386,0.3588182836284739,0.4413395042007077,-0.08252122057223382,0.9444057820073206,0.6980538955033124,0.9489446554454357
A,day_0,L,82,1059,0.0762044070908277,299,3877,0.0743407739115264,0.02304688561853766,0.05297913702131224,-0.029932251402774578,0.9794662919983521,0.901497422673164,0.9489446554454357
A,day_0,M,25,1059,0.0175057802411118,96,3877,0.0198358483456767,0.4313941407403138,0.3199835703157945,0.1114105704245193,1.080283949490177,0.7303466248550798,0.9489446554454357
A,day_0,R,78,1059,0.0675222950809019,223,3877,0.0548336397898625,0.12540759260245837,0.06896982880048066,0.05643776380197771,1.039894927559449,0.7905065716282174,0.9489446554454357
A,day_0,V,68,1059,0.0734676543920467,226,3877,0.0682287439997886,-0.19427705728023256,-0.22706952601231706,0.032792468732084495,1.0229903022880633,0.8892981368650132,0.9489446554454357
A,day_0,W,17,1059,0.0085877412743946,71,3877,0.0090910024840335,0.902481524599801,1.010366992196573,-0.10788546759677198,0.9279471412407492,0.8950908909863073,0.9489446554454357
A,day_0,Y,61,1059,0.0281696786880859,248,3877,0.0290295740112318,1.0319635453565617,1.1398040788348405,-0.10784053347827882,0.9279760434931056,0.6748551232116082,0.9489446554454357
A,day_0,S,47,1059,0.052706082194398,183,3877,0.0559635948995955,-0.24801128862220534,-0.24565763070042881,-0.0023536579217765252,0.9983698987082477,1.0,1.0
E,day_0,G,71,1059,0.0774784126575016,220,3877,0.0826921694043714,-0.2086779616766929,-0.5432598352514877,0.3345818735747948,1.261011885424948,0.09400546668360746,0.5280284771771983
E,day_0,H,14,1059,0.0244892181621391,78,3877,0.0213356069458678,-0.8894224776049808,-0.08472976338459186,-0.804692714220389,0.5724840031277918,0.05080577101923595,0.5280284771771983
E,day_0,I,59,1059,0.056575284285778,261,3877,0.0536009614883355,-0.0221595637805793,0.32877828676836046,-0.3509378505489398,0.7840742302599125,0.09373345200193606,0.5280284771771983
E,day_0,K,225,1059,0.0976265747674925,583,3877,0.0786037863709737,1.1218765921347869,0.9358844339582569,0.18599215817652992,1.1375990443930597,0.10560569543543966,0.5280284771771983
E,day_0,F,25,1059,0.0359552682622042,130,3877,0.0371549784821302,-0.6069776681368456,-0.1480565507337714,-0.4589211174030742,0.7275301200758924,0.16627284950289406,0.6650913980115762
E,day_0,D,62,1059,0.0522814136721734,282,3877,0.0579358801820386,0.1632674745106669,0.32822542414925265,-0.16495794963858576,0.8919545169193103,0.45654405402583675,0.7043110991415629
E,day_0,M,19,1059,0.0175057802411118,103,3877,0.0198358483456767,0.0354654644091747,0.42152159677785667,-0.38605613236868197,0.7652186112116828,0.35915222550173753,0.7043110991415629
E,day_0,N,68,1059,0.0400603973103756,240,3877,0.0425479460513106,0.6806554274730672,0.54093227633211,0.13972315114095712,1.1016936838711155,0.4800974891084285,0.7043110991415629
E,day_0,Q,28,1059,0.0345868919128137,144,3877,0.0412536338347073,-0.38750113656936075,-0.15146503357528393,-0.23603610299407682,0.8490749983435846,0.493017769399094,0.7043110991415629
E,day_0,R,74,1059,0.0675222950809019,194,3877,0.0548336397898625,0.04945873936915992,-0.13201722893269643,0.18147596830185636,1.1340434902581302,0.3604119421703386,0.7043110991415629
E,day_0,S,34,1059,0.052706082194398,157,3877,0.0559635948995955,-0.7151372990495034,-0.4667367200928442,-0.24840057895665918,0.8418291787183516,0.4193568674640859,0.7043110991415629
E,day_0,T,37,1059,0.0529420091511895,162,3877,0.0526969974005491,-0.5995902647906162,-0.3347395885986069,-0.26485067619200925,0.8322848745482907,0.343325254444956,0.7043110991415629
E,day_0,W,6,1059,0.0085877412743946,37,3877,0.0090910024840335,-0.6000188159293822,0.07007323832084078,-0.670092054250223,0.6284665853236234,0.3482239220280904,0.7043110991415629
E,day_0,Y,23,1059,0.0281696786880859,112,3877,0.0290295740112318,-0.3752118361493118,-0.007037309494430697,-0.3681745266548811,0.7747622002465858,0.291284282244322,0.7043110991415629
E,day_0,A,39,1059,0.084650592143962,131,3877,0.0865442890966431,-1.2007486253861392,-1.3568844502979618,0.15613582491182254,1.1142985533622565,0.5724820300887646,0.7633093734516861
E,day_0,L,61,1059,0.0762044070908277,206,3877,0.0743407739115264,-0.4037677814366599,-0.48452200999357453,0.08075422855691461,1.0575707849726466,0.711277653533314,0.7903085039259045
E,day_0,P,48,1059,0.0389279479177766,205,3877,0.0482182662383346,0.21952552131430983,0.13303149196733738,0.08649402934697245,1.0617867396976093,0.6833731148310668,0.7903085039259045
E,day_0,V,73,1059,0.0734676543920467,264,3877,0.0682287439997886,-0.09191533965055461,-0.00285436906905148,-0.08906097058150313,0.9401344700951689,0.696573392520496,0.7903085039259045
E,day_0,C,5,1059,0.0122210164089831,21,3877,0.013436193496916,-1.3720668668943876,-1.3106758845298894,-0.06139098236449825,0.9583396852653793,1.0,1.0
E,day_0,E,88,1059,0.0680413343858431,347,3877,0.0726561135661062,0.28838949987104345,0.3008388257014555,-0.012449325830412028,0.9914079097146449,1.0,1.0
P,day_0,G,108,1059,0.0774784126575016,295,3877,0.0826921694043714,0.3964624209820935,-0.12004840452694363,0.5165108255090372,1.4304914011791243,0.0019414251057196538,0.03882850211439308
P,day_0,H,20,1059,0.0244892181621391,118,3877,0.0213356069458678,-0.3748493047752228,0.5125110671150009,-0.8873603718902238,0.5406023274088106,0.00911583186602639,0.09115831866026392
P,day_0,S,29,1059,0.052706082194398,163,3877,0.0559635948995955,-0.9446191451722705,-0.4126293147533938,-0.5319898304188767,0.6916001895894363,0.07310823837506777,0.43026931047275513
P,day_0,T,37,1059,0.0529420091511895,185,3877,0.0526969974005491,-0.5995902647906162,-0.14320813096691964,-0.4563821338236965,0.7288116198747194,0.08605386209455103,0.43026931047275513
P,day_0,P,30,1059,0.0389279479177766,186,3877,0.0482182662383346,-0.45854638379832774,-0.007289796430077415,-0.4512565873682503,0.7314055162567538,0.13204741339131118,0.4835331702469389
P,day_0,R,87,1059,0.0675222950809019,215,3877,0.0548336397898625,0.2829488695889385,0.01626277846963599,0.2666860911193025,1.2030412337257528,0.14505995107408168,0.4835331702469389
P,day_0,C,7,1059,0.0122210164089831,47,3877,0.013436193496916,-0.8866400397241458,-0.14840445563101234,-0.7382355840931335,0.599472058442599,0.23527960062070427,0.6722274303448693
P,day_0,K,138,1059,0.0976265747674925,368,3877,0.0786037863709737,0.41661985769591897,0.27209431681477325,0.14452554088114572,1.10536707146859,0.331401509453624,0.82850377363406
P,day_0,L,68,1059,0.0762044070908277,220,3877,0.0743407739115264,-0.24704227774920684,-0.3896628236521333,0.14262054590292644,1.103908461691269,0.47615375839050134,0.9523075167810027
P,day_0,Y,36,1059,0.0281696786880859,159,3877,0.0290295740112318,0.2711512092359878,0.4984907237323205,-0.22733951449633272,0.854208693298943,0.42908695916768036,0.9523075167810027
P,day_0,A,36,1059,0.084650592143962,131,3877,0.0865442890966431,-1.3162258428060751,-1.3568844502979618,0.040658607491886656,1.0285832800266983,0.8499404101399521,0.9848551151869704
P,day_0,D,92,1059,0.0522814136721734,385,3877,0.0579358801820386,0.7326331201808046,0.7773887073327228,-0.044755587151918186,0.9694540421849429,0.8183804815850253,0.9848551151869704
P,day_0,E,71,1059,0.0680413343858431,298,3877,0.0726561135661062,-0.021294999261571627,0.08121549358535594,-0.10251049284692756,0.9314107943730824,0.6509082893914924,0.9848551151869704
P,day_0,M,19,1059,0.0175057802411118,87,3877,0.0198358483456767,0.0354654644091747,0.17796456544336656,-0.14249910103419186,0.9059484707448657,0.8061016373795142,0.9848551151869704
P,day_0,N,70,1059,0.0400603973103756,258,3877,0.0425479460513106,0.7224756031676942,0.6452689361468458,0.07720666702084844,1.054973431887525,0.6815172366278383,0.9848551151869704
P,day_0,Q,28,1059,0.0345868919128137,116,3877,0.0412536338347073,-0.38750113656936075,-0.46340903989002424,0.0759079033206635,1.0540241358747948,0.8303769129023151,0.9848551151869704
P,day_0,V,64,1059,0.0734676543920467,214,3877,0.0682287439997886,-0.28173989853057185,-0.305781502026358,0.024041603495786157,1.0168039947975915,0.8863696036682733,0.9848551151869704
P,day_0,W,6,1059,0.0085877412743946,19,3877,0.0090910024840335,-0.6000188159293822,-0.8914526138645233,0.2914337979351411,1.2238559819460033,0.6238693331574656,0.9848551151869704
P,day_0,I,68,1059,0.056575284285778,240,3877,0.0536009614883355,0.18266022810791877,0.2077628858069947,-0.025102657699075936,0.9827506665715343,0.945552048691298,0.99531794599084
P,day_0,F,45,1059,0.0359552682622042,173,3877,0.0371549784821302,0.24101923841810446,0.2642038638744986,-0.02318462545639416,0.9840580814899353,1.0,1.0
A,day_5,D,200,1871,0.054834264159554,155,1852,0.0542295912956861,0.9630408678419838,0.626031914345594,0.3370089534963898,1.2631351009525762,0.029536399950022857,0.46155407801729154
A,day_5,R,136,1871,0.0610236696351521,106,1852,0.062440595621269,0.25235624934179585,-0.12557603818164148,0.3779322875234373,1.299478070394861,0.04615540780172915,0.46155407801729154
A,day_5,E,188,1871,0.0725562728064813,225,1852,0.073397402036436,0.4697508512442074,0.7270399991791473,-0.2572891479349399,0.8366585410368091,0.07638618178422332,0.4884588587087405
A,day_5,I,108,1871,0.0550760378109445,133,1852,0.0558665117721689,0.06772507346763822,0.36228649879729524,-0.294561425329657,0.815320149446243,0.12211471467718513,0.4884588587087405
A,day_5,L,130,1871,0.076376296498452,103,1852,0.0756151652626385,-0.13649480552951584,-0.4431872744928381,0.30669246896332225,1.2368687943492513,0.11577238779906585,0.4884588587087405
A,day_5,P,78,1871,0.0417301322541862,61,1852,0.0412134333133311,-0.0014249275069695793,-0.32338950924729837,0.32196458174032877,1.2500316138488439,0.20362540803859158,0.5966036688589508
A,day_5,V,117,1871,0.0717584197568925,136,1852,0.071681275730446,-0.19852105387788546,0.03485433411917082,-0.2333753879970563,0.8506423643036294,0.20881128410063277,0.5966036688589508
A,day_5,A,54,1871,0.0812843016216801,62,1852,0.0783081634658843,-1.4938269038562195,-1.225978596462231,-0.26784830739398857,0.8305573487033251,0.3531829560002509,0.784851013333891
A,day_5,Q,81,1871,0.0422136795569673,67,1852,0.0419790896652344,0.036401762074496385,-0.21459388452936687,0.25099564660386325,1.1900281053387816,0.32398336368448494,0.784851013333891
A,day_5,G,123,1871,0.071540823470641,133,1852,0.0707836096626974,-0.12198987269664671,0.020854907072444615,-0.14284477976909132,0.9057314258414215,0.4533872066870315,0.8243403757946026
A,day_5,W,11,1871,0.0088972703953495,15,1852,0.0085278276700138,-0.5977407376944712,-0.0743717874600172,-0.5233689502344541,0.6957452454893039,0.43400898934839377,0.8243403757946026
A,day_5,N,64,1871,0.0428422910505827,73,1852,0.0436424120848862,-0.32477328572358194,-0.14691847519313456,-0.17785481053044738,0.8840164919484764,0.494952016587774,0.82492002764629
A,day_5,M,36,1871,0.0193418921354213,39,1852,0.0186661738469393,-0.007541586490182122,0.17396378810420365,-0.1815053745943858,0.8817824236100129,0.644527489924212,0.9207535570345886
A,day_5,Y,67,1871,0.0307052537507771,73,1852,0.0307582638183766,0.22186601130786365,0.35783829419194674,-0.13597228288408308,0.9100563079518222,0.6124510117557844,0.9207535570345886
A,day_5,C,20,1871,0.0130799545644061,20,1852,0.0146794804284087,-0.2911670879605756,-0.44288500433898026,0.15171791637840465,1.1108914998396204,0.7540770220082165,0.9425962775102705
A,day_5,T,75,1871,0.0556562945742819,72,1852,0.0573714225328063,-0.4734638246174672,-0.5614194823109551,0.08795565769348784,1.0628630059704687,0.7417984525762784,0.9425962775102705
A,day_5,H,35,1871,0.021832160744744,37,1852,0.0215175837091997,-0.2229095584879645,-0.10707490916773336,-0.11583464932023115,0.9228482564070342,0.8138658194633246,0.9574891993686172
A,day_5,S,76,1871,0.0560431324165067,76,1852,0.0586123138617529,-0.464347734539676,-0.514288472351811,0.04994073781213498,1.0352223987043299,0.8712330166418063,0.9680366851575626
A,day_5,K,208,1871,0.0857329368072662,203,1852,0.0836413559860379,0.3748525004811497,0.3901072727421048,-0.015254772260955118,0.9894819037508823,0.9214802773100328,0.9699792392737187
A,day_5,F,64,1871,0.0374749159897125,63,1852,0.037068328235786,-0.1316628974467721,-0.12391932174026798,-0.007743575706504108,0.9946469412875936,1.0,1.0
E,day_5,I,131,1871,0.0550760378109445,102,1852,0.0558665117721689,0.3462605728416201,-0.02057059473239876,0.36683116757401885,1.2895173351308908,0.05736893842133399,0.4314643947024216
E,day_5,P,79,1871,0.0417301322541862,57,1852,0.0412134333133311,0.01695360180788483,-0.4212368326454429,0.4381904344533278,1.3549038117718348,0.08629287894048432,0.4314643947024216
E,day_5,T,83,1871,0.0556562945742819,63,1852,0.0573714225328063,-0.32724308376642347,-0.754064560253351,0.42682147648692753,1.3442686399321737,0.0821412405247738,0.4314643947024216
E,day_5,Y,61,1871,0.0307052537507771,42,1852,0.0307582638183766,0.08651415841297738,-0.4396688419093101,0.5261830003222875,1.4401139798541094,0.07588952513743813,0.4314643947024216
E,day_5,G,87,1871,0.071540823470641,106,1852,0.0707836096626974,-0.6215608821871583,-0.3065070738655457,-0.3150538083216126,0.8038210100023844,0.13136809121935766,0.48235910645259616
E,day_5,K,301,1871,0.0857329368072662,324,1852,0.0836413559860379,0.9080324590997597,1.0646213584415536,-0.15658889934179387,0.8971437672852883,0.1867268231531959,0.48235910645259616
E,day_5,M,36,1871,0.0193418921354213,47,1852,0.0186661738469393,-0.007541586490182122,0.44315042091959256,-0.45069200740977466,0.7316917983146916,0.18736491637782865,0.48235910645259616
E,day_5,V,129,1871,0.0717584197568925,107,1852,0.071681275730446,-0.05765851803803593,-0.3111415207300215,0.25348300269198554,1.1920816071046307,0.19294364258103847,0.48235910645259616
E,day_5,E,189,1871,0.0725562728064813,213,1852,0.073397402036436,0.4774044237876427,0.6479684281879486,-0.17056400440030595,0.8884952666464466,0.25133621915086224,0.5585249314463605
E,day_5,H,26,1871,0.021832160744744,34,1852,0.0215175837091997,-0.6517528572918387,-0.2290654335463438,-0.42268742374549495,0.7460336324903923,0.3018834558744511,0.6037669117489022
E,day_5,L,111,1871,0.076376296498452,97,1852,0.0756151652626385,-0.3644467522078645,-0.5297749594889288,0.16532820728106434,1.1214211677870731,0.44570238401859574,0.8103679709429014
E,day_5,S,75,1871,0.0560431324165067,86,1852,0.0586123138617529,-0.48345655748738064,-0.33595123109329866,-0.14750532639408198,0.9028102314281947,0.5292631999002094,0.8821053331670158
E,day_5,A,57,1871,0.0812843016216801,50,1852,0.0783081634658843,-1.4158243918549465,-1.5363187170743815,0.12049432521943504,1.0871072853027965,0.6995165811842703,0.9418585892772608
E,day_5,D,111,1871,0.054834264159554,116,1852,0.0542295912956861,0.11360054441736527,0.20788850419892854,-0.09428795978156328,0.936734457409012,0.6425311637668405,0.9418585892772608
E,day_5,W,13,1871,0.0088972703953495,15,1852,0.0085278276700138,-0.3567326381906764,-0.0743717874600172,-0.2823608507306592,0.8222443810328137,0.7063939419579457,0.9418585892772608
E,day_5,F,55,1871,0.0374749159897125,56,1852,0.037068328235786,-0.3503031839221124,-0.2938443231825803,-0.0564588607395321,0.961621554565154,0.8499863126305196,0.9770341376952527
E,day_5,Q,86,1871,0.0422136795569673,87,1852,0.0419790896652344,0.12281651389196951,0.16226042086158915,-0.039443906969619635,0.9730299337252813,0.8793307239257274,0.9770341376952527
E,day_5,R,109,1871,0.0610236696351521,115,1852,0.062440595621269,-0.06692226713161725,-0.0080064418004655,-0.05891582533115175,0.9599852701625463,0.7894215838069003,0.9770341376952527
E,day_5,C,10,1871,0.0130799545644061,12,1852,0.0146794804284087,-1.2911670879605757,-1.1798505985051864,-0.1113164894553893,0.9257429165330169,1.0,1.0
E,day_5,N,122,1871,0.0428422910505827,123,1852,0.0436424120848862,0.6059640518393045,0.605771471266088,0.00019258057321647204,1.0001334955910992,1.0,1.0
P,day_5,A,67,1871,0.0812843016216801,78,1852,0.0783081634658843,-1.1826252155619157,-0.8947726879868577,-0.28785252757505797,0.8191204241485309,0.24522970706659494,0.9113030553956787
P,day_5,C,19,1871,0.0130799545644061,24,1852,0.0146794804284087,-0.3651676694043525,-0.17985059850518645,-0.18531707089916608,0.8794557707063662,0.7607231781759217,0.9113030553956787
P,day_5,D,161,1871,0.054834264159554,189,1852,0.0542295912956861,0.650101556181876,0.9121499332924291,-0.26204837711055307,0.8339030805362841,0.09739272378073247,0.9113030553956787
P,day_5,E,148,1871,0.0725562728064813,157,1852,0.073397402036436,0.12461536519551969,0.2078795568537374,-0.08326419165821772,0.9439195492792296,0.6469892548101931,0.9113030553956787
P,day_5,F,86,1871,0.0374749159897125,88,1852,0.037068328235786,0.294601857255326,0.35823237339711284,-0.06363051614178683,0.9568531832202029,0.8201727498561108,0.9113030553956787
P,day_5,H,40,1871,0.021832160744744,36,1852,0.0215175837091997,-0.030264480545568552,-0.14660327335437084,0.1163387928088023,1.083980491652707,0.7325119485584983,0.9113030553956787
P,day_5,I,122,1871,0.0550760378109445,117,1852,0.0558665117721689,0.24357490886705593,0.17736878287951025,0.06620612598754569,1.0469598563560254,0.7465866880368841,0.9113030553956787
P,day_5,K,177,1871,0.0857329368072662,146,1852,0.0836413559860379,0.1420183324230551,-0.08540408556305415,0.22742241798610924,1.1707413818385455,0.16431826372003405,0.9113030553956787
P,day_5,L,127,1871,0.076376296498452,110,1852,0.0756151652626385,-0.17017793178580454,-0.3483280881513968,0.17815015636559228,1.1314322167050739,0.36331051900313427,0.9113030553956787
P,day_5,N,131,1871,0.0428422910505827,126,1852,0.0436424120848862,0.7086497158138683,0.6405368894267646,0.0681128263871037,1.048344458395744,0.7087462455627942,0.9113030553956787
P,day_5,P,81,1871,0.0417301322541862,89,1852,0.0412134333133311,0.053022856515406606,0.2216065841562132,-0.1685837276408066,0.8897156732969081,0.49011576518373806,0.9113030553956787
P,day_5,Q,58,1871,0.0422136795569673,52,1852,0.0419790896652344,-0.4454672456825564,-0.580243356846047,0.1347761111634906,1.0979224162740988,0.6349187961093595,0.9113030553956787
P,day_5,R,120,1871,0.0610236696351521,114,1852,0.062440595621269,0.07178400369997484,-0.020606478580099074,0.09239048228007392,1.0661352589926878,0.6475004005656912,0.9113030553956787
P,day_5,S,79,1871,0.0560431324165067,78,1852,0.0586123138617529,-0.4084944998061586,-0.47681376693314825,0.06831926712698966,1.0484944807390009,0.8108826992020679,0.9113030553956787
P,day_5,T,80,1871,0.0556562945742819,77,1852,0.0573714225328063,-0.3803544202259859,-0.4645579430583662,0.08420352283238025,1.060102322838078,0.7497811031386384,0.9113030553956787
P,day_5,V,115,1871,0.0717584197568925,132,1852,0.071681275730446,-0.22339572251691486,-0.008214387772715104,-0.21518133474419976,0.8614378773445197,0.25237246093501653,0.9113030553956787
P,day_5,W,13,1871,0.0088972703953495,9,1852,0.0085278276700138,-0.3567326381906764,-0.8113373816262234,0.45460474343554697,1.3704073017213563,0.5266572394172069,0.9113030553956787
P,day_5,Y,71,1871,0.0307052537507771,56,1852,0.0307582638183766,0.30552394035477326,-0.024631342630466267,0.33015528298523955,1.25714867913494,0.21448852224128942,0.9113030553956787
P,day_5,M,31,1871,0.0193418921354213,31,1852,0.0186661738469393,-0.22327027754561912,-0.15724212037116964,-0.06602815717444949,0.9552642922441809,0.8992994618098639,0.9466310124314355
P,day_5,G,145,1871,0.071540823470641,143,1852,0.0707836096626974,0.1154047119790478,0.12544380834964464,-0.010039096370596842,0.993065583452829,0.9531016583362278,0.9531016583362278
A,day_10,Y,45,1318,0.0299971275144674,73,1369,0.0274620002698543,0.18675027434333633,0.9573373054478859,-0.7705870311045495,0.5861789104973498,0.00550677011898844,0.1101354023797688
A,day_10,A,36,1318,0.0797734826789991,65,1369,0.086122110080392,-1.5462627269659073,-0.859066395907197,-0.6871963310587103,0.6210596174233939,0.021771891756119738,0.21771891756119738
A,day_10,W,18,1318,0.0089047560762405,8,1369,0.0081747349864767,0.6169985382891571,-0.48429440780064553,1.1012929460898027,2.1454688370603647,0.07765241033774709,0.5176827355849806
A,day_10,D,118,1318,0.0503098198528377,124,1369,0.0561374377275913,0.8315245604339994,0.6901825522577041,0.14134200817629528,1.1029305950160633,0.4783891243484666,0.8638037397729428
A,day_10,F,46,1318,0.0358652386344411,40,1369,0.0349980840560748,-0.039302739154578686,-0.2603983915546155,0.22109565240003684,1.1656184774664486,0.5182822438637656,0.8638037397729428
A,day_10,G,136,1318,0.0679551889548564,140,1369,0.0778835100090155,0.6026006588195093,0.3929145713921486,0.20968608742736072,1.1564365302617885,0.22758923859328095,0.8638037397729428
A,day_10,H,16,1318,0.0225286224526828,21,1369,0.0227359816242585,-0.8920375656933701,-0.5677104123790153,-0.3243271533143548,0.798670785014753,0.5157254838237189,0.8638037397729428
A,day_10,I,88,1318,0.0576552176883292,80,1369,0.0563609656365046,0.21170197844186825,0.052181223746307584,0.15952075469556065,1.1169160508544562,0.4882083320235529,0.8638037397729428
A,day_10,M,29,1318,0.0173581189483703,22,1369,0.0179141653034141,0.34209191453668925,-0.15671974670826563,0.4988116612449549,1.413049163251183,0.2623459510396372,0.8638037397729428
A,day_10,N,41,1318,0.0439082440855937,32,1369,0.0415442585313933,-0.4972183020790482,-0.8296996499918284,0.3324813479127802,1.2591772215468837,0.3505119646449285,0.8638037397729428
A,day_10,S,60,1318,0.0562600024570068,52,1369,0.0548282028325276,-0.30549748528331266,-0.5295290088664057,0.22403152358309308,1.1679929155433384,0.4500292400689466,0.8638037397729428
A,day_10,T,41,1318,0.0562189667149091,52,1369,0.0564886958701694,-0.8537833983431791,-0.5725730175300312,-0.28121038081314786,0.8229003371962207,0.40681624656804855,0.8638037397729428
A,day_10,P,56,1318,0.0421437071753919,63,1369,0.0410333375967343,0.011759230274331008,0.16543287613083524,-0.15367364585650423,0.8989584583125081,0.5832066892401796,0.8972410603695071
A,day_10,C,15,1318,0.0140342238384552,16,1369,0.0121982373469164,-0.30233714755609525,-0.06172323397755594,-0.2406139135785393,0.8463850713941724,0.7203136782266515,0.9388508954101695
A,day_10,E,155,1318,0.0682424391495404,155,1369,0.0675373610821705,0.7851767270591316,0.7453880544196779,0.039788672639453626,1.027963238580907,0.8204525665042277,0.9388508954101695
A,day_10,K,132,1318,0.0917969551136304,138,1369,0.0901136798824155,0.12566935359409903,0.16172778150455144,-0.03605842791045241,0.9753159612687626,0.855275453389686,0.9388508954101695
A,day_10,Q,29,1318,0.0411588493650467,25,1369,0.0364669817432194,-0.9035001209833011,-0.9977851490165449,0.09428502803324379,1.0675362264722883,0.8919083506396611,0.9388508954101695
A,day_10,R,109,1318,0.0682014034074427,100,1369,0.0621726912682509,0.2781044330782224,0.23252461814832365,0.045579814929898765,1.0320978930931846,0.835815681975925,0.9388508954101695
A,day_10,V,85,1318,0.0724691205856054,97,1369,0.0745625239337319,-0.16825391638800508,-0.07358839519287565,-0.09466552119512943,0.936489340803944,0.7108786304093724,0.9388508954101695
A,day_10,L,63,1318,0.0752185153061524,66,1369,0.075265040218888,-0.6540863718873479,-0.6426363266689251,-0.011450045218422744,0.9920948448294902,1.0,1.0
E,day_10,I,60,1318,0.0576552176883292,91,1369,0.0563609656365046,-0.3408390445869105,0.23804776905764166,-0.5788868136445522,0.6694801503623112,0.01798566870831569,0.3597133741663138
E,day_10,F,43,1318,0.0358652386344411,29,1369,0.0349980840560748,-0.13659994050949373,-0.7243454913144058,0.5877455508049121,1.5028963877378496,0.09890061179836573,0.6593374119891049
E,day_10,G,101,1318,0.0679551889548564,94,1369,0.0778835100090155,0.17334930032096454,-0.1817795938751805,0.355128894196145,1.2790998543414964,0.09801017729771494,0.6593374119891049
E,day_10,H,27,1318,0.0225286224526828,20,1369,0.0227359816242585,-0.13715006352990156,-0.6380997402704135,0.5009496767405119,1.4151447971980158,0.24669760465831694,0.8913331745606411
E,day_10,N,85,1318,0.0439082440855937,99,1369,0.0415442585313933,0.5546206294405699,0.799656970087781,-0.24503634064721114,0.843794541169629,0.26894569746220187,0.8913331745606411
E,day_10,P,53,1318,0.0421437071753919,65,1369,0.0410333375967343,-0.06767523722007387,0.21052076565937317,-0.278196002879447,0.8246215088751278,0.31213730351418667,0.8913331745606411
E,day_10,Q,55,1318,0.0411588493650467,60,1369,0.0364669817432194,0.019878597413786375,0.26524925681724904,-0.24537065940346267,0.8435990295398829,0.4010999285522885,0.8913331745606411
E,day_10,R,83,1318,0.0682014034074427,63,1369,0.0621726912682509,-0.11504046035177916,-0.4340516481264846,0.31901118777470544,1.2474752457657539,0.18658641620960975,0.8913331745606411
E,day_10,W,13,1318,0.0089047560762405,8,1369,0.0081747349864767,0.1475132549879369,-0.48429440780064553,0.6318076627885825,1.5495052712102633,0.3861583053821953,0.8913331745606411
E,day_10,L,79,1318,0.0752185153061524,92,1369,0.075265040218888,-0.3275855472101614,-0.1634684899703657,-0.16411705723979572,0.8924745550277712,0.4914543435227028,0.9829086870454056
E,day_10,A,52,1318,0.0797734826789991,51,1369,0.086122110080392,-1.0157480102671275,-1.2090088669641559,0.19326085669702842,1.1433450473262916,0.5539531399547268,1.0
E,day_10,C,9,1318,0.0140342238384552,7,1369,0.0121982373469164,-1.0393027417223013,-1.2543683119199518,0.2150655701976505,1.1607566693405793,0.8076807405792314,1.0
E,day_10,D,81,1318,0.0503098198528377,88,1369,0.0561374377275913,0.28873151395678287,0.19541786050812618,0.09331365344865669,1.0668176903256297,0.700061682316486,1.0
E,day_10,E,118,1318,0.0682424391495404,121,1369,0.0675373610821705,0.3916953711467352,0.38812688642003484,0.0035684847267003494,1.0024765467152645,1.0,1.0
E,day_10,K,211,1318,0.0917969551136304,224,1369,0.0901136798824155,0.8023744229428309,0.8605582467839865,-0.05818382384115561,0.9604724756569207,0.7013488595116687,1.0
E,day_10,M,31,1318,0.0173581189483703,29,1369,0.0179141653034141,0.4383072297959922,0.24182962978200903,0.19647760001398315,1.1458971811382959,0.6080585084138161,1.0
E,day_10,S,55,1318,0.0562600024570068,56,1369,0.0548282028325276,-0.43102836736717165,-0.4226138049498937,-0.008414562417277949,0.9941844459684368,1.0,1.0
E,day_10,T,55,1318,0.0562189667149091,58,1369,0.0564886958701694,-0.4299756894366032,-0.41503174054355113,-0.014943948893052061,0.9896951069727464,1.0,1.0
E,day_10,V,76,1318,0.0724691205856054,86,1369,0.0745625239337319,-0.3297173390821213,-0.24723648267790538,-0.08248085640421593,0.9444322052539911,0.7534204915047971,1.0
E,day_10,Y,31,1318,0.0299971275144674,28,1369,0.0274620002698543,-0.3509065115994631,-0.4251323313745273,0.07422581977506415,1.0527959321075417,0.8967544975591589,1.0
P,day_10,V,90,1318,0.0724691205856054,69,1369,0.0745625239337319,-0.08579175619603208,-0.5649767806018342,0.47918502440580213,1.393956000889758,0.03910256310416331,0.3910256310416331
P,day_10,Y,35,1318,0.0299971275144674,54,1369,0.0274620002698543,-0.17581980504137182,0.5224002487313372,-0.698220053772709,0.6163321466340448,0.025919170780688134,0.3910256310416331
P,day_10,M,21,1318,0.0173581189483703,13,1369,0.0179141653034141,-0.12357165781212258,-0.9157116472044708,0.7921399893923483,1.731641149660601,0.12487466673644641,0.6287115081929282
P,day_10,W,6,1318,0.0089047560762405,1,1369,0.0081747349864767,-0.9679639624319992,-3.4842944078006455,2.5163304453686464,5.721250232160972,0.12574230163858563,0.6287115081929282
P,day_10,K,110,1318,0.0917969551136304,93,1369,0.0901136798824155,-0.1373650522396947,-0.4076378641655861,0.2702728119258914,1.206035866085029,0.2063312602243801,0.7192565988747299
P,day_10,P,48,1318,0.0421437071753919,62,1369,0.0410333375967343,-0.21063319106211692,0.14234926301779388,-0.3529824540799108,0.782963818530249,0.21577697966241896,0.7192565988747299
P,day_10,R,95,1318,0.0682014034074427,76,1369,0.0621726912682509,0.07977571663224403,-0.16340405818281542,0.24317977481505945,1.183598501253652,0.284789493409186,0.8136842668833887
P,day_10,A,45,1318,0.0797734826789991,52,1369,0.086122110080392,-1.224334632078545,-1.1809944907945593,-0.04334014128398578,0.9704056522240527,0.9192148498498662,1.0
P,day_10,C,22,1318,0.0140342238384552,19,1369,0.0121982373469164,0.25020387547268363,0.18620427946602952,0.06399959600665411,1.0453598074763113,1.0,1.0
P,day_10,D,143,1318,0.0503098198528377,180,1369,0.0561374377275913,1.1087528478505475,1.2278393382005033,-0.11908649034995578,0.9207704948599265,0.46881381629844704,1.0
P,day_10,E,123,1318,0.0682424391495404,130,1369,0.0675373610821705,0.4515668271241338,0.4916314621738948,-0.04006463504976099,0.9726113718880889,0.850506394387913,1.0
P,day_10,F,56,1318,0.0358652386344411,66,1369,0.0349980840560748,0.2444902268460125,0.4620676329164757,-0.2175774060704632,0.8600083628210949,0.4165805862053183,1.0
P,day_10,G,142,1318,0.0679551889548564,169,1369,0.0778835100090155,0.664884937073852,0.6645109907293665,0.00037394634448550956,1.0002592334495457,1.0,1.0
P,day_10,H,22,1318,0.0225286224526828,25,1369,0.0227359816242585,-0.43260594705607275,-0.31617164538305115,-0.1164343016730216,0.92246475669204,0.8842222909038797,1.0
P,day_10,I,72,1318,0.0576552176883292,67,1369,0.0563609656365046,-0.07780463875311648,-0.20365768068328233,0.12585304193016583,1.0911527226800657,0.6120725906610504,1.0
P,day_10,L,72,1318,0.0752185153061524,67,1369,0.075265040218888,-0.46144129394495204,-0.6209412555696062,0.15949996162465419,1.116899953240876,0.5529031710291061,1.0
P,day_10,N,89,1318,0.0439082440855937,85,1369,0.0415442585313933,0.6209631242692657,0.5796912861458733,0.04127183812339241,1.0290205816256885,0.8796315396121073,1.0
P,day_10,Q,33,1318,0.0411588493650467,34,1369,0.0364669817432194,-0.7170869967524197,-0.5541784975409302,-0.16290849921148953,0.8932225018657585,0.7141142039789727,1.0
P,day_10,S,44,1318,0.0562600024570068,51,1369,0.0548282028325276,-0.7529564622545338,-0.5575433850360022,-0.19541307721853163,0.8733228074389406,0.5391119014360031,1.0
P,day_10,T,50,1318,0.0562189667149091,56,1369,0.0564886958701694,-0.5674792131865382,-0.46565781361351927,-0.10182139957301889,0.9318557825392743,0.7709534643579792,1.0
