AminoAcid,Transcriptome,BWM_day0_rep2_raw,BWM_day0_rep2_rate,BWM_day0_rep2_proportion,BWM_day0_rep2_rpm,BWM_day0_rep3_raw,BWM_day0_rep3_rate,BWM_day0_rep3_proportion,BWM_day0_rep3_rpm,BWM_day10_rep2_raw,BWM_day10_rep2_rate,BWM_day10_rep2_proportion,BWM_day10_rep2_rpm,BWM_day10_rep3_raw,BWM_day10_rep3_rate,BWM_day10_rep3_proportion,BWM_day10_rep3_rpm,BWM_day5_rep2_raw,BWM_day5_rep2_rate,BWM_day5_rep2_proportion,BWM_day5_rep2_rpm,BWM_day5_rep3_raw,BWM_day5_rep3_rate,BWM_day5_rep3_proportion,BWM_day5_rep3_rpm,control_day0_rep2_raw,control_day0_rep2_rate,control_day0_rep2_proportion,control_day0_rep2_rpm,control_day0_rep3_raw,control_day0_rep3_rate,control_day0_rep3_proportion,control_day0_rep3_rpm,control_day10_rep2_raw,control_day10_rep2_rate,control_day10_rep2_proportion,control_day10_rep2_rpm,control_day10_rep3_raw,control_day10_rep3_rate,control_day10_rep3_proportion,control_day10_rep3_rpm,control_day5_rep2_raw,control_day5_rep2_rate,control_day5_rep2_proportion,control_day5_rep2_rpm,control_day5_rep3_raw,control_day5_rep3_rate,control_day5_rep3_proportion,control_day5_rep3_rpm
A,485733.0,18855.0,0.03881762202691602,0.050027795482908886,62516.1636859172,105664.0,0.21753514791047757,0.04662160385316095,58418.05085926459,28721.0,0.05912919237523495,0.048944101621806846,61280.48715437579,62238.0,0.1281321219682418,0.04576839994081331,57266.36339545976,39779.0,0.08189478581854641,0.049383414821690876,61741.02264825668,72454.0,0.1491642527890837,0.04199129211705507,52866.29687839744,65161.0,0.1341498312859122,0.04844334593841763,60534.86507602509,128692.0,0.2649439095140746,0.044796320124321824,56231.585414184265,31345.0,0.06453133717495002,0.05063460433269764,63477.758989054164,43172.0,0.0888801049136048,0.0446031098168017,55985.29951460906,40454.0,0.08328443815841213,0.0511429883545853,63786.744706381345,94787.0,0.19514218716867085,0.04284820818926335,53230.399625314414
C,159235.0,4285.0,0.02690991302163469,0.034681249257765605,14207.465467735625,27607.0,0.1733726881652903,0.037156812883985715,15262.976321847724,8019.0,0.05035953151003234,0.04168502779831538,17109.718550570644,17348.0,0.1089458975727698,0.03891513958738063,15962.223596266527,9433.0,0.05923948880585298,0.035722033097519076,14640.968014304162,22547.0,0.14159575470216976,0.03986068100807605,16451.491922008823,14598.0,0.09167582503846516,0.03310539911945904,13561.60832982634,35845.0,0.2251075454516909,0.038060847244796095,15662.365797185797,7813.0,0.049065846076553524,0.03849958502486674,15822.355430897436,13558.0,0.08514459760730995,0.04272850308938963,17581.967266262152,10064.0,0.06320218544917888,0.038810955634515656,15868.635950092004,29083.0,0.1826420070964298,0.040103489961442564,16332.405417441412
D,412051.0,20258.0,0.0491638171003104,0.0633618768647914,67167.98960219097,149052.0,0.36173192153398487,0.07752550568858149,82405.80819082286,34854.0,0.08458661670521367,0.07001644699613321,74366.14669679377,94909.0,0.2303331383736479,0.08227428871677232,87327.56970821187,42116.0,0.10221064868183793,0.06163409321605703,65368.28250720175,113318.0,0.2750096468641018,0.07741808241956864,82682.84745723137,69707.0,0.1691708065263766,0.06108990093153402,64758.119731963605,178995.0,0.4344001106659127,0.07344772127474516,78211.3311721934,35473.0,0.08608885793263456,0.06754974326744446,71837.50341741006,72338.0,0.175555938463928,0.08810004004731635,93807.66692040653,42000.0,0.10192913013194968,0.0625922492917097,66224.43460888953,155006.0,0.3761815891722141,0.08259980726713279,87048.13238441438
E,506625.0,21475.0,0.04238835430545275,0.0546297225157135,71203.10873270071,121096.0,0.23902491981248458,0.0512272395039224,66949.88157606665,38093.0,0.07518973599802616,0.06223819287519226,81277.0306455777,82004.0,0.16186331112755983,0.05781707697985851,75453.43462002768,46905.0,0.09258327165062917,0.055828683887184566,72801.2938313301,94421.0,0.1863725635331853,0.05246581946810194,68894.58991298155,71076.0,0.14029311621021465,0.05066177047114756,66029.92695237273,173950.0,0.34335060449050087,0.05805320689139606,76006.93347525373,35783.0,0.07063015050579817,0.05542004677702921,72465.29430229144,62493.0,0.12335159141376759,0.06190209364911948,81040.70514607764,50669.0,0.10001283000246732,0.06141549505798845,79893.47326661485,131794.0,0.2601411300271404,0.05712030524880101,74012.75795434699
F,360490.0,11593.0,0.03215900579766429,0.04144623191661928,38438.074018076804,82578.0,0.2290715415129407,0.04909405567345032,45654.582486526655,19993.0,0.05546062304086105,0.04590744877580174,42658.01259278699,49945.0,0.13854753252517407,0.04948875256273896,45955.34110649825,26716.0,0.07411023884157675,0.04468925134448971,41465.928280520515,65431.0,0.18150572831423895,0.051095754619834864,47741.94207428746,47032.0,0.13046686454547976,0.04711337608175638,43692.941702177864,96053.0,0.2664512191739022,0.0450511737881481,41970.07175106954,20429.0,0.056670087935865074,0.044466264078060806,41371.4193136828,35179.0,0.09758661821409748,0.048972339232550025,45620.00490189086,26443.0,0.07335293628117284,0.04504428977316384,41694.58867530633,91521.0,0.253879441870787,0.055745399485816145,51396.28223393926
G,416018.0,21256.0,0.05109394305054108,0.0658494054987567,70476.98622688178,147631.0,0.35486685672254564,0.07605420169407982,81620.18536496906,30562.0,0.07346316745910032,0.06080902831820105,65208.53202924803,77209.0,0.18559052733295195,0.06629236564353719,71041.464240497,42380.0,0.1018705921378402,0.06142903555326175,65778.03715108772,84078.0,0.20210183213226351,0.05689377254788871,61347.78630499214,73393.0,0.17641784730468393,0.06370690685758046,68182.43048026747,172206.0,0.4139388199549058,0.06998815683135724,75244.8978789281,34531.0,0.08300362003567154,0.06512890701913551,69929.82918012535,54742.0,0.1315856525438803,0.06603423022998504,70989.23529205803,39825.0,0.09572903095539136,0.058784916169273685,62794.9549595006,112227.0,0.2697647697936147,0.059233409166694194,63024.33940044691
H,175882.0,7079.0,0.04024857574965034,0.05187199552527163,23471.329765717735,42135.0,0.23956402588098838,0.051342779405414374,23295.016022061573,10343.0,0.05880647252134954,0.0486769707395904,22068.315122652722,25099.0,0.14270363084340637,0.05097329810136154,23094.06560080087,15427.0,0.08771221614491534,0.0528913863260049,23944.260951624117,34311.0,0.19507965567823882,0.05491695667367655,25035.132804188794,26441.0,0.1503337464891234,0.05428757992150955,24563.80914159051,53387.0,0.3035387361981328,0.05132187572004291,23327.29035609871,11826.0,0.0672382620165793,0.05275859671089145,23949.20969228121,17341.0,0.09859451222979043,0.049478135299165255,22487.74851484378,14415.0,0.08195835844486644,0.05032867441014682,22729.17202112244,38680.0,0.21992017375285702,0.048288817127156984,21721.880189342013
I,473666.0,17191.0,0.0362935063948014,0.04677473839118173,56998.958892845534,108130.0,0.22828322066603893,0.048925104666744185,59781.4188315063,26012.0,0.05491633345015264,0.045456913871312135,55500.436330894576,61451.0,0.12973487647414,0.046340898921600274,56542.22977946589,38414.0,0.08109934004129492,0.04890375267478436,59622.40488725539,86821.0,0.18329582448391904,0.051599685352387424,63349.22518120939,68844.0,0.14534292096118362,0.0524853242999353,63956.38881069768,134635.0,0.28424037190763113,0.04805893713723631,58828.36153170903,27356.0,0.057753775867383346,0.04531658133529947,55399.50789295153,42567.0,0.08986712155822879,0.04509842889674617,55200.73761786259,35840.0,0.07566513112615218,0.046464153515360034,56511.51753291906,122151.0,0.25788424754996137,0.0566247518697806,68597.45054313124
K,485881.0,26946.0,0.05545802367246301,0.07147379260503152,89342.90886665208,136239.0,0.28039581708278366,0.06009374959257921,75321.93397008773,34127.0,0.07023736264640931,0.05813887315080883,72814.98503246345,77313.0,0.15911920820118505,0.05683689185310157,71137.15661160674,53742.0,0.11060732977827904,0.06669737998781504,83413.00784742227,100021.0,0.20585493155731546,0.057950309160079226,72980.64813639263,97417.0,0.20049559460032396,0.07240171199061517,90500.83563958711,176619.0,0.3635025860241499,0.06146047380149956,77173.14506160298,39263.0,0.08080785212840182,0.06340599464728097,79512.75326805658,53085.0,0.10925514683636528,0.0548280103531614,68840.44345253918,48690.0,0.10020972213360885,0.06153640182271835,76773.04097873406,124210.0,0.25563872635480706,0.056131693136252055,69753.74194204166
L,654802.0,24213.0,0.036977590172296355,0.04765637929360391,80281.29786937754,116521.0,0.17794844853864222,0.03813747871892102,64420.51885384209,35387.0,0.05404229064663822,0.044733426232151756,75503.38076431518,74736.0,0.11413526531684387,0.04076876578744939,68766.01006978183,51936.0,0.07931557936597627,0.04782812627816546,80609.91357902056,97966.0,0.14961163832731117,0.042117235809819166,71481.2106990516,83821.0,0.1280096884248979,0.046226056047881194,77870.08986260951,150864.0,0.23039636409174072,0.03895507279356858,65919.57465829651,36394.0,0.05558016010946821,0.04361105067854325,73702.64988507376,46094.0,0.07039379843067065,0.03532604203018219,59774.53895641596,49802.0,0.07605657893531174,0.046704532284647,78526.41172361704,125109.0,0.19106386358013566,0.041952713162174735,70258.60156691805
M,188273.0,8010.0,0.04254460278425478,0.054831094123088196,26558.179322418287,33386.0,0.17732760406431086,0.038004420841080466,18457.98991129815,11619.0,0.06171357549940777,0.051083320934265694,24790.849213004152,21110.0,0.11212441507810467,0.04005049626584959,19423.711097370666,16146.0,0.08575844651118322,0.051713242744282926,25060.22151584385,27744.0,0.14736048185347872,0.041483511795342584,20243.499883985132,26649.0,0.14154445937548135,0.05111364766891676,24757.042086692847,45346.0,0.2408523792577799,0.04072296020589566,19813.799398498737,11564.0,0.061421446516494664,0.04819442426046498,23418.62513796211,14308.0,0.07599602704583239,0.038137434055245376,18554.56465892306,15582.0,0.0827627965773106,0.05082266069317034,24569.265239898014,34677.0,0.18418466800868952,0.04044221864381,19473.87898980902
N,374080.0,15326.0,0.040969846022241234,0.052801562041738276,50815.31289580308,103486.0,0.27664136013686913,0.05928910351079656,57213.90834363507,24340.0,0.06506629597946963,0.05385853035779891,51932.97786767546,62509.0,0.16710062018819505,0.059687827670775885,57515.71563171687,34237.0,0.09152320359281436,0.055189451729544106,53139.27932849906,85454.0,0.22843776732249785,0.06430761284186759,62351.78918274457,54845.0,0.1466130239520958,0.05294397592831524,50951.25420258431,133227.0,0.35614574422583406,0.06021658998886245,58213.14013284063,26388.0,0.07054106073567151,0.05535014236379469,53439.18022661226,48268.0,0.1290312232677502,0.06475232929576323,62593.77459860906,32832.0,0.08776732249786141,0.05389582077606751,51768.5865971205,114761.0,0.30678197177074423,0.06736143519690926,64447.38087924196
P,376904.0,12845.0,0.03408029630887441,0.04392237351775665,42589.24012440236,80920.0,0.21469658056162844,0.0460132490023714,44737.9303786691,19341.0,0.0513154543331989,0.04247629150276037,41266.87448392403,48695.0,0.12919735529471696,0.04614889800927176,44805.19241527544,28115.0,0.07459459172627513,0.044981321214214255,43637.31747293136,57252.0,0.15190074926241165,0.0427616444007975,41774.10810834476,49367.0,0.13098030267654362,0.047298785640327426,45862.16731186032,106209.0,0.2817932417804003,0.04764518003383145,46407.70564802083,23580.0,0.06256235009445377,0.049089635855028735,47752.609888719,33177.0,0.08802506739116592,0.044174022423758015,43023.818261748005,28001.0,0.07429212743828667,0.04562102467674379,44151.199844845614,67036.0,0.17785961411924522,0.03905339939464905,37646.017589781055
Q,315378.0,10520.0,0.03335679724013723,0.04298993454924485,34880.405302352105,65327.0,0.2071387351051754,0.04439346994487779,36117.0882086915,17321.0,0.05492139591220694,0.0454611043167975,36956.90672333634,37398.0,0.11858151170975781,0.0423569513260977,34410.60860348026,23409.0,0.07422521545573883,0.044758583448789246,36333.13052547929,49482.0,0.15689743736088121,0.044168264188296634,36104.7023233619,37270.0,0.1181756495380147,0.04267484958565463,34623.9993459808,82122.0,0.26039229115537543,0.04402673929699129,35882.96286780561,17223.0,0.054610657686966116,0.042850329241299556,34878.84648487733,26343.0,0.08352833742366303,0.04191740784446611,34161.51081982179,23765.0,0.07535401962089937,0.04627310735545369,37471.99258286332,52446.0,0.16629568327530772,0.03651425743115861,29452.578293956343
R,394564.0,18012.0,0.045650388783568696,0.05883380265272511,59721.0893826964,100846.0,0.2555884469946574,0.05477709436699085,55754.34165802352,26279.0,0.06660262973814134,0.05513022835651763,56070.12018835839,59391.0,0.1505231090520169,0.05376639167136317,54646.784736330716,37784.0,0.0957613973905374,0.05774512704288348,58644.5813052548,72170.0,0.18291075719021502,0.05149128489509078,52659.075354210174,66171.0,0.16770663314443285,0.06056116782038942,61473.159665223924,117491.0,0.2977742520858467,0.050347225364353876,51337.341885260335,30022.0,0.07608905019211079,0.05970338008157484,60798.509502931374,41566.0,0.10534666112468447,0.05286659708092284,53902.644297791165,36679.0,0.09296083778550501,0.05708503472465785,57834.42945284426,87443.0,0.22161930637361746,0.048661902974619496,49106.162600740274
S,611236.0,17327.0,0.028347479533273563,0.0365339718018586,57449.88428458697,103746.0,0.1697314948726842,0.03637644119292212,57357.653547521055,30316.0,0.04959786400015706,0.041054558642423813,64683.65476731508,63955.0,0.10463225333586372,0.037374319131086034,58846.207637723404,38197.0,0.06249141084621979,0.03768297619642471,59285.598986788515,84683.0,0.13854386848942143,0.03900154322491875,61789.22652377137,58607.0,0.09588276868509053,0.03462458423108655,54446.16929621403,132255.0,0.2163730539431578,0.036584032478768666,57788.42763305364,29315.0,0.04796019867939716,0.03763203724207848,59366.7412590245,44508.0,0.07281639170467707,0.03654178310009866,57717.81967006903,40671.0,0.0665389473133127,0.040859981562202524,64128.90428519395,105716.0,0.17295447257687702,0.03797635639818242,59367.89777912307
T,452426.0,16177.0,0.03575612365337094,0.046082164439441804,53636.91222206749,86261.0,0.1906632244831199,0.040862478576916786,47690.78858618852,24272.0,0.05364855247045926,0.04440751003859049,51787.889844051715,53459.0,0.11816075999168925,0.04220666010628071,49188.639107263785,33331.0,0.07367171647960108,0.044424817760671385,51733.07589152677,68407.0,0.15120041730581354,0.042564493654432003,49913.39015872877,55976.0,0.12372410073691609,0.044678471493146625,52001.95834157825,113647.0,0.2511946705096524,0.042471619348834894,49657.717554827024,26185.0,0.05787686826132892,0.04541316595506183,53028.07845360929,37896.0,0.08376176435483372,0.042034549549635404,49143.40105637044,32772.0,0.07243615530495595,0.04448131642751692,51673.98026196494,86473.0,0.1911318094008744,0.04196763231786754,48561.43085866008
V,477865.0,18328.0,0.03835392841074362,0.04943019140039919,60768.827792919146,120103.0,0.25133248930137175,0.053864967864684976,66400.88547045593,30359.0,0.06353049501428228,0.05258727337809963,64775.40160578303,72575.0,0.1518734370585835,0.05424872468283971,66777.63301239583,40859.0,0.08550322789909284,0.05155934324427079,63417.291645971985,90005.0,0.18834817364736903,0.05302197430991515,65672.44114252026,68826.0,0.14402812509809257,0.0520105334617838,63939.666728909964,148946.0,0.31169054021533277,0.0527001705561649,65081.51028114482,29287.0,0.061287183618804475,0.04808907468925319,59310.03756619649,49863.0,0.10434536950812467,0.052364114326481095,64662.16505366792,41414.0,0.08666464378014711,0.05321869205831539,65300.44606887025,129000.0,0.2699507182991012,0.05927423867870885,72443.70590550982
W,85895.0,2540.0,0.02957098783398335,0.03811081808567032,8421.694816347372,13973.0,0.16267535945049189,0.03486418740980893,7725.198976534149,3941.0,0.04588159962745212,0.03797842629891236,8408.70442795846,8524.0,0.09923744106176145,0.03544730877666515,7843.093955186526,5503.0,0.06406659293323244,0.03863282751656854,8541.211383729016,10399.0,0.12106641830141451,0.03408145880399785,7587.6641902235215,8928.0,0.10394085802433203,0.037534470928085664,8294.152566700202,17376.0,0.2022934978753129,0.03420348218802868,7592.391354216778,3941.0,0.04588159962745212,0.036001061577089266,7981.044765540357,5247.0,0.061086209907445135,0.030655172284533586,6804.291359055725,5298.0,0.0616799580883637,0.037876192095148024,8353.739394235636,11078.0,0.12897141859246755,0.028318808323789676,6221.173442025099
Y,247907.0,9366.0,0.03778029664349938,0.04869090003643321,31054.17072831082,64055.0,0.2583831840165869,0.05537605560871065,35413.842441987756,14782.0,0.059627198909268396,0.04935632579451964,31539.575958914484,36948.0,0.14903976087807122,0.05323654426515657,33996.55507464005,19859.0,0.08010665289806258,0.04830515191537802,30823.17224595212,53550.0,0.2160084225132812,0.06080862270885353,39072.93176136836,32292.0,0.13025852436599208,0.04703814158245773,29999.41472713743,90742.0,0.366032423449116,0.06188821493115648,39649.44614780956,16077.0,0.06485093200272683,0.05088537486310495,32558.045342702942,29386.0,0.1185363866288568,0.05948565739467836,38107.66264097799,18991.0,0.07660533990569043,0.04704151331661538,29944.481848986212,67495.0,0.2722593553227622,0.059781156025790566,37903.78240381694
