Codon,AminoAcid,Transcriptome,BWM_day0_rep2_raw,BWM_day0_rep2_rate,BWM_day0_rep2_proportion,BWM_day0_rep2_rpm,BWM_day0_rep3_raw,BWM_day0_rep3_rate,BWM_day0_rep3_proportion,BWM_day0_rep3_rpm,BWM_day10_rep2_raw,BWM_day10_rep2_rate,BWM_day10_rep2_proportion,BWM_day10_rep2_rpm,BWM_day10_rep3_raw,BWM_day10_rep3_rate,BWM_day10_rep3_proportion,BWM_day10_rep3_rpm,BWM_day5_rep2_raw,BWM_day5_rep2_rate,BWM_day5_rep2_proportion,BWM_day5_rep2_rpm,BWM_day5_rep3_raw,BWM_day5_rep3_rate,BWM_day5_rep3_proportion,BWM_day5_rep3_rpm,control_day0_rep2_raw,control_day0_rep2_rate,control_day0_rep2_proportion,control_day0_rep2_rpm,control_day0_rep3_raw,control_day0_rep3_rate,control_day0_rep3_proportion,control_day0_rep3_rpm,control_day10_rep2_raw,control_day10_rep2_rate,control_day10_rep2_proportion,control_day10_rep2_rpm,control_day10_rep3_raw,control_day10_rep3_rate,control_day10_rep3_proportion,control_day10_rep3_rpm,control_day5_rep2_raw,control_day5_rep2_rate,control_day5_rep2_proportion,control_day5_rep2_rpm,control_day5_rep3_raw,control_day5_rep3_rate,control_day5_rep3_proportion,control_day5_rep3_rpm
AAA,K,290030,10349.0,0.035682515601834296,0.015716041758045432,34313.432934794866,54451.0,0.187742647312347,0.014096859357327577,30104.11575690696,15243.0,0.05255663207254422,0.014873255779047995,32523.18741318722,34008.0,0.11725683549977589,0.014438607910742815,31291.405352884023,20832.0,0.07182705237389235,0.01472221912496409,32333.366444819712,42879.0,0.1478433265524256,0.014645522399171992,31286.801886007728,32153.0,0.11086094541943937,0.01367329452485027,29870.28309555462,73210.0,0.252422163224494,0.015048597327543087,31988.891059059068,15871.0,0.05472192531807055,0.01456391814380081,32140.868174039835,24361.0,0.08399475916284523,0.014825819772619838,31591.2601101499,20163.0,0.06952039444195428,0.014437570792336195,31792.45892902475,57892.0,0.1996069372133917,0.015446620354659109,32510.938157223056
AAC,N,139368,7098.0,0.050929912174961255,0.02243161988372062,23534.326695446318,47978.0,0.3442540611905172,0.025848687835523076,26525.413046314705,10540.0,0.07562711669823775,0.02140208392600584,22488.64366168033,26559.0,0.1905674186326847,0.02346582377455494,24437.439272149102,16299.0,0.11694937144825211,0.023970832939454,25297.692957186846,35699.0,0.25614918776189655,0.025374420032183858,26047.891520991398,28892.0,0.20730727283163997,0.02556872835466063,26840.79927834927,59463.0,0.42666178749784744,0.025436203196605157,25982.18042678363,12017.0,0.08622495838356008,0.022948264860047106,24336.009882643608,19607.0,0.14068509270420756,0.02483216631508039,25426.28943720328,15910.0,0.11415819987371563,0.02370767751581967,25086.446538748387,44763.0,0.3211856380230756,0.024855010968920177,25137.96594921191
AAG,K,195851,16597.0,0.0847429933980424,0.037324286151981356,55029.47593185722,81788.0,0.41760317792607643,0.03135618545211485,45217.81821318077,18884.0,0.0964202378338635,0.0272864299523649,40291.79761927622,43305.0,0.22111196777141806,0.027226975667703473,39845.75125872273,32910.0,0.1680359048460309,0.034441917498261136,51079.64140260257,57142.0,0.29176261545766935,0.02890232531673372,41693.84625038489,65264.0,0.33323291686026624,0.041100062789166905,60630.55254403249,103409.0,0.5279983252574662,0.031477561577468165,45184.2540025439,23392.0,0.11943773582978898,0.031787649973849356,47371.88509401675,28724.0,0.1466625138498144,0.025887234148991328,37249.1833423893,28527.0,0.14565664714502352,0.030249082609656953,44980.58204970932,66318.0,0.3386145590270154,0.026203751296774578,37242.80378481861
AAT,N,234712,8228.0,0.03505572787075224,0.015439978762234404,27280.98620035676,55508.0,0.23649408636967859,0.01775741379020061,30688.49529732037,13800.0,0.058795459967960734,0.016638811892345146,29444.33420599512,35950.0,0.1531664337571151,0.018860393704808572,33078.27635956777,17938.0,0.07642557687719417,0.015664767693388065,27841.58637131221,49755.0,0.2119831964279628,0.020999288394886764,36303.89766175318,25953.0,0.11057380960496267,0.013637879956220006,24110.454924235037,73764.0,0.31427451515048227,0.01873603556991277,32230.959706057,14371.0,0.06122822863764955,0.016295532454048713,29103.17034396865,28661.0,0.12211135348853062,0.021553736650422494,37167.48516140578,16922.0,0.0720968676505675,0.014972637007689292,26682.140058372108,69998.0,0.29822931933603736,0.02307853193242176,39309.41493003005
ACA,T,157503,3876.0,0.024609055065617797,0.010838836066182708,12851.37366463087,21427.0,0.13604185317105072,0.010214849413899727,11846.2633987116,6798.0,0.04316108264604484,0.012214363755447134,14504.535067561945,12835.0,0.08149051129184841,0.010034464395819448,11809.726761475724,8359.0,0.05307200497768296,0.010878041919573934,12974.011622131718,16705.0,0.10606147184498073,0.010506565956117077,12188.85761108606,12582.0,0.07988419268204415,0.00985270412667749,11688.735169603715,27077.0,0.17191418576154105,0.010248970705940112,11831.21435877807,6409.0,0.04069128841990311,0.010829746765462568,12979.070261950808,9419.0,0.05980203551678381,0.010555589532541189,12214.526455297479,8578.0,0.054462454683402856,0.011310429857709636,13525.55238273939,21554.0,0.13684818701865997,0.010590022674616797,12104.276256491152
ACC,T,78611,4410.0,0.056099019221228584,0.024708306401494275,14621.91895279209,23763.0,0.3022859396267698,0.022697466119814023,13137.758769010303,5482.0,0.06973578761242065,0.019734868183357873,11696.65508096125,14499.0,0.1844398366640801,0.022711294172007474,13340.804699231516,9258.0,0.11776977776647034,0.024138989660203745,14369.35035263733,18139.0,0.23074378903715764,0.02285773331551207,13235.180377580966,18627.0,0.23695157166299882,0.029224977427499306,17304.56763664031,34174.0,0.43472287593339354,0.025916779356553368,14932.227333045823,7168.0,0.09118316775006043,0.02426786308203605,14516.145363966829,9936.0,0.12639452493925787,0.02230975439029837,12884.970257971732,8467.0,0.10770757273155157,0.02236805068016185,13350.53066270161,21616.0,0.274974240246276,0.021278933266003188,12139.09416165504
ACG,T,68175,2178.0,0.031947194719471946,0.014070853408043335,7221.437523623849,8986.0,0.1318078474514118,0.00989693452347757,4968.055392767184,3560.0,0.05221855518885222,0.014777581764830454,7595.784766184249,6848.0,0.10044737807114044,0.012368748495128156,6300.974589994995,4355.0,0.06387972130546388,0.01309327368475601,6759.399523194596,7733.0,0.11342867620095343,0.01123636931573247,5642.408614578179,6195.0,0.09086908690869087,0.011207551801095127,5755.1831486007795,12043.0,0.17664833149981665,0.010531205245075463,5262.152916599486,3387.0,0.049680968096809684,0.013222297067603023,6859.121700300732,4719.0,0.06921892189218921,0.012217753477202598,6119.582794622444,4494.0,0.06591859185918592,0.01368957043666854,7086.014503151179,10929.0,0.16030803080308031,0.012405467095419415,6137.498153808658
ACT,T,148137,5713.0,0.03856565206531792,0.01698589317659067,18942.18208102068,32085.0,0.21659004840114218,0.016262897611260412,17738.71102569943,8432.0,0.05692028325131466,0.016108146554065936,17990.914929344264,19277.0,0.13012954224805418,0.016023709237212764,17737.133056561554,11359.0,0.07667902009626225,0.015716715343800248,17630.314393563127,25830.0,0.17436562101298123,0.01727285003483476,18846.94355548356,18572.0,0.1253704341251679,0.015462856319834085,17253.472386733443,40353.0,0.2724032483444379,0.01623980534310066,17632.122946403644,9221.0,0.06224643404416182,0.016566521826367513,18673.74112739092,13822.0,0.09330552124047335,0.016469251837720862,17924.321548478794,11233.0,0.07582845609132087,0.015747590497434277,17711.88271337276,32374.0,0.21854094520612677,0.016911832122039696,18180.562286705233
AGA,R,118392,5497.0,0.04643050206095006,0.02044989533191417,18226.006458843112,27876.0,0.23545509831745387,0.01767940025062487,15411.69732125284,7457.0,0.06298567470775053,0.017824621049750952,15910.608708268523,14959.0,0.12635144266504494,0.015558486904593053,13764.059417601507,10799.0,0.09121393337387661,0.018695901752863696,16761.137876229266,20270.0,0.17121089262788025,0.01696033917415065,14790.071462239714,18991.0,0.1604077978241773,0.01978427168769227,17642.725290569397,35224.0,0.2975201027096425,0.017737191399254344,15391.021700099667,8185.0,0.06913473883370498,0.01839980357808485,16575.70449275509,11123.0,0.09395060477059261,0.01658311480073373,14424.267731423066,9981.0,0.08430468274883438,0.01750788146531588,15737.763853126817,24011.0,0.20280931143996217,0.01569443668610503,13484.07614338912
AGC,S,62527,2025.0,0.032386009244006586,0.014264125302563819,6714.146457914735,11847.0,0.18947014889567707,0.014226570678694265,6549.805501681819,3343.0,0.05346490316183409,0.015130291812275471,7132.783279032007,7099.0,0.11353495290034706,0.013980307946276591,6531.924447192533,4577.0,0.07320037743694724,0.015003706278339858,7103.9659282805205,9296.0,0.14867177379372112,0.01472758929330822,6782.856650862377,6714.0,0.10737761287123962,0.013243669541233806,6237.336506812855,15816.0,0.25294672701393,0.015079870133143805,6910.754008879638,3373.0,0.053944695891374926,0.014357063109304971,6830.769853886734,5222.0,0.08351592112207526,0.014741300612573598,6771.871445967027,4677.0,0.0747996865354167,0.0155339419211914,7374.563825375627,12339.0,0.1973387496601468,0.015271096234519528,6929.324706729347
AGG,R,28844,820.0,0.02842878934960477,0.012521203536616633,2718.814861970411,3178.0,0.11017889335737069,0.008272901155062719,1757.0086844217794,1198.0,0.04153376785466648,0.011753842063497957,2556.109592665374,2310.0,0.0800859797531549,0.009861515159222435,2125.474781379737,1488.0,0.05158785189294134,0.01057383861167793,2309.526174629979,2386.0,0.082720843156289,0.008194417628273715,1740.9526644747884,2013.0,0.06978921092774927,0.008607615892699108,1870.086146591343,3869.0,0.13413534877270836,0.00799671797945422,1690.5480058393598,1261.0,0.043717930938843436,0.011635269846753674,2553.691309146508,1598.0,0.05540146997642491,0.009778850694913542,2072.2808446295116,1419.0,0.04919567327693801,0.010216656871897753,2237.4398264289107,2847.0,0.09870336985161558,0.007638178828391558,1598.8157419611352
AGT,S,93040,2778.0,0.029858125537403267,0.013150741752598576,9210.81425189488,15527.0,0.1668852106620808,0.012530756209096135,8584.35300283731,4546.0,0.048860705073086846,0.013827327502522534,9699.56110872854,9539.0,0.10252579535683577,0.012624677730597951,8777.014692459441,5269.0,0.05663155631986243,0.011607634644238968,8178.0197675573645,12618.0,0.13561908856405847,0.013434575950344925,9206.764761250159,7393.0,0.07946044711951848,0.00980044047460335,6868.130592026725,19920.0,0.21410146173688735,0.012764040382822252,8703.98456353581,4417.0,0.04747420464316423,0.012634979970939934,8945.007543616279,7576.0,0.08142734307824591,0.014372648068444844,9824.530462398738,5449.0,0.05856620808254514,0.01216267229232177,8591.832004377118,16828.0,0.18086844368013758,0.013996538510474625,9450.25335641798
ATA,I,74778,1129.0,0.015098023482842548,0.006649788097005871,3743.343877029993,5515.0,0.0737516381823531,0.0055377213739798365,3049.0569208892744,2160.0,0.02888550108320629,0.008174447809431284,4608.678397460107,3773.0,0.05045601647543395,0.006212982258319284,3471.608809586903,2713.0,0.036280724277193824,0.007436373276754401,4210.849806297804,4836.0,0.06467142742517853,0.006406422670731895,3528.603137217132,3643.0,0.04871753724357431,0.006008691633798286,3384.3635529221374,7407.0,0.09905319746449491,0.0059052329779897585,3236.4665493026982,1892.0,0.025301559282141808,0.006733860991801623,3831.5495296631193,2489.0,0.03328519083152799,0.005875131321095345,3227.7265471106725,2427.0,0.032456069967102624,0.006740278324834667,3826.8262570422594,7066.0,0.0944930327101554,0.0073123610973187675,3968.118030452189
ATC,I,145698,7849.0,0.05387170723002375,0.023727306949197502,26024.36323366556,48203.0,0.3308418784060179,0.02484161961157659,26649.80793429296,10977.0,0.0753407733805543,0.021321050244116777,23421.047578203514,27092.0,0.18594627242652612,0.022896791548121815,24927.862674086507,17805.0,0.12220483465799119,0.025048032663232293,27635.156948445416,36508.0,0.2505731032684045,0.024822046974478377,26638.18100362346,35099.0,0.2409024145835907,0.02971226389858509,32607.130481475186,59978.0,0.41165973451934823,0.024541829059738573,26207.208140148134,12899.0,0.08853244382215267,0.02356238851981127,26122.176206725464,17858.0,0.12256860080440363,0.02163444485607976,23158.192317518035,16467.0,0.11302145533912614,0.023471605355661836,25964.708683442474,50861.0,0.3490850938242117,0.027014015600112067,28562.475395815
ATG,M,188273,8010.0,0.04254460278425478,0.018738386087959344,26558.179322418287,33386.0,0.17732760406431086,0.01331483459113907,18457.98991129815,11619.0,0.06171357549940777,0.01746462353552876,24790.849213004152,21110.0,0.11212441507810467,0.013806619116351875,19423.711097370666,16146.0,0.08575844651118322,0.01757770365936754,25060.22151584385,27744.0,0.14736048185347872,0.014597691272677144,20243.499883985132,26649.0,0.14154445937548135,0.017457717630669722,24757.042086692847,45346.0,0.2408523792577799,0.014358844027525216,19813.799398498737,11564.0,0.061421446516494664,0.01634695625456492,23418.62513796211,14308.0,0.07599602704583239,0.01341397262931908,18554.56465892306,15582.0,0.0827627965773106,0.01718767196515711,24569.265239898014,34677.0,0.18418466800868952,0.01425316515346181,19473.87898980902
ATT,I,253190,8213.0,0.032438089971957816,0.014287063788863503,27231.251782149986,54412.0,0.21490580196690232,0.01613643414946071,30082.55397632406,12875.0,0.050851139460484224,0.014390610167102543,27470.710355230956,30586.0,0.12080255934278605,0.014875216285092929,28142.758295792482,17896.0,0.07068209644930684,0.014487540247673831,27776.398132512168,45477.0,0.1796160985820925,0.01779296811278873,33182.4410403688,30102.0,0.11889095145937834,0.014663694139475596,27964.894776300353,67250.0,0.2656108061139855,0.015834861788656236,29384.686842258194,12565.0,0.04962676251036771,0.013207870570010166,25445.782156562946,22220.0,0.08776018010189976,0.015490449956298794,28814.81875323389,16946.0,0.06692997353765946,0.01389960800475549,26719.98259243433,64224.0,0.25365930723962243,0.019629473168898504,36066.857116864056
CAA,Q,207173,6922.0,0.033411689747216096,0.014715877017569727,22950.776188486812,45442.0,0.21934325418852843,0.01646962504012208,25123.344442257552,11469.0,0.05535953044074276,0.015666461559345153,24470.802102069425,24819.0,0.11979842933200754,0.014751571130801958,22836.432293966966,15422.0,0.07444020214989405,0.01525783018426786,23936.500447005063,34580.0,0.1669136422217181,0.01653464882649751,25231.409529563363,24643.0,0.11894889778108152,0.01467084108486995,22893.458971907832,57238.0,0.2762811756358213,0.01647099489289315,25009.97331564572,10838.0,0.052313766755320436,0.013923000924946964,21948.379388207657,17670.0,0.08529103695944935,0.015054624297797912,22914.394571091034,16025.0,0.07735081308857815,0.01606374429799221,25267.77534779654,35566.0,0.17167294966042873,0.013284943477361462,19973.122823529942
CAC,H,68707,3194.0,0.04648725748468133,0.0204748927457543,10590.115450162797,17646.0,0.25682972622876854,0.019284337263043336,9755.876414508093,4192.0,0.061012706128924274,0.01726628111890448,8944.249926922577,10024.0,0.145894886983859,0.017965000167057224,9223.272384653888,6921.0,0.10073209425531605,0.02064681642264272,10742.090493692262,13490.0,0.1963409841791957,0.019449753659677153,9843.022398895597,12734.0,0.1853377385128153,0.02285906435009567,11829.94386025542,22468.0,0.32701180374634314,0.019495391740049644,9817.32556091981,5285.0,0.07692083776034465,0.020472027951916764,10702.822021284137,6554.0,0.09539057155748322,0.016837281706785674,8499.204415332802,6454.0,0.09393511578150698,0.019507870961724082,10176.48811823269,14081.0,0.20494272781521533,0.01585953151330394,7907.5955260115015
CAG,Q,108205,3598.0,0.03325169816551915,0.014645410170250372,11929.629113865292,19885.0,0.1837715447530151,0.01379868483452301,10993.743766433947,5852.0,0.05408252853380158,0.015305076606708693,12486.104621266917,12579.0,0.11625155953976249,0.014314821648160649,11574.176309513294,7987.0,0.07381359456587033,0.015129395926526906,12396.630078474222,14902.0,0.13772006838870662,0.013642701320624537,10873.292793798531,12627.0,0.11669516196109236,0.0143928712954971,11730.54037407297,24884.0,0.22997088859110024,0.013710124559810934,10872.989552159896,6385.0,0.05900836375398549,0.01570472848894581,12930.46709666967,8673.0,0.08015341250404324,0.014147788026173141,11247.11624873076,7740.0,0.07153089043944365,0.014855098318243677,12204.217235066784,16880.0,0.15600018483434222,0.012072103625419828,9479.455470426403
CAT,H,107175,3885.0,0.03624912526242127,0.015965599866158163,12881.214315554937,24489.0,0.22849545136459062,0.017156827645648534,13539.139607553478,6151.0,0.05739211569862375,0.016241672702849517,13124.065195730145,15075.0,0.14065780265920225,0.017320123415634398,13870.793216146983,8506.0,0.07936552367623047,0.01626736155685115,13202.170457931856,20821.0,0.194271052017728,0.019244703905031708,15192.110405293197,13707.0,0.12789363191042688,0.015774060832223588,12733.865281335091,30919.0,0.28849078609750406,0.017198892590214655,13509.964795178901,6541.0,0.061031024026125494,0.016243047608109497,13246.387670997074,10787.0,0.10064847212502916,0.01776534777868976,13988.544099510978,7961.0,0.0742803825519011,0.015426096042511746,12552.68390288975,24599.0,0.22952181012362957,0.01776158841765947,13814.28466333051
CCA,P,200302,8583.0,0.04285029605296003,0.018873025927530467,28458.034097917123,56696.0,0.2830525905882118,0.021253309343246013,31345.300305845565,12034.0,0.060079280286766984,0.017002126420368704,25676.31288659024,30178.0,0.15066249962556538,0.01855206777220363,27767.34976297736,18948.0,0.09459715829098062,0.01938935327192879,29409.20830436078,37632.0,0.1878763067767671,0.01861123341402323,27458.311261322393,35251.0,0.1759892562231031,0.021706047377130475,32748.33917212689,75818.0,0.3785184371598886,0.022566051526957804,33128.44887741758,15232.0,0.0760451717905962,0.020238974611220123,30846.80889842951,20455.0,0.1021207975956306,0.018025226279340674,26525.97288917188,18245.0,0.09108745793851285,0.018916486778268297,28768.20974855213,42618.0,0.21276871923395674,0.0164651473302276,23933.37874636448
CCC,P,33721,620.0,0.018386168856202367,0.008098022032384303,2055.6892858800675,3986.0,0.11820527267874618,0.00887557051155555,2203.7245488059198,1107.0,0.032828207941638744,0.009290213513107468,2361.947678698304,2976.0,0.08825361050977136,0.010867249430933477,2738.2740040632452,1429.0,0.04237715370244061,0.008685943834253506,2217.9522201251616,3158.0,0.0936508407223985,0.009277155198579865,2304.2449767021712,2352.0,0.06974882120933543,0.00860263433211834,2185.0186869263975,5231.0,0.15512588594644286,0.009248106279044321,2285.6698419606337,1238.0,0.03671302749028795,0.009770956048636982,2507.1132757520836,2015.0,0.059755048782657694,0.010547295957337203,2613.0449949489775,1587.0,0.04706266124966638,0.009773685965420068,2502.3375648644683,3499.0,0.1037632335933098,0.008029737335101674,1964.9653252975106
CCG,P,74433,2058.0,0.02764902664140905,0.012177764093609971,6823.562177969642,10369.0,0.1393064904007631,0.010459978224741439,5732.669304206869,3293.0,0.04424112960649174,0.012520011474158203,7026.10090872043,8238.0,0.11067671597275403,0.013628354372417769,7579.93993463475,4353.0,0.05848212486397163,0.011986941252427781,6756.295321346975,8235.0,0.11063641126919511,0.010959764483061935,6008.694548176816,6588.0,0.0885091290153561,0.010916480863356639,6120.2819342989405,13349.0,0.1793424959359424,0.010691822661611054,5832.805719811221,4046.0,0.05435761019977698,0.01446695782066641,8193.683613645338,5606.0,0.07531605605040775,0.01329395171933314,7269.841311009413,4491.0,0.06033614122768127,0.012530241194738471,7081.284186393402,10428.0,0.1400991495707549,0.010841599022766159,5856.147016919817
CCT,P,68448,1584.0,0.02314165497896213,0.01019253294969351,5251.954562635527,9869.0,0.14418244506778868,0.01082609454491567,5456.236219810743,2907.0,0.042470196353436185,0.012018846498366752,6202.51300991506,7303.0,0.10669413277232352,0.013137952622636307,6719.628713600094,3385.0,0.049453599812996726,0.010136386067679679,5253.86162709844,8227.0,0.12019343151005142,0.011906493410709327,6002.857322143372,5176.0,0.07561944834034595,0.00932670188813801,4808.527518508093,11811.0,0.17255434782608695,0.010287135108822405,5160.781208831398,3064.0,0.04476390836839645,0.011913650579444065,6205.004100892071,5101.0,0.0745237260402057,0.01315409844695314,6614.959066617734,3678.0,0.05373422159887798,0.011159194859756227,5799.368345035611,10491.0,0.1532696353436185,0.011860799539842249,5891.526501199252
CGA,R,91672,2068.0,0.022558687494545773,0.00993577018579804,6856.71845677416,17536.0,0.19129068854175757,0.014363267863444936,9695.061135940945,4236.0,0.0462082206126189,0.013076688082248508,9038.130412796763,9854.0,0.1074919277423859,0.013236190381798036,9066.852162647587,4930.0,0.05377868923989877,0.011022889302511876,7651.857554385616,11050.0,0.1205384413997731,0.011940670469530193,8062.66845869506,7935.0,0.08655860022689589,0.01067590782383483,7371.651054745309,15401.0,0.16800113447944848,0.010015687176815663,6729.4209971393075,4025.0,0.04390653634697617,0.01168546606535449,8151.155844024342,7601.0,0.08291517584431451,0.014635263744248686,9856.950375487433,5708.0,0.06226546819094162,0.012930912031508413,9000.216017798604,13683.0,0.14926040666724846,0.01155054462514109,7684.08703802396
CGC,R,36822,2442.0,0.06631904839498126,0.029209625956858887,8096.763284063103,12616.0,0.34262125902992774,0.025726087122548806,6974.959585483061,3355.0,0.09111400793004182,0.025784794260164567,7158.387047906785,7968.0,0.2163923741241649,0.026645820958212347,7331.507817330625,5587.0,0.1517299440551844,0.031099723716504726,8671.587861329095,9365.0,0.25433164955732984,0.025194372700274744,6833.202725400835,10147.0,0.2755689533431101,0.03398794270343975,9426.609105545136,15680.0,0.4258323828146217,0.025386756757592027,6851.329214670758,4383.0,0.11903210037477595,0.03167969248644929,8876.153059467997,5051.0,0.13717342892835804,0.024212326520768407,6550.11924044034,5424.0,0.14730324262669056,0.030591037499639026,8552.412698062304,10426.0,0.2831459453587529,0.02191130220209741,5855.023858688724
CGG,R,35517,630.0,0.01773798462707999,0.007812535142237184,2088.8455646845846,4034.0,0.11357941267562012,0.00852823281921831,2230.262124907948,1346.0,0.037897344933412166,0.010724753134170182,2871.88940878764,3192.0,0.08987245544387194,0.011066588490120481,2937.0196979065454,1628.0,0.04583720471886702,0.009395142215139589,2526.820303963445,3137.0,0.08832390123039671,0.00874946271851732,2288.92225836438,1836.0,0.05169355519891883,0.00637574578312663,1705.6523423456065,4520.0,0.1272630008165104,0.007587010702698137,1975.0005134127439,1329.0,0.03741870090379255,0.009958766871644403,2691.4002774430687,2019.0,0.05684601740011826,0.010033826123977616,2618.232181043169,1644.0,0.046287693217332546,0.009612745339026483,2592.213583262247,3579.0,0.1007686460005068,0.007798000611365716,2009.8916545412378
CGT,R,83317,6555.0,0.07867542038239494,0.034651878411788205,21733.940756361033,35606.0,0.42735576172929896,0.03208846873570918,19685.352806016956,8687.0,0.10426443582942256,0.02950629752318654,18534.995017933306,21108.0,0.2533456557485267,0.031196122372328515,19421.87085946471,13352.0,0.16025541006037183,0.0328471680918836,20723.651534717395,25962.0,0.31160507459462056,0.030867941124504555,18943.257785035396,25249.0,0.3030473972898688,0.03737706098803575,23456.435725427134,42797.0,0.5136646782769423,0.030623035655934005,18700.0214540985,10839.0,0.13009349832567182,0.03462361840602316,21950.40452009437,14174.0,0.17012134378338153,0.03002792564138925,18380.793924767648,12503.0,0.1500654128209129,0.031164668130473014,19714.383474165377,32897.0,0.3948413889122268,0.030554875095915725,18474.268164136098
CTA,L,61372,1121.0,0.018265658606530667,0.008044944381210641,3716.818853986379,6131.0,0.09989897673206022,0.007501022517222052,3389.622480865302,1923.0,0.03133350713680506,0.008867220895301316,4103.003962183233,3273.0,0.05333050902691781,0.006566937494415567,3011.549333097783,2399.0,0.03908948706250407,0.008012078666697595,3723.4901162213173,4605.0,0.07503421755849574,0.007432972049418921,3360.053235501425,3392.0,0.05526950400834257,0.0068167938103831675,3151.1834124380703,6739.0,0.10980577462034805,0.006546267036904245,2944.585942453204,1844.0,0.030046275174346607,0.00799663918295643,3734.3431991008415,2442.0,0.03979013230789285,0.00702331117090061,3166.777110503922,2476.0,0.04034413087401421,0.008378422622949702,3904.088097419297,6021.0,0.09810662842990289,0.007591999881307964,3381.267854706005
CTC,L,110055,5387.0,0.0489482531461542,0.021558816060288997,17861.28739199342,26027.0,0.23649084548634774,0.01775717044497691,14389.447775155963,7554.0,0.06863840806869292,0.01942431543298322,16117.572506672981,17384.0,0.1579573849438917,0.01945033513901611,15995.34787857374,12450.0,0.11312525555404117,0.02318701305135993,19323.65650144035,21046.0,0.19123165689882332,0.0189436180844413,15356.28238748382,21699.0,0.197165053836718,0.024317814004900972,20158.46959507479,32907.0,0.2990050429330789,0.01782571875831232,14378.615463467515,8840.0,0.08032347462632321,0.02137761971428895,17902.165878552838,9659.0,0.08776520830493843,0.015491337478720127,12525.757620948969,11471.0,0.1042297033301531,0.021645788010448225,18087.154509489803,24671.0,0.2241697333151606,0.017347416947852214,13854.718359649867
CTG,L,94188,2364.0,0.02509873869282711,0.011054512797591664,7838.14430938787,10059.0,0.10679704420945343,0.00801897136080253,5561.2807918812705,3642.0,0.038667346158746334,0.010942659509121445,7770.743853495234,6908.0,0.0733426763494288,0.009031167713339292,6356.181727173689,5074.0,0.053870981441372576,0.011041806214298117,7875.360087414324,8485.0,0.09008578587505839,0.008923996947622343,6191.107861721953,7081.0,0.07517942837728797,0.009272430994732383,6578.2811743732245,12018.0,0.127595872085616,0.007606855416912964,5251.229241193442,3613.0,0.03835945131014567,0.010209142051834742,7316.801506698124,4071.0,0.043222066505287295,0.007629077987654195,5279.258647363418,4922.0,0.052257187752155265,0.010852453494205706,7760.873027260815,10205.0,0.10834713551620163,0.008384463447001314,5730.914874152928
CTT,L,160206,7510.0,0.04687714567494351,0.020646615478184475,24900.365382192424,40874.0,0.2551340149557445,0.01915701295144627,22597.85178321454,10562.0,0.06592761819157834,0.01865717588054904,22535.583904617426,24227.0,0.15122404903686504,0.018621215056775192,22291.721873803846,16519.0,0.10311099459445963,0.02113441393516508,25639.15516042515,33988.0,0.21215185448734755,0.02101599584759444,24799.454803088476,27912.0,0.17422568443129471,0.021488533116956345,25930.37482546327,49969.0,0.31190467273385514,0.018594753188833434,21833.80545458438,10922.0,0.06817472504150905,0.018144301561202336,22118.490466691645,15523.0,0.096893998976318,0.017102649977080317,20130.172435033735,15641.0,0.0976305506660175,0.02027531630178377,24662.29480280098,42321.0,0.2641661360997715,0.020442546095119477,23766.58974904714
GAA,E,318535,10400.0,0.03264947337027328,0.014380165697707415,34482.5299566979,62897.0,0.19745710832404603,0.014826280149963632,34773.623418526324,19453.0,0.06107021206460828,0.017282555002076087,41505.84299342196,39192.0,0.12303828464689909,0.015150515894916325,36061.30200512322,22561.0,0.07082738160641688,0.014517318998825204,35016.94894208801,49306.0,0.15478989749948985,0.015333657351050195,35976.283350626116,33385.0,0.10480794889101669,0.012926734011786966,31014.816693468445,86692.0,0.2721584755207434,0.016225212774787914,37879.81073203044,17193.0,0.05397523035145275,0.014365189676024868,34818.092528275905,31134.0,0.0977412215298162,0.017252192270083514,40374.46296413968,24704.0,0.07755505674415684,0.01610616037258403,38952.58172804778,68745.0,0.21581615834994586,0.016700973979019366,38605.75629825017
GAC,D,130857,6409.0,0.04897712770428789,0.021571533598660955,21249.859085815082,44967.0,0.34363465462298537,0.025802179024698786,24860.733012081233,9799.0,0.07488326952322,0.02119157901238637,20907.610933662767,27012.0,0.20642380613952635,0.025418325401571174,24854.25315784825,13290.0,0.10156124624590201,0.020816765722939272,20627.421277441143,32083.0,0.24517603185156317,0.02428740714887048,23409.46535387453,23773.0,0.18167159571134903,0.022406892035445554,22085.22501883557,53910.0,0.4119764322886815,0.024560709561927237,23555.81364559315,10563.0,0.08072170384465485,0.0214836060754146,21391.468119361274,19180.0,0.14657221241507906,0.025871295145058957,24872.55732164833,13466.0,0.10290622588015925,0.021370936299238488,21232.815153412055,39655.0,0.303040723843585,0.023450863374596696,22269.41982699994
GAG,E,188090,11075.0,0.05888138657025892,0.025933774973596155,36720.57877600282,58199.0,0.30942102185124143,0.02323321147155611,32176.25815754032,18640.0,0.09910149396565474,0.028045211607213457,39771.187652155735,42812.0,0.22761443989579458,0.02802766796896029,39392.132614904454,24344.0,0.12942740177574566,0.026528424970003208,37784.34488924208,45115.0,0.2398585783401563,0.023760654360470188,32918.306562355436,37691.0,0.2003881120740071,0.02471533744638401,35015.11025890428,87258.0,0.4639162103248445,0.027657192037806512,38127.122743223284,18590.0,0.09883566377797863,0.02630452983121488,37647.20177401553,31359.0,0.16672337710670423,0.029428154393231782,40666.24218193795,25965.0,0.13804561646020522,0.028668470255587886,40940.89153856706,63049.0,0.33520655005582434,0.025940021881964793,35407.00165609681
GAT,D,281194,13849.0,0.04925069524954302,0.021692023953456863,45918.13051637589,104085.0,0.3701537017148303,0.02779339030511786,57545.07517874163,25055.0,0.08910218567963754,0.025215458940676425,53458.535763130996,67897.0,0.24145963285134106,0.029732517939383515,62473.316550363634,28826.0,0.1025128558930845,0.02101181487620708,44740.86122976061,81235.0,0.28889307737718445,0.028618065721031805,59273.382103356846,45934.0,0.16335341436872763,0.02014757620776942,42672.89471312804,125085.0,0.444835238305227,0.02651964586962013,54655.51752660024,24910.0,0.08858652745079909,0.023576782559055102,50446.03529804879,53158.0,0.1890438629558241,0.033367918061043375,68935.1095987582,28534.0,0.10147442690811326,0.021073589036104533,44991.61945547747,115351.0,0.41021856796375455,0.03174484098713441,64778.71255741445
GCA,A,156398,4013.0,0.025658895893809385,0.01130122897814186,13305.614684252758,25615.0,0.16378086676300208,0.012297663196035096,14161.666913613557,7485.0,0.04785866826941521,0.01354375625578708,15970.350835643007,14104.0,0.09018018133224211,0.01110448080938037,12977.357712805111,8341.0,0.053331884039437845,0.01093130870926801,12946.073805503129,16262.0,0.10397831174311692,0.010300205827159284,11865.621219484077,13299.0,0.08503305668870446,0.010487751336180379,12354.83142748051,28707.0,0.1835509405491119,0.010942716590851853,12543.437995252134,7052.0,0.045090090666121053,0.012000462076963675,14281.230065107991,10803.0,0.06907377332190949,0.012192133467517845,14009.292843887744,9529.0,0.06092788910344122,0.01265313177837335,15025.06279495496,21967.0,0.14045576030384022,0.010869195411375022,12336.208431211893
GCC,A,93865,5093.0,0.05425877590156075,0.02389778785006745,16886.492795140617,27745.0,0.2955840835242103,0.02219425001913951,15339.271853141054,6698.0,0.07135780109732062,0.020193889632918852,14291.170326938793,16560.0,0.17642358706653172,0.02172420046134809,15237.169861319671,11012.0,0.11731742395994248,0.024046271782445817,17091.735373000894,18772.0,0.1999893464017472,0.01981116443077289,13697.050887477253,20067.0,0.213785756139136,0.02636776727682182,18642.334179656475,36948.0,0.3936291482448197,0.023466903510575954,16144.318356100455,8279.0,0.08820113993501305,0.02347421394143197,16766.066890106216,10687.0,0.11385500452777926,0.020096417849916864,13858.864447156191,10490.0,0.11175624567197572,0.023208854341613953,16540.340929696456,22741.0,0.24227347786714962,0.018748378622813183,12770.870666644953
GCG,A,63648,1658.0,0.026049522373051786,0.011473276883286088,5497.311025788954,7956.0,0.125,0.009385759947947965,4398.603238911163,2974.0,0.046725741578682756,0.013223143846169287,6345.467386132572,5658.0,0.08889517345399699,0.010946249309808372,5206.033035950888,3734.0,0.05866641528406234,0.012024714819037252,5795.544849508294,5828.0,0.09156611362493715,0.009070639841316144,4252.419165364236,4803.0,0.07546191553544494,0.009307272210440533,4462.008823685156,9764.0,0.15340623428858724,0.00914558617933463,4266.350666584521,3073.0,0.04828117144293615,0.012849749432144585,6223.230287872498,3725.0,0.058525012569130216,0.010330183658935366,4830.567050215852,4118.0,0.06469959778783309,0.01343641719520802,6493.148136176359,8382.0,0.13169306184012067,0.010191092343710951,4707.156146511499
GCT,A,171822,8091.0,0.047089429758703776,0.02074011408579871,26826.745180734873,44348.0,0.25810431725855826,0.019380041306542646,24518.50885359883,11564.0,0.06730220809907927,0.019046177733965743,24673.498605661418,25916.0,0.150830510644737,0.018572756077667132,23845.802785384094,16692.0,0.097147047525928,0.019911997969442888,25907.66862024436,31592.0,0.18386469718662338,0.018213838959506883,23051.205606071882,26992.0,0.1570928053450664,0.019375409321030556,25075.690645202943,53273.0,0.31004760740766607,0.018484040928278454,23277.478396247152,12941.0,0.07531631572208448,0.020044993861114614,26207.231745967456,17957.0,0.10450931778235616,0.018446821271273475,23286.575173349276,16317.0,0.09496455634319237,0.019721658888348183,25728.19284555358,41697.0,0.24267555959073925,0.018779493792569015,23416.16438094607
GGA,G,246014,14947.0,0.060756704902973004,0.026759741997766602,49558.689929111875,108302.0,0.44022697895241736,0.033054917976461845,59876.51181253856,21049.0,0.08556017137236092,0.024213087162126074,44911.14425376749,54851.0,0.22295885600006504,0.027454395202562498,50469.4446898095,29814.0,0.12118822506036242,0.024839660625592164,46274.336942485344,60721.0,0.24681928670726055,0.024450189780713723,44305.27524709707,52934.0,0.2151666165340184,0.026538078929906613,49175.9265194566,130025.0,0.52852683180632,0.031509069437701494,56814.03578683452,24573.0,0.09988455941531783,0.026583687227721055,49763.56585222613,39431.0,0.1602794962888291,0.028290752291073973,51133.98372001644,27708.0,0.11262773663287455,0.02338984026011825,43689.20557483598,79262.0,0.3221849163055761,0.024932340306637234,44511.88385645364
GGC,G,51219,1622.0,0.03166793572697632,0.01394785630670821,5377.9484220926915,8898.0,0.17372459438880103,0.013044298719903317,4919.403169913466,2454.0,0.047911907690505476,0.013558822737336182,5235.970734892177,5645.0,0.11021300689197368,0.013571254813372862,5194.071489562171,3354.0,0.06548351197797692,0.013421998822861395,5205.746498460317,5636.0,0.11003729084909897,0.010900414955850046,4112.3257405615705,5129.0,0.10013862043382339,0.012350831443150983,4764.864304951316,9451.0,0.18452136902321403,0.011000570414602494,4129.58625050085,2604.0,0.05084050840508405,0.013530901891647266,5273.443433003574,3512.0,0.06856830473066636,0.012102913779180364,4554.349390700154,3254.0,0.0635311115015912,0.013193753101988916,5130.816909936346,7538.0,0.1471719479099553,0.011388928851658311,4233.183372990178
GGG,G,34613,565.0,0.016323346719440673,0.007189470651015308,1873.3297524552224,4238.0,0.12243954583537978,0.009193505482773173,2343.0468233415672,1157.0,0.033426747175916566,0.00945959702902458,2468.630049009881,2760.0,0.07973882645248895,0.009818767882512536,2539.5283102199455,1324.0,0.03825152399387513,0.007840323380809424,2054.981623125062,2667.0,0.07705197469158986,0.007632853288416477,1945.9852288995223,1700.0,0.04911449455406928,0.006057651294025379,1579.30772439408,4969.0,0.14355877849362955,0.00855851254417485,2171.189723705293,1082.0,0.031259931239707626,0.008319646597039654,2191.1927014246803,1832.0,0.05292809060179701,0.009342277303870723,2375.731231139716,1332.0,0.038482651027070755,0.007991841860793748,2100.2606404533535,3378.0,0.0975933897668506,0.007552282810898601,1897.0142523163736
GGT,G,84172,4122.0,0.048971154303093664,0.02156890266804907,13667.018123221995,26193.0,0.3111842417906192,0.023365604744247592,14481.223559175478,5902.0,0.07011832913557953,0.019843125461187154,12592.786991578492,13953.0,0.16576771372903104,0.02041207246121112,12838.419750905397,7888.0,0.09371287363969016,0.019208103562037136,12242.972087016988,15054.0,0.17884807299339447,0.01771688665395856,10984.200088433974,13630.0,0.1619303331274058,0.019972057147637255,12662.331931465476,27761.0,0.3298127643396854,0.019662375999914487,12130.086117887431,6272.0,0.07451409019626479,0.019831486262049062,12701.627193470975,9967.0,0.11841229862662168,0.020900820667826833,12925.170950201717,7531.0,0.08947155823789384,0.01858090660056259,11874.671834274928,22049.0,0.26195171791094424,0.02027118292735192,12382.257918686713
GTA,V,76645,1774.0,0.02314567160284428,0.0101943020354094,5881.923859921353,11475.0,0.14971622415030333,0.011241604321503335,6344.139286891101,3406.0,0.04443864570422076,0.012575907510988495,7267.203065624593,6568.0,0.08569378302563768,0.010552040980995221,6043.341283161088,3764.0,0.049109530954400155,0.010065863096697004,5842.107877222609,8539.0,0.11140974623263096,0.011036371894388318,6230.509137447702,5768.0,0.07525605062300215,0.00928188137898485,5358.498208414738,14414.0,0.1880618435644856,0.011211642117021229,6298.154292108693,2881.0,0.037588883814991196,0.010004060051183762,5834.4049656233865,5020.0,0.06549677082653793,0.01156076080985269,6509.918548210356,4072.0,0.053128057929414836,0.011033310492156393,6420.616612557098,12024.0,0.15687911801161197,0.012140120034548363,6752.427285332171
GTC,V,102135,5125.0,0.050178685073676996,0.022100748691081053,16992.59288731507,35707.0,0.3496059137416165,0.02625053746209452,19741.19228906497,8254.0,0.08081460811670828,0.02287011723932834,17611.125691035053,22442.0,0.21972879032652862,0.027056655901588175,20649.309542737687,12405.0,0.12145689528565135,0.024894729319048597,19253.81195986888,25737.0,0.25199001321779996,0.02496240763116397,18779.08580284477,22637.0,0.22163802810006364,0.027336245642262138,21029.875857122817,44071.0,0.43149752778185735,0.02572449447572681,19256.691952790494,8496.0,0.08318402114847995,0.02213893732424277,17205.520509523183,13853.0,0.13563420962451658,0.023940640665403932,17964.522240708775,12271.0,0.12014490625152983,0.02495096012139796,19348.57231156389,35356.0,0.34616928574925343,0.026788375244172033,19855.19120926516
GTG,V,113019,3643.0,0.03223351825799202,0.014196962024876995,12078.83236848562,18299.0,0.16191082915262037,0.01215724940319768,10116.898022729434,5862.0,0.051867385129933906,0.014678202449561051,12507.441095329232,11908.0,0.10536281510188553,0.012974018692762048,10956.776492064893,7271.0,0.06433431546908042,0.013186450763147787,11285.325817025927,13868.0,0.12270503189729161,0.012155295305166508,10118.831328975844,11486.0,0.10162892964899707,0.012534642222998391,10670.546189641413,24030.0,0.212619117139596,0.012675667766644893,10499.836800289433,5704.0,0.05046939010254913,0.013432130941093742,11551.352281817353,8543.0,0.07558906024650723,0.01334213938066916,11078.532700669537,7616.0,0.06738689954786363,0.013994499607027547,12008.6974757453,19965.0,0.17665171342871552,0.01367022604738578,11211.927041887626
GTT,V,186066,7786.0,0.0418453666978384,0.018430413868302072,25815.4786771971,54622.0,0.2935624993281954,0.02204245718731262,30198.655871770432,12837.0,0.06899164812485892,0.019524280546796263,27389.63175379416,31657.0,0.17013855298657465,0.020950282741333127,29128.205694432174,17419.0,0.09361731858587813,0.019188517871211407,27036.045991854575,41861.0,0.22497930841744326,0.022286697530507035,30544.014873251934,28935.0,0.15550933539711714,0.0191801083438682,26880.746473731004,66431.0,0.35702922618855676,0.021284933899792118,29026.827235956192,12206.0,0.06560037836036675,0.017459154353387615,24718.759809232575,22447.0,0.12063998796126106,0.021294027588281462,29109.191564079254,17455.0,0.09381079831887609,0.019482053470585483,27522.559669003967,61655.0,0.3313609149441596,0.02564242668601763,34624.16036902487
TAC,Y,108384,4880.0,0.04502509595512253,0.019830896904430483,16180.264056604397,30663.0,0.2829107617360496,0.021242659970765316,16952.53533367685,7123.0,0.0657200324771184,0.01859843019412497,15197.970474587193,17351.0,0.1600882049010924,0.01971271706122367,15964.983953125458,10747.0,0.09915670209625037,0.020323912059913428,16680.42862819112,24325.0,0.2244334957189253,0.02223262872477665,17748.81540794184,18079.0,0.16680506347800414,0.02057329344019074,16795.47314665916,42928.0,0.3960732211396516,0.02361261127396588,18757.261513226167,8491.0,0.07834182167109537,0.02085021445101272,17195.39485008961,12585.0,0.11611492471213464,0.020495313801136873,16320.184248850068,10120.0,0.09337171538234426,0.01939086740884387,15956.935196237191,28641.0,0.26425487156775906,0.020449412905988538,16084.18744836982
TAT,Y,139523,4486.0,0.03215240497982411,0.014161236414019188,14873.90667170642,33392.0,0.2393297162475004,0.017970330120876326,18461.307108310906,7659.0,0.05489417515391728,0.015534768413567964,16341.605484327292,19597.0,0.1404571289321474,0.017295413135414207,18031.57112151459,9112.0,0.06530822875081528,0.01338607143904267,14142.743617761002,29225.0,0.2094636726561212,0.020749701601243647,21324.116353426525,14213.0,0.10186850913469464,0.01256419132036231,13203.94158047827,47814.0,0.3426961862918659,0.020430444170643085,20892.184634583395,7586.0,0.05437096392709446,0.014470511836546443,15362.650492613331,16801.0,0.1204174222171255,0.021254742760954133,21787.478392127927,8871.0,0.063580914974592,0.013204095982994197,13987.546652749023,38854.0,0.2784773836571748,0.021550024677311357,21819.594955447123
TCA,S,157451,3511.0,0.022299000959028523,0.009821393596385676,11641.169488265994,21951.0,0.13941480206540446,0.010468110923012532,12135.965271158742,6886.0,0.04373424112898616,0.012376564649654942,14692.296039310319,13233.0,0.08404519501305167,0.010349039460285364,12175.934104761063,7870.0,0.04998380448520492,0.010245060851167883,12215.034270388396,17976.0,0.11416885253189882,0.011309691996485013,13116.246897149536,11914.0,0.0756679855955186,0.009332688344260069,11068.160134371217,27897.0,0.17717893185816538,0.010562837931495074,12189.51091209631,6117.0,0.03885018196137211,0.010339747124546902,12387.731751030286,9558.0,0.06070460016132003,0.010714900195330158,12394.781172070634,8818.0,0.0560047252796108,0.011630719192838224,13903.977723361615,22784.0,0.14470533689846365,0.011198049694906353,12795.018568613455
TCC,S,79824,2610.0,0.032696933253156944,0.014401068974526643,8653.788767978993,16065.0,0.20125526157546603,0.015111468587270402,8881.79500164754,4069.0,0.050974644217278015,0.014425561376213274,8681.811295956097,10299.0,0.1290213469633193,0.015887249839032506,9476.305096722905,6258.0,0.0783974744437763,0.01606894282111136,9713.047581205921,13029.0,0.16322158749248347,0.016168909827674317,9506.652248718365,10750.0,0.13467127680897975,0.016609997550354014,9986.798845433152,21164.0,0.2651332932451393,0.015806394007577933,9247.546651740557,4700.0,0.05887953497694929,0.01567044146866252,9518.119867556374,6093.0,0.07633042693926638,0.013472997175629447,7901.38121797723,6261.0,0.07843505712567649,0.016288913475575713,9872.171073482317,13868.0,0.1737322108639006,0.013444299792653765,7787.979174400079
TCG,S,91269,2663.0,0.029177486331613142,0.01285096036106993,8829.517045642935,13081.0,0.14332358193910308,0.010761605879683776,7232.042353971459,4789.0,0.05247126625688898,0.014849097693551288,10218.0374284428,9414.0,0.103145646385958,0.012701004078093344,8661.99982333716,5921.0,0.06487416318793895,0.013297102058843114,9189.989569881793,11114.0,0.12177190502799418,0.01206285873204382,8109.366266962613,8398.0,0.09201371769165873,0.011348727521350034,7801.780158506755,17108.0,0.18744590167526762,0.011174921643075507,7475.289553863988,4703.0,0.05152899670205656,0.01371413899709979,9524.195263216518,5958.0,0.0652795582289715,0.01152242086036109,7726.313687298267,6266.0,0.06865419802999924,0.014257684413410222,9880.05493474528,15315.0,0.16780067711928476,0.01298528693892724,8600.584154595992
TCT,S,127125,3740.0,0.029419862340216322,0.012957712685229501,12400.448272889436,25275.0,0.19882005899705016,0.014928618772665318,13973.69241622419,6683.0,0.052570304818092425,0.014877125095511416,14259.16561584532,14371.0,0.11304621435594887,0.013920126344211728,13223.029473250303,8302.0,0.06530580137659783,0.013385573905955253,12885.54186947452,20650.0,0.1624385447394297,0.016091340752040106,15067.339698828322,13438.0,0.10570698131760078,0.013037618283155625,12483.963059063322,30350.0,0.23874139626352014,0.014232994012454812,13261.341942937343,6005.0,0.0472369714847591,0.012571841762992657,12160.916979718304,10101.0,0.07945722713864307,0.014024905136113925,13098.941684357133,9200.0,0.07236971484759096,0.015029300246644384,14506.304723851992,24582.0,0.19336873156342183,0.014963875637894279,13804.73781836622
TGC,C,71005,2089.0,0.029420463347651575,0.01295797739352683,6926.346642263646,13027.0,0.18346595310189423,0.013775739155486869,7202.187580856677,3528.0,0.049686641785789736,0.014061063331872861,7527.50804918484,7681.0,0.10817548059995775,0.013320360755786737,7067.4336778258685,4616.0,0.06500950637279065,0.013324843027720483,7164.497864309129,9867.0,0.13896204492641362,0.013765732881307013,7199.48865899947,8051.0,0.1133863812407577,0.013984775070662371,7479.41558182161,16569.0,0.23334976410111963,0.013911562247851653,7239.775112109681,3756.0,0.05289768326174213,0.01407840686421006,7606.395366498244,5719.0,0.08054362368847265,0.014216663760222154,7416.379318170324,4801.0,0.06761495669319062,0.014041861121685028,7570.08358469711,11761.0,0.16563622280121118,0.012817790234689238,6604.731977943419
TGG,W,85895,2540.0,0.02957098783398335,0.013024274544187276,8421.694816347372,13973.0,0.16267535945049189,0.012214654985987722,7725.198976534149,3941.0,0.04588159962745212,0.01298425602822182,8408.70442795846,8524.0,0.09923744106176145,0.012219760967018092,7843.093955186526,5503.0,0.06406659293323244,0.013131576315329326,8541.211383729016,10399.0,0.12106641830141451,0.011992972441621525,7587.6641902235215,8928.0,0.10394085802433203,0.012819789327569001,8294.152566700202,17376.0,0.2022934978753129,0.012060087563699227,7592.391354216778,3941.0,0.04588159962745212,0.01221111752550477,7981.044765540357,5247.0,0.061086209907445135,0.010782257699249625,6804.291359055725,5298.0,0.0616799580883637,0.012809316870499153,8353.739394235636,11078.0,0.12897141859246755,0.00998047746942742,6221.173442025099
TGT,C,88230,2196.0,0.024889493369602177,0.010962352584613023,7281.118825471979,14580.0,0.1652499149948997,0.012407968268487482,8060.788740991045,4491.0,0.05090105406324379,0.014404735742214129,9582.210501385804,9667.0,0.1095659072877706,0.013491573169019576,8894.789918440656,4817.0,0.05459594242321206,0.011190399732742003,7476.470149995033,12680.0,0.1437152895840417,0.014236594520620515,9252.003263009352,6547.0,0.07420378556046696,0.009152097801334332,6082.192748004731,19276.0,0.21847444179984132,0.013024743386267485,8422.590685076118,4057.0,0.045982092258868866,0.012237863047514489,8215.960064399194,7839.0,0.08884733083985039,0.015682341701297765,10165.587948091828,5263.0,0.05965091238807662,0.012387937055641523,8298.552365394893,17322.0,0.19632777966678,0.015192862131559496,9727.673439497992
TTA,L,74175,1249.0,0.01683855746545332,0.007416390571372948,4141.2192226842,6616.0,0.08919447253117627,0.006697263262891673,3657.7625727295444,2792.0,0.0376407145264577,0.010652128052752362,5957.143558198433,4783.0,0.06448264239973037,0.007940173267426498,4400.928952094927,2930.0,0.03950117964273677,0.008096462310157685,4547.655706764676,6511.0,0.0877789012470509,0.008695474421245011,4750.77233796955,3691.0,0.049760701044826425,0.006137352686058096,3428.9557710226763,10199.0,0.13749915739804516,0.008197257428300436,4456.422618649685,1877.0,0.025305021907650826,0.006734782549188043,3801.1725513624074,3084.0,0.04157735085945399,0.00733877109249354,3999.320478621661,3028.0,0.04082237950792046,0.008477742377444546,4774.4663808504165,9528.0,0.12845298281092013,0.009940358219026453,5350.725812927888
TTC,F,183447,7967.0,0.04342943738518482,0.019128103497246068,26415.60732355886,54411.0,0.29660337863252056,0.022270784892761256,30082.001110155266,12523.0,0.06826494845922801,0.019318628289883028,26719.666468237458,32336.0,0.17626889510321783,0.021705152219122274,29752.9664635044,18481.0,0.10074299388924321,0.02064905049453839,28684.377172941295,41447.0,0.2259344660855724,0.02238131649877251,30241.93842602119,34957.0,0.19055640048624398,0.023502720255413383,32475.211836261093,61885.0,0.33734539131193203,0.02011144698748508,27040.466100121164,14154.0,0.07715579976778034,0.020534561706409254,28663.716724551683,21879.0,0.11926605504587157,0.0210515162460709,28372.611138704062,17871.0,0.09741778279285025,0.0202311299697607,28178.49692608249,55749.0,0.30389703838165794,0.023517129436079556,31307.474112606724
TTG,L,154806,6582.0,0.042517731870857715,0.018726551036817283,21823.46270913323,26814.0,0.17321034068446958,0.013005685425333733,14824.553449995467,8914.0,0.057581747477487955,0.01629533751810994,19019.332979147865,18161.0,0.11731457437050244,0.01444571767890325,16710.280305037835,12564.0,0.08115964497500097,0.016635098308176686,19500.596006754746,23331.0,0.1507112127436921,0.014929618356912604,17023.540073286375,20046.0,0.1294911049959304,0.015971088919174942,18622.825084237487,39032.0,0.25213493017066524,0.0150314734169046,17054.91593794828,9298.0,0.060062271488185215,0.01598521982551314,18829.67628266791,11315.0,0.07309148224229035,0.012901294716934967,14673.252663944259,12264.0,0.07922173559164374,0.016452286053282986,19337.53490579574,32363.0,0.2090552045786339,0.016177776300628006,18174.384916434217
TTT,F,177043,3626.0,0.020480900120309755,0.009020627500730337,12022.46669451794,28167.0,0.15909694255067977,0.011945965689865189,15572.581376371383,7470.0,0.042193139519777684,0.01194044084355523,15938.346124549533,17609.0,0.09946171269126709,0.01224737701268514,16202.374642993847,8235.0,0.046514123687465755,0.009533888677039195,12781.551107579218,23984.0,0.13546991408866774,0.01341979856287898,17500.00364826627,12075.0,0.06820376970566473,0.008412071783821256,11217.729865916775,34168.0,0.19299266279943292,0.011505601697328106,14929.605650948371,6275.0,0.0354433668656767,0.009433043350942864,12707.702589131117,13300.0,0.07512299271928288,0.01325987432949969,17247.3937631868,8572.0,0.048417616059375404,0.010055074702388813,13516.091749223833,35772.0,0.20205260868828476,0.01563587910143556,20088.80812133254
