AA,Transcriptome,BWM_day0_rep1,BWM_day0_rep2,BWM_day0_rep3,BWM_day10_rep1,BWM_day10_rep2,BWM_day10_rep3,BWM_day5_rep1,BWM_day5_rep2,BWM_day5_rep3,control_day0_rep1,control_day0_rep2,control_day0_rep3,control_day10_rep1,control_day10_rep2,control_day10_rep3,control_day5_rep1,control_day5_rep2,control_day5_rep3
*,55,5,8,33,5,84,20,32,63,35,32,14,91,5,9,18,32,115,19
A,523393,93638,21701,123971,93638,31478,71055,92483,45285,82115,83732,77273,147899,93638,35181,48435,92483,44854,106746
C,171495,23931,4794,31364,23931,8556,19136,24273,10307,25156,21832,16398,40327,23931,8398,14887,24273,10850,32067
D,438464,122891,22685,165772,122891,37612,104667,138352,46715,123578,118199,79981,196706,122891,39058,78711,138352,45864,169147
E,538906,94014,24103,136654,94014,40905,90537,105955,51701,103249,91037,82641,192380,94014,39263,67850,105955,54674,144778
F,394445,75402,13321,95775,75402,21980,56303,76405,30321,73997,64735,55281,109110,75402,22761,39398,76405,29313,102303
G,442340,97513,23796,162361,97513,33082,85049,104117,47179,92072,92413,82701,188536,97513,38029,59640,104117,43553,123397
H,188227,36336,7928,48006,36336,11105,27956,37780,17132,38265,33168,30071,59952,36336,13011,19148,37780,15761,43062
I,512735,91856,19314,123204,91856,28104,68361,93933,42475,96470,81011,79024,150418,91856,30108,47248,93933,39053,134716
K,523189,100695,31195,162692,100695,37897,89032,114264,61940,114109,95423,116566,205281,100695,44613,60378,114264,54468,142010
L,713645,124058,27245,134260,124058,38413,83654,119948,57972,109852,104845,96480,169219,124058,40511,51964,119948,54508,138909
M,218941,46307,11815,49423,46307,15895,33566,49727,22614,38905,42841,37871,67553,46307,17996,21879,49727,20522,49538
N,402611,84001,17380,118716,84001,26394,70117,91946,38291,95879,77752,63862,151173,84001,29152,53651,91946,35770,128595
P,404262,71498,14490,89280,71498,21271,54757,72000,31264,62942,62969,56199,116351,71498,26398,37168,72000,30775,74836
Q,337312,49514,11855,74879,49514,18739,41985,53311,26174,55416,44839,43306,92013,49514,19177,29319,53311,26081,58957
R,424800,79169,20566,118306,79169,28606,66739,85509,42675,80644,73434,77060,135210,79169,33638,46278,85509,40533,97490
S,666748,93325,19521,119898,93325,32868,72037,94042,42655,94925,82785,68143,149672,93325,32606,49839,94042,44532,118207
T,486590,81362,17907,96595,81362,26122,59185,84160,36723,74453,74084,63038,125113,81362,28724,41556,84160,35577,94819
V,514509,99918,20694,137104,99918,33011,81620,104100,45596,101103,91355,78967,167273,99918,32560,55761,104100,45243,143986
W,91513,12768,2826,15371,12768,4218,9333,13333,6102,11250,11439,10133,18951,12768,4323,5647,13333,5692,12026
Y,265126,53739,10453,71591,53739,15944,41078,56689,21831,60137,47918,36442,101481,53739,17548,32270,56689,20507,74486
