Codon,Transcriptome,BWM_day0_rep1,BWM_day0_rep2,BWM_day0_rep3,BWM_day10_rep1,BWM_day10_rep2,BWM_day10_rep3,BWM_day5_rep1,BWM_day5_rep2,BWM_day5_rep3,control_day0_rep1,control_day0_rep2,control_day0_rep3,control_day10_rep1,control_day10_rep2,control_day10_rep3,control_day5_rep1,control_day5_rep2,control_day5_rep3
AAA,312370,45157,11710,63971,45157,16699,38266,52699,23343,48104,43299,37643,83752,45157,17634,27219,52699,22097,64796
AAC,150218,36664,8162,56420,36664,11507,30337,38795,18545,41122,33296,34361,69112,36664,13464,22105,38795,17441,51312
AAG,210819,55538,19485,98721,55538,21198,50766,61565,38597,66005,52124,78923,121529,55538,26979,33159,61565,32371,77214
AAT,252393,47337,9218,62296,47337,14887,39780,53151,19746,54757,44456,29501,82061,47337,15688,31546,53151,18329,77283
ACA,168437,22874,4206,23455,22874,7248,13927,23853,8973,18004,20105,13962,29208,22874,6966,10190,23853,9153,23258
ACC,85256,19257,4938,27231,19257,5986,16451,20208,10349,20107,18108,20972,38291,19257,7954,11167,20208,9329,24259
ACG,73706,9661,2456,10205,9661,3871,7624,10243,4903,8474,8945,7267,13440,9661,3789,5210,10243,4978,12070
ACT,159191,29570,6307,35704,29570,9017,21183,29856,12498,27868,26926,20837,44174,29570,10015,14989,29856,12117,35232
AGA,126497,20709,6253,32151,20709,8160,16749,23093,12236,22555,19535,21871,39716,20709,9234,12424,23093,11057,26746
AGC,68643,9069,2368,13824,9069,3696,8155,9805,5168,10485,8562,8095,17941,9069,3833,5932,9805,5210,13963
AGG,31293,3172,933,3567,3172,1326,2602,3651,1706,2687,3192,2374,4402,3172,1397,1840,3651,1593,3252
AGT,100255,11836,3042,17292,11836,4827,10453,13306,5739,13667,11992,8183,21881,11836,4751,8260,13306,5867,18310
ATA,82043,6989,1263,6445,6989,2321,4213,6909,2946,5449,5726,4168,8349,6989,2110,2797,6909,2632,7796
ATC,156883,36694,8968,55120,36694,11937,30450,37458,20086,40986,32504,40981,67400,36694,14341,19944,37458,18142,56710
ATG,218941,46307,11815,49423,46307,15895,33566,49727,22614,38905,42841,37871,67553,46307,17996,21879,49727,20522,49538
ATT,273809,48173,9083,61639,48173,13846,33698,49566,19443,50035,42781,33875,74669,48173,13657,24507,49566,18279,70210
CAA,221763,33377,7804,52303,33377,12363,27957,35648,17213,38822,29767,28857,64287,33377,12051,19759,35648,17502,40132
CAC,73584,14728,3613,20195,14728,4529,11280,14813,7771,15104,13410,14486,25217,14728,5868,7290,14813,7086,15812
CAG,115549,16137,4051,22576,16137,6376,14028,17663,8961,16594,15072,14449,27726,16137,7126,9560,17663,8579,18825
CAT,114643,21608,4315,27811,21608,6576,16676,22967,9361,23161,19758,15585,34735,21608,7143,11858,22967,8675,27250
CCA,213076,49159,9704,62241,49159,13159,33628,48000,21025,41115,42121,40204,82827,49159,16931,22639,48000,19940,47100
CCC,36777,3300,685,4403,3300,1170,3382,3600,1562,3488,3107,2658,5722,3300,1367,2245,3600,1721,3901
CCG,80552,9910,2365,11749,9910,3772,9538,10986,4926,9269,9237,7582,14836,9910,4680,6519,10986,5060,12102
CCT,73857,9129,1736,10887,9129,3170,8209,9414,3751,9070,8504,5755,12966,9129,3420,5765,9414,4054,11733
CGA,98569,13255,2306,20644,13255,4600,11048,14549,5465,12591,12091,9151,17626,13255,4451,8470,14549,6216,15316
CGC,40411,10052,2933,15488,10052,3725,9296,10195,6581,10716,9165,12293,19057,10052,5095,5719,10195,6176,12107
CGG,38627,4201,707,4610,4201,1483,3589,4586,1807,3461,4082,2147,4988,4201,1510,2251,4586,1831,3954
CGT,89403,27780,7434,41846,27780,9312,23455,29435,14880,28634,25369,29224,49421,27780,11951,15574,29435,13660,36115
CTA,67752,6240,1279,7072,6240,2091,3724,5904,2713,5239,5106,4010,7634,6240,2089,2782,5904,2741,6679
CTC,120436,26905,6137,29905,26905,8222,19365,24857,14061,23589,22214,25047,37243,26905,9883,10846,24857,12696,27520
CTG,101921,12544,2798,12285,12544,4030,8001,12218,5952,9801,10496,8858,13997,12544,4114,4713,12218,5541,11624
CTT,174066,38208,8375,46655,38208,11426,26938,37228,18142,37954,33001,31739,55576,38208,12182,17432,37228,16955,46911
GAA,338701,50519,11582,71345,50519,20792,43245,54842,24787,54198,46972,39109,96190,50519,18665,33781,54842,26528,75511
GAC,140459,39306,7525,52152,39306,10909,30926,42010,15586,36451,36464,29382,61550,39306,12135,21507,42010,15262,44727
GAG,200205,43495,12521,65309,43495,20113,47292,51113,26914,49051,44065,43532,96190,43495,20598,34069,51113,28146,69267
GAT,298005,83585,15160,113620,83585,26703,73741,96342,31129,87127,81735,50599,135156,83585,26923,57204,96342,30602,124420
GCA,167108,21027,4491,28959,21027,8028,15729,21501,9261,18000,18409,15243,32047,21027,7727,11859,21501,10343,24064
GCC,102595,24017,6012,33488,24017,7559,19413,24187,12884,21722,21997,24463,43479,24017,9556,12235,24187,11870,26170
GCG,68803,7594,1919,9331,7594,3225,6348,8178,4270,6543,7208,5814,11100,7594,3402,4129,8178,4537,9241
GCT,184887,41000,9279,52193,41000,12666,29565,38617,18870,35850,36118,31753,61273,41000,14496,20212,38617,18104,47271
GGA,260008,69783,16673,118458,69783,22765,60136,74443,33116,66189,65563,59185,141901,69783,26932,42830,74443,30205,87053
GGC,55537,7097,1920,10268,7097,2741,6477,7560,3915,6341,6786,6195,10794,7097,3042,3949,7560,3701,8499
GGG,37137,3125,630,4753,3125,1256,3129,3587,1449,2995,3264,1957,5518,3125,1172,2050,3587,1437,3821
GGT,89658,17508,4573,28882,17508,6320,15307,18527,8699,16547,16800,15364,30323,17508,6883,10811,18527,8210,24024
GTA,82475,10987,1934,12718,10987,3643,7193,10957,4057,9311,9520,6447,15731,10987,3136,5500,10957,4377,13045
GTC,110762,29241,6035,42187,29241,9123,25782,30157,14302,29877,26251,26968,51386,29241,9720,15863,30157,13749,40679
GTG,121243,17400,4131,20922,17400,6425,13526,18953,8211,15428,16384,13300,26816,17400,6384,9475,18953,8348,21954
GTT,200029,42290,8594,61277,42290,13820,35119,44033,19026,46487,39200,32252,73340,42290,13320,24923,44033,18769,68308
TAC,115705,23922,5428,33719,23922,7667,18972,24138,11763,26463,20653,20140,46894,23922,9259,13666,24138,10889,31254
TAT,149421,29817,5025,37872,29817,8277,22106,32551,10068,33674,27265,16302,54587,29817,8289,18604,32551,9618,43232
TCA,170982,22975,3885,25115,22975,7405,14683,22826,8749,20042,19365,13801,31209,22975,6765,10566,22826,9550,25064
TCC,87774,13135,3024,18828,13135,4452,11770,13201,7145,14843,11776,12582,24291,13135,5407,6944,13201,6953,15855
TCG,100073,13229,3002,15426,13229,5299,10831,13484,6708,12780,11701,10114,19996,13229,5256,6723,13484,6968,17436
TCT,139021,23081,4200,29413,23081,7189,16145,21420,9146,23108,19389,15368,34354,23081,6594,11414,21420,9984,27579
TGA,55,5,8,33,5,84,20,32,63,35,32,14,91,5,9,18,32,115,19
TGC,76658,10826,2381,15110,10826,3834,8801,10900,5143,11427,9689,9184,19036,10826,4088,6439,10900,5268,13453
TGG,91513,12768,2826,15371,12768,4218,9333,13333,6102,11250,11439,10133,18951,12768,4323,5647,13333,5692,12026
TGT,94837,13105,2413,16254,13105,4722,10335,13373,5164,13729,12143,7214,21291,13105,4310,8448,13373,5582,18614
TTA,82396,9721,1415,7727,9721,3026,5406,9248,3284,7411,7926,4258,11636,9721,2092,3515,9248,3338,10594
TTC,198967,45829,9269,63633,45829,13775,36608,46243,21096,46987,39254,41507,70759,45829,15857,24536,46243,19832,62759
TTG,167074,30440,7241,30616,30440,9618,20220,30493,13820,25858,26102,22568,43133,30440,10151,12676,30493,13237,35581
TTT,195478,29573,4052,32142,29573,8205,19695,30162,9225,27010,25481,13774,38351,29573,6904,14862,30162,9481,39544
