site,amino_acid,median_day_5,median_day_0,log2_FC,U_stat,p_value,p_adj
A,D,0.0782434903512303,0.06706482011849732,0.22241455167076726,13.0,0.2,0.8
A,I,0.06326432309687076,0.05553251390149994,0.18805943740528233,14.0,0.11428571428571428,0.8
A,N,0.03848986126064283,0.02507968868144784,0.6179590310386363,13.0,0.2,0.8
A,W,0.008720400826219443,0.013885909339634891,-0.6711553033449824,3.0,0.2,0.8
A,Y,0.03615200049159463,0.04810086380932416,-0.41198732082644834,2.0,0.11428571428571428,0.8
A,E,0.0971476458530564,0.0926255387927769,0.06876900643542441,12.0,0.34285714285714286,0.8571428571428572
A,L,0.070026956045987,0.07489763456895772,-0.09700977862662186,4.0,0.34285714285714286,0.8571428571428572
A,Q,0.03825860060976327,0.03680721083265,0.05579567529845112,12.0,0.34285714285714286,0.8571428571428572
A,A,0.04744828259172522,0.05613473232740778,-0.2425378186676151,5.0,0.4857142857142857,0.8831168831168831
A,P,0.04171486408328513,0.04392310901697356,-0.07441863171049441,5.0,0.4857142857142857,0.8831168831168831
A,T,0.043273725183031714,0.041712716979318776,0.053004033348631636,11.0,0.4857142857142857,0.8831168831168831
A,C,0.011584217422584722,0.013074393325399123,-0.17458341893219237,6.0,0.6857142857142857,0.9142857142857143
A,G,0.07303650857424468,0.07609205040925643,-0.0591279378263743,6.0,0.6857142857142857,0.9142857142857143
A,H,0.019152379052987827,0.02172261732467619,-0.18167433104091543,6.0,0.6857142857142857,0.9142857142857143
A,M,0.022143793447723874,0.020820024730480752,0.08893060871527943,10.0,0.6857142857142857,0.9142857142857143
A,F,0.03635267800751746,0.035492845593744785,0.03453340238669236,9.0,0.8857142857142857,0.9323308270676691
A,K,0.0994387766389492,0.09988013236878414,-0.0063891857181701695,9.0,0.8857142857142857,0.9323308270676691
A,S,0.04654597108785846,0.04795518572519155,-0.043030535424993674,7.0,0.8857142857142857,0.9323308270676691
A,V,0.06782758192903109,0.06392066113021888,0.08558973116199901,9.0,0.8857142857142857,0.9323308270676691
A,R,0.06211495508617512,0.06228692781807012,-0.00398875579251858,8.0,1.0,1.0
E,A,0.04616010495415285,0.04920890625276965,-0.0922729463621445,5.0,0.4857142857142857,1.0
E,C,0.007178414807827098,0.006553666751568413,0.13136297740558137,11.0,0.4857142857142857,1.0
E,D,0.06435279316858852,0.06410297696723306,0.005611410819728958,8.0,1.0,1.0
E,E,0.10153613326908559,0.08767902261040922,0.21168960380030682,12.0,0.34285714285714286,1.0
E,F,0.030851597568687557,0.032350429174022366,-0.06843965425685958,7.0,0.8857142857142857,1.0
E,G,0.07146216775047678,0.06928137848859878,0.0447120420519448,8.0,1.0,1.0
E,H,0.0201427094562908,0.019860415584112792,0.020361945703732103,9.0,0.8857142857142857,1.0
E,I,0.06072823257794763,0.059263685621820744,0.03521903128233684,10.0,0.6857142857142857,1.0
E,K,0.1253948632615587,0.14410158205015217,-0.2006079244739101,7.0,0.8857142857142857,1.0
E,L,0.06350722010266101,0.06313449029686578,0.008492257304555986,10.0,0.6857142857142857,1.0
E,M,0.021128495497424793,0.023770885165734702,-0.1700055859306015,5.0,0.4857142857142857,1.0
E,N,0.056932902084972835,0.055371358320846276,0.04012272800441039,12.0,0.34285714285714286,1.0
E,P,0.03391365195699256,0.048309461283399704,-0.5104396169644155,3.0,0.2,1.0
E,Q,0.04754149077336337,0.03403761078731639,0.4820573699956753,14.0,0.11428571428571428,1.0
E,R,0.05813868952246392,0.05884156209262799,-0.01733699424259425,7.0,0.8857142857142857,1.0
E,S,0.049257407755240554,0.03999658377488015,0.30046392538805555,13.0,0.2,1.0
E,T,0.04499837740532879,0.04361665544538771,0.04499383290876091,8.0,1.0,1.0
E,V,0.06720517403218007,0.0668804033695589,0.006988759712028601,7.0,0.8857142857142857,1.0
E,W,0.008228310111870663,0.00908357634453514,-0.1426642529597741,4.0,0.34285714285714286,1.0
E,Y,0.023841468695455708,0.022390269420198783,0.09060122412128668,10.0,0.6857142857142857,1.0
P,C,0.013088352677256828,0.011013554939581102,0.24900331348810228,16.0,0.02857142857142857,0.5714285714285714
P,H,0.021654647494663306,0.023928353446627592,-0.14404443815622192,1.0,0.05714285714285714,0.5714285714285714
P,E,0.08137189621301644,0.06759610325939477,0.26759052901335184,12.0,0.34285714285714286,0.8831168831168831
P,F,0.044933819416131754,0.04232832775328342,0.08617820362314171,12.0,0.34285714285714286,0.8831168831168831
P,G,0.07658026292085826,0.0875658045913383,-0.19339497817923876,4.0,0.34285714285714286,0.8831168831168831
P,K,0.08562538564515072,0.09779560671583601,-0.19173107558663002,3.0,0.2,0.8831168831168831
P,N,0.05977763918901588,0.05674827714370581,0.0750293280887969,11.0,0.4857142857142857,0.8831168831168831
P,Q,0.03269041519235004,0.029142876621117246,0.16572441122842965,11.0,0.4857142857142857,0.8831168831168831
P,S,0.047702804669084706,0.04293162315283738,0.152033372425343,13.0,0.2,0.8831168831168831
P,V,0.06670759496471317,0.06380170962884686,0.06425594526403823,11.0,0.4857142857142857,0.8831168831168831
P,W,0.005765028304276102,0.006863204341845267,-0.2515546184269068,5.0,0.4857142857142857,0.8831168831168831
P,I,0.06361782451083572,0.061713190443009935,0.043852157171567895,10.0,0.6857142857142857,0.9142857142857143
P,L,0.0680276212380346,0.06782833737642695,0.004232512846903446,10.0,0.6857142857142857,0.9142857142857143
P,M,0.017038028890016692,0.02222357519591757,-0.38333248606504566,6.0,0.6857142857142857,0.9142857142857143
P,R,0.06340646698713998,0.06556530030592819,-0.04830249476150343,6.0,0.6857142857142857,0.9142857142857143
P,A,0.05048266995892507,0.049751886474084864,0.021036984209562733,8.0,1.0,1.0
P,D,0.08193331387330463,0.08016045553203816,0.03155946018605897,9.0,0.8857142857142857,1.0
P,P,0.03813156393505833,0.03883026042115756,-0.026195679696314075,7.0,0.8857142857142857,1.0
P,T,0.04711909818682899,0.04890919905853851,-0.053793911495623056,8.0,1.0,1.0
P,Y,0.03334843644669144,0.03144664746332126,0.08471290258093882,8.0,1.0,1.0
