site,codon,median_day_10,median_day_0,log2_FC,U_stat,p_value,p_adj
A,AAC,0.024816731892279453,0.01642547708108862,0.5953778654082359,14.0,0.11428571428571428,0.4979591836734693
A,ACC,0.021789352474537994,0.01776302190043067,0.2947462854491143,14.0,0.11428571428571428,0.4979591836734693
A,ATC,0.044717217766899714,0.031227373639670174,0.5180191913943398,14.0,0.11428571428571428,0.4979591836734693
A,CAA,0.016802296554256878,0.02414678139841149,-0.5231724650034141,2.0,0.11428571428571428,0.4979591836734693
A,CCG,0.0022834434893095274,0.0028980215308116054,-0.34385722709627015,2.0,0.11428571428571428,0.4979591836734693
A,CGC,0.02012336214245642,0.012912777178167922,0.6400720483545741,14.0,0.11428571428571428,0.4979591836734693
A,CGT,0.02995152418459382,0.024739273841275517,0.2758262670211333,15.0,0.05714285714285714,0.4979591836734693
A,CTG,0.002945331877238131,0.005128725994445105,-0.8001702917025156,2.0,0.11428571428571428,0.4979591836734693
A,GCA,0.004287713332611238,0.008973115315250586,-1.06540049815249,1.0,0.05714285714285714,0.4979591836734693
A,GGC,0.0028621493398498623,0.004456263797803648,-0.6387356882637569,2.0,0.11428571428571428,0.4979591836734693
A,GGT,0.006289026911807083,0.008558229291225575,-0.44447552288346015,2.0,0.11428571428571428,0.4979591836734693
A,GTG,0.006446512388533689,0.012037826556514142,-0.9009841674695612,2.0,0.11428571428571428,0.4979591836734693
A,TTA,0.0007161140223866881,0.0016462546819038496,-1.2009263212133467,2.0,0.11428571428571428,0.4979591836734693
A,TTC,0.03410015186448647,0.029281066467530488,0.21981006423379157,14.0,0.11428571428571428,0.4979591836734693
A,AGC,0.004223618272799515,0.005618573699008625,-0.4117244911181361,3.0,0.2,0.580952380952381
A,CGA,0.0014413179984569492,0.003027238710474337,-1.0706137693027198,3.0,0.2,0.580952380952381
A,CTA,0.0006549220873439735,0.001214989278199313,-0.8915483905871214,3.0,0.2,0.580952380952381
A,CTT,0.019097633931944295,0.024019851132695863,-0.3308333005658878,3.0,0.2,0.580952380952381
A,GAC,0.033344748271439205,0.029123336425394743,0.1952839149091898,13.0,0.2,0.580952380952381
A,GGA,0.07876282990928475,0.06332789772600222,0.31467375992546054,13.0,0.2,0.580952380952381
A,TTG,0.014569869610268266,0.021528307684159594,-0.5632469489528239,3.0,0.2,0.580952380952381
A,ACG,0.0025647957864749,0.003479953240099949,-0.4402239603035784,4.0,0.34285714285714286,0.7211822660098522
A,CAT,0.008417421630902058,0.01033426108572924,-0.2959849484771982,4.0,0.34285714285714286,0.7211822660098522
A,CTC,0.020075224970127675,0.02634596161845365,-0.3921656833524865,4.0,0.34285714285714286,0.7211822660098522
A,GAG,0.06382458043724373,0.0584996006497286,0.12568537273504932,12.0,0.34285714285714286,0.7211822660098522
A,GAT,0.041200240375496876,0.03427527844391602,0.26548436843033374,12.0,0.34285714285714286,0.7211822660098522
A,GCG,0.0012508696439589915,0.002302661107032212,-0.8803706481264563,4.0,0.34285714285714286,0.7211822660098522
A,GTA,0.0022219924646820722,0.003238530353916243,-0.5434853419515208,4.0,0.34285714285714286,0.7211822660098522
A,GTC,0.029387571437802303,0.02489756357888595,0.23920157068857703,12.0,0.34285714285714286,0.7211822660098522
A,ATA,0.0010210645987429178,0.0016723999204959808,-0.7118457371641032,5.0,0.4857142857142857,0.8007722007722008
A,ATT,0.0192863913182724,0.017644198328658482,0.12838934342210348,11.0,0.4857142857142857,0.8007722007722008
A,CCC,0.0017052170647824708,0.001972397871498489,-0.2099952029693368,5.0,0.4857142857142857,0.8007722007722008
A,CCT,0.001459963289850807,0.0022366406830787557,-0.6154014120546447,5.0,0.4857142857142857,0.8007722007722008
A,GGG,0.0010313927993757406,0.0008974281476816884,0.2007255388499626,11.0,0.4857142857142857,0.8007722007722008
A,TAT,0.0066089951811767085,0.011082549542016156,-0.7457869627982321,5.0,0.4857142857142857,0.8007722007722008
A,TCG,0.007106150538149628,0.008800368230838244,-0.3084956398743466,5.0,0.4857142857142857,0.8007722007722008
A,TGG,0.009844908077742319,0.013885909339634891,-0.4961720164952691,5.0,0.4857142857142857,0.8007722007722008
A,AAA,0.010063471432202743,0.013564630850323407,-0.4307217323961946,6.0,0.6857142857142857,0.9157384987893461
A,AAG,0.08597839127260523,0.08684187451455402,-0.01441675085820602,9.0,0.8857142857142857,0.9157384987893461
A,AAT,0.010759890243167466,0.008888667153164885,0.27562435198911894,9.0,0.8857142857142857,0.9157384987893461
A,ACA,0.005659957747798316,0.006740405600114784,-0.2520441241600441,6.0,0.6857142857142857,0.9157384987893461
A,ACT,0.012395334786729762,0.013047930577275909,-0.07402377335712895,7.0,0.8857142857142857,0.9157384987893461
A,AGG,0.0009159158259846444,0.0011591384147402847,-0.33976592763799934,6.0,0.6857142857142857,0.9157384987893461
A,AGT,0.0022970188438475457,0.0024055824319637402,-0.06662354494816258,7.0,0.8857142857142857,0.9157384987893461
A,ATG,0.02199162588470329,0.020820024730480752,0.07898248715069374,9.0,0.8857142857142857,0.9157384987893461
A,CAC,0.011431258185112368,0.011388356238946946,0.005424675172054154,7.0,0.8857142857142857,0.9157384987893461
A,CAG,0.011512364080288447,0.011841617520561886,-0.040682037796288845,7.0,0.8857142857142857,0.9157384987893461
A,CCA,0.03715200554386664,0.03747841166354399,-0.012619720227283082,7.0,0.8857142857142857,0.9157384987893461
A,CGG,0.0007146188887685396,0.0006092009604252288,0.2302558313830184,7.0,0.8857142857142857,0.9157384987893461
A,GAA,0.02989760478475239,0.034573175136186685,-0.20962319506456567,6.0,0.6857142857142857,0.9157384987893461
A,GCC,0.02079959943698989,0.01957917576804789,0.08723571237058725,7.0,0.8857142857142857,0.9157384987893461
A,GTT,0.024556945695869574,0.022234907642286257,0.14330472253032753,10.0,0.6857142857142857,0.9157384987893461
A,TAC,0.029852155016334522,0.03499587457401521,-0.22934977967484427,6.0,0.6857142857142857,0.9157384987893461
A,TCA,0.005288853436939002,0.00602848830284842,-0.18884128242415726,7.0,0.8857142857142857,0.9157384987893461
A,TCC,0.015498604861158977,0.013710537112697976,0.17685326412280802,10.0,0.6857142857142857,0.9157384987893461
A,TCT,0.009525237306919548,0.009730304374982913,-0.0307298992288145,7.0,0.8857142857142857,0.9157384987893461
A,TGC,0.008334582643554606,0.008969309979723228,-0.10588704339083678,7.0,0.8857142857142857,0.9157384987893461
A,TGT,0.0033081796699123067,0.0028041084857961494,0.23849542492698234,10.0,0.6857142857142857,0.9157384987893461
A,TTT,0.003861247703222775,0.0053459110849458594,-0.4693687346762544,7.0,0.8857142857142857,0.9157384987893461
A,AGA,0.02078901434968817,0.02070835357342004,0.005608502625362402,8.0,1.0,1.0
A,GCT,0.021049077320275413,0.02128664468530836,-0.016191567817059844,8.0,1.0,1.0
E,AAA,0.017436806599545204,0.02412196859504358,-0.4682118032796091,2.0,0.11428571428571428,0.9295238095238095
E,AAC,0.04526971262298209,0.04381878841668263,0.04699655366583844,12.0,0.34285714285714286,0.9295238095238095
E,ACA,0.00502188811039039,0.004371167334975629,0.20021127740900996,10.0,0.6857142857142857,0.9295238095238095
E,ACC,0.025631837456564725,0.02281419167777705,0.1680053650569981,12.0,0.34285714285714286,0.9295238095238095
E,AGA,0.021967843475886296,0.02349213689284449,-0.09678469859206967,6.0,0.6857142857142857,0.9295238095238095
E,AGC,0.0049964616830244085,0.006151767531378518,-0.30009419544497784,5.0,0.4857142857142857,0.9295238095238095
E,AGG,0.0005752911553493722,0.000978893110651959,-0.7668590445616952,2.0,0.11428571428571428,0.9295238095238095
E,AGT,0.0016718475172844756,0.0018008858864809333,-0.10726349665040044,6.0,0.6857142857142857,0.9295238095238095
E,ATA,0.0005062453106564921,0.00019328900572135457,1.3890770598928113,10.0,0.65725516871927,0.9295238095238095
E,ATG,0.018213081159156274,0.023770885165734702,-0.3842206186613921,3.0,0.2,0.9295238095238095
E,ATT,0.01466508376952659,0.017698705149032514,-0.27125850343814106,6.0,0.6857142857142857,0.9295238095238095
E,CAA,0.027551525582990677,0.02142382439159201,0.36291616568103147,10.0,0.6857142857142857,0.9295238095238095
E,CAC,0.013809382924135994,0.013125663347175003,0.07325851802645951,10.0,0.6857142857142857,0.9295238095238095
E,CAG,0.01582295665854102,0.01314931914332326,0.26703110489522786,13.0,0.2,0.9295238095238095
E,CAT,0.005203856103771947,0.006723830289085714,-0.369702241676256,5.0,0.4857142857142857,0.9295238095238095
E,CCA,0.03527517071518366,0.040204933473158344,-0.1887194779087537,6.0,0.6857142857142857,0.9295238095238095
E,CCG,0.001739136935858624,0.0025729679052481874,-0.5650619294726472,5.0,0.4857142857142857,0.9295238095238095
E,CCT,0.0014413179984569492,0.0018751300191579621,-0.379601960831419,4.0,0.34285714285714286,0.9295238095238095
E,CGA,0.001459963289850807,0.0023364494568092094,-0.6783857348571017,3.0,0.2,0.9295238095238095
E,CGC,0.015227009101925999,0.012526858517063668,0.2816079333842728,11.0,0.4857142857142857,0.9295238095238095
E,CGG,0.00023837902264600716,0.00047404756131724123,-0.9917745281380899,5.0,0.4595973861839423,0.9295238095238095
E,CTA,0.000605757578078359,0.0009493785926543935,-0.6482429710697454,5.0,0.4857142857142857,0.9295238095238095
E,CTC,0.03150952085284055,0.022440655392000443,0.4896730050040416,13.0,0.2,0.9295238095238095
E,CTG,0.0034628845458919547,0.004143369888791732,-0.2588303307470114,6.0,0.6857142857142857,0.9295238095238095
E,GAC,0.031002846708707912,0.029848597931025643,0.05473752529879898,11.0,0.4857142857142857,0.9295238095238095
E,GAT,0.02854718632313117,0.032598384278324496,-0.19145190258453718,5.0,0.4857142857142857,0.9295238095238095
E,GCA,0.004322637417617679,0.006191134891075404,-0.5182920645463782,5.0,0.4857142857142857,0.9295238095238095
E,GCC,0.021957258388584575,0.01939770147179263,0.17881221826513125,12.0,0.34285714285714286,0.9295238095238095
E,GCG,0.0011530543987655593,0.002655566862927371,-1.2035592766240153,1.0,0.05714285714285714,0.9295238095238095
E,GCT,0.021695767464946475,0.020061942661224078,0.11295230744805783,13.0,0.2,0.9295238095238095
E,GGA,0.06426255056321405,0.055192441240508,0.21950754271763526,12.0,0.34285714285714286,0.9295238095238095
E,GGC,0.0037576744629011292,0.0043857246662142605,-0.22297515536766505,6.0,0.6857142857142857,0.9295238095238095
E,GGG,0.000734293929753834,0.0008818018931003996,-0.2640969006334099,6.0,0.6857142857142857,0.9295238095238095
E,GGT,0.007240296825270119,0.00785517435582495,-0.11759445471263992,6.0,0.6857142857142857,0.9295238095238095
E,GTC,0.03726339173776641,0.0348507381663548,0.09656978143631065,12.0,0.34285714285714286,0.9295238095238095
E,GTG,0.004441340894179876,0.0067390415722116525,-0.6015481163227062,4.0,0.34285714285714286,0.9295238095238095
E,GTT,0.020828829815685467,0.025889816030429214,-0.3138029240592198,3.0,0.2,0.9295238095238095
E,TAT,0.004258701087428354,0.007071750499384151,-0.7316539028639728,4.0,0.34285714285714286,0.9295238095238095
E,TCC,0.01701804613053348,0.011316639423134787,0.5886198077475604,16.0,0.02857142857142857,0.9295238095238095
E,TCT,0.010890387112487803,0.00909724004660444,0.2595544105778439,11.0,0.4857142857142857,0.9295238095238095
E,TGC,0.0053731110858224376,0.00461220640212477,0.2203005883216132,13.0,0.2,0.9295238095238095
E,TGT,0.002515206849254619,0.0019964440224481887,0.33324443002368903,11.0,0.4857142857142857,0.9295238095238095
E,TTA,0.000258776334326912,0.0006092009604252288,-1.2352125305998927,4.5,0.38363032713198975,0.9295238095238095
E,TTC,0.028342416050059428,0.027871396869837244,0.024177436255809998,10.0,0.6857142857142857,0.9295238095238095
E,TTT,0.0029949529588670877,0.003984589323532919,-0.4118976957201739,6.0,0.6857142857142857,0.9295238095238095
E,AAG,0.1168259525399821,0.11790693051093779,-0.013287721450045111,8.0,1.0,1.0
E,AAT,0.01164493504471104,0.012675818110294721,-0.12237627101243564,8.0,1.0,1.0
E,ACG,0.001811434340288384,0.0015769544632652076,0.19999151193216028,8.0,1.0,1.0
E,ACT,0.014849043256276083,0.014876685665500738,-0.0026831690692441295,9.0,0.8857142857142857,1.0
E,ATC,0.04165768606440286,0.042610239060627955,-0.03261744058985182,8.0,1.0,1.0
E,CCC,0.002049813362934391,0.0019321804986609317,0.08526268440215748,8.0,1.0,1.0
E,CGT,0.021134776137746576,0.018393308200594198,0.20043784657590374,9.0,0.8857142857142857,1.0
E,CTT,0.020786489466478583,0.021578022832627573,-0.05391654981769363,9.0,0.8857142857142857,1.0
E,GAA,0.029174145126373494,0.028650206095553243,0.02614486500646059,9.0,0.8857142857142857,1.0
E,GAG,0.06125405866572965,0.05387399548495274,0.18521637510934166,9.0,0.8857142857142857,1.0
E,GTA,0.0018600784674686747,0.002533503877786253,-0.44577055430141715,7.0,0.8857142857142857,1.0
E,TAC,0.018173818009914244,0.01695767801719234,0.09992289917312616,8.0,1.0,1.0
E,TCA,0.005932029696344411,0.005964435903254194,-0.007859878927945358,8.0,1.0,1.0
E,TCG,0.004916750352211328,0.00508360519829942,-0.048146888225557974,8.0,1.0,1.0
E,TGG,0.008542233950971041,0.00908357634453514,-0.08864701029737422,7.0,0.8857142857142857,1.0
E,TTG,0.01151764320409233,0.01151891988163961,-0.00015990721891135482,7.0,0.8857142857142857,1.0
P,ATT,0.015449023358379789,0.023061213676705286,-0.5779528037464181,2.0,0.11428571428571428,0.6881612898657626
P,CCC,0.0017084114235448962,0.0013893649986140115,0.2982297919123346,15.0,0.05714285714285714,0.6881612898657626
P,CTA,0.0003870557993334886,0.0009153174372967703,-1.2417305996429584,2.0,0.11428571428571428,0.6881612898657626
P,GAG,0.06298105155572689,0.048176139134519624,0.38659906572332625,16.0,0.02857142857142857,0.6881612898657626
P,GCA,0.004259610860553596,0.0069079833210966375,-0.6975429614197227,2.0,0.11428571428571428,0.6881612898657626
P,GCC,0.020448535670721534,0.017546909750128445,0.22078056014591735,15.0,0.05714285714285714,0.6881612898657626
P,GCG,0.0010210645987429178,0.0020863300226149446,-1.0308932434576497,1.0,0.05714285714285714,0.6881612898657626
P,GGG,0.0013786331327119285,0.0006226741789900634,1.1466892331683625,14.0,0.11428571428571428,0.6881612898657626
P,GGT,0.012522138809459491,0.01385986163636312,-0.14643185618261725,2.0,0.11428571428571428,0.6881612898657626
P,TGC,0.009396262829496928,0.008075539774126481,0.21852837488756188,16.0,0.02857142857142857,0.6881612898657626
P,TTA,0.0,0.0006725038281997912,0.0,2.5,0.12409465882825227,0.6881612898657626
P,AAC,0.04281168953101318,0.03555110934663393,0.2681101927275937,13.0,0.2,0.7176470588235295
P,AGG,0.0008542057117724481,0.0010948665140847716,-0.35809953752748874,3.0,0.2,0.7176470588235295
P,CAA,0.016003338104906735,0.01978697214948756,-0.3061779991462854,3.0,0.2,0.7176470588235295
P,CTG,0.0025943723972225085,0.0032535959752871433,-0.3266495318329222,3.0,0.2,0.7176470588235295
P,GGA,0.0779000388792429,0.06936789554580888,0.16735593095649595,13.0,0.2,0.7176470588235295
P,TGG,0.0044652651000848115,0.006863204341845267,-0.6201364796302459,3.0,0.2,0.7176470588235295
P,AAG,0.0635410198922037,0.07875217724811748,-0.30963156316845225,4.0,0.34285714285714286,0.9258928571428572
P,ACC,0.024706394377288853,0.019709626882364273,0.3259840154087765,12.0,0.34285714285714286,0.9258928571428572
P,AGA,0.017689431006971016,0.020130205956095444,-0.18647428936059782,5.0,0.4857142857142857,0.9258928571428572
P,ATG,0.015598586230051063,0.02222357519591757,-0.5106756504713894,4.0,0.34285714285714286,0.9258928571428572
P,CAT,0.009658751701755747,0.010476472805753008,-0.11724442330787806,5.0,0.4857142857142857,0.9258928571428572
P,CCT,0.0019102265399304828,0.0025981513469995497,-0.44374173055223876,5.0,0.4857142857142857,0.9258928571428572
P,CTC,0.02258554725687769,0.019947842781754974,0.17916713367046946,11.0,0.4857142857142857,0.9258928571428572
P,CTT,0.02515930200599075,0.028326895398472295,-0.17108059422556335,5.0,0.4857142857142857,0.9258928571428572
P,GGC,0.0030595134027055224,0.0038204660031520192,-0.32044640325447016,5.0,0.4857142857142857,0.9258928571428572
P,GTA,0.002441524307323935,0.0028752889348706194,-0.2359247970760716,4.0,0.34285714285714286,0.9258928571428572
P,GTC,0.028862911077692014,0.021345778215968024,0.4352660548624485,11.0,0.4857142857142857,0.9258928571428572
P,GTG,0.007200481359272818,0.008573719104562331,-0.2518277964432719,5.0,0.4857142857142857,0.9258928571428572
P,TCC,0.0109470009296915,0.007862544290847272,0.4774675352424364,12.0,0.34285714285714286,0.9258928571428572
P,TGT,0.004768410861011225,0.0034164981508904117,0.4809902022338349,11.0,0.4857142857142857,0.9258928571428572
P,TTG,0.012413514694096909,0.01680720920394021,-0.43716853844665166,5.0,0.4857142857142857,0.9258928571428572
P,AAA,0.014932164741547158,0.019043429467718538,-0.3508699815723667,7.0,0.8857142857142857,1.0
P,AAT,0.015315968981143768,0.01764561744576371,-0.20427326952652072,7.0,0.8857142857142857,1.0
P,ACA,0.003896103572675549,0.004885597948209166,-0.3265031143712159,8.0,1.0,1.0
P,ACG,0.0017706397169265744,0.0030685779405919735,-0.7932995399689594,6.0,0.6857142857142857,1.0
P,ACT,0.015717883534129527,0.017237612277688386,-0.13315298186987548,8.0,1.0,1.0
P,AGC,0.0078107534552069435,0.006981624007286339,0.16189905978333863,10.0,0.6857142857142857,1.0
P,AGT,0.0029772568833449048,0.00333918254860187,-0.165511260348859,8.0,1.0,1.0
P,ATA,0.0012201419287294214,0.0010897242571368715,0.16308585108562687,9.0,0.8857142857142857,1.0
P,ATC,0.039092863844896034,0.039065297993042536,0.0010176574904198208,9.0,0.8857142857142857,1.0
P,CAC,0.011733760486444512,0.013279267736540444,-0.1785101451892277,6.0,0.6857142857142857,1.0
P,CAG,0.009318127031120477,0.009355904471629685,-0.005837132749957516,10.0,0.6857142857142857,1.0
P,CCA,0.032211368913658944,0.0318871247223808,0.014595958511097781,8.0,1.0,1.0
P,CCG,0.0030849187002420396,0.003894756204308205,-0.33630055516848,7.0,0.8857142857142857,1.0
P,CGA,0.0021894001859382997,0.0020313436443769525,0.10810135687779633,6.0,0.6857142857142857,1.0
P,CGC,0.014431359891936639,0.012535157238427127,0.20322716072274438,9.0,0.8857142857142857,1.0
P,CGG,0.00042785042269529827,0.0003520695709801669,0.28124597399245704,9.0,0.8857142857142857,1.0
P,CGT,0.03144800222741221,0.02911693551495751,0.11110984759675267,9.0,0.8857142857142857,1.0
P,GAA,0.024542003306252745,0.02418927507624389,0.020885483510811452,8.0,1.0,1.0
P,GAC,0.0337053097563037,0.03066436302552139,0.13641290090596314,9.0,0.8857142857142857,1.0
P,GAT,0.054857388518542924,0.04848359772453971,0.17818918649851279,10.0,0.6857142857142857,1.0
P,GCT,0.023274179204168466,0.02294343798089826,0.020648700524546686,8.0,1.0,1.0
P,GTT,0.030695591585260428,0.029819654281096467,0.041767943054574985,7.0,0.8857142857142857,1.0
P,TAC,0.02402221011027858,0.024802807883072372,-0.04613456575905706,8.0,1.0,1.0
P,TAT,0.007841684917768554,0.008939773036354341,-0.189074529701429,6.0,0.6857142857142857,1.0
P,TCA,0.005953273316824718,0.0063687337525678185,-0.09732343027677455,7.0,0.8857142857142857,1.0
P,TCG,0.004762618653459774,0.005591248344233043,-0.23141539037229897,6.0,0.6857142857142857,1.0
P,TCT,0.01122410048059706,0.010588479101932488,0.08410444971998737,9.0,0.8857142857142857,1.0
P,TTC,0.03809039249174807,0.03688067232932936,0.04656219769438878,10.0,0.6857142857142857,1.0
P,TTT,0.004596782082841701,0.005350060445627587,-0.21893091663482575,7.0,0.8857142857142857,1.0
