site,codon,median_BWM,median_control,log2_FC,U_stat,p_value,p_adj
A,CGG,0.00044912605933208606,0.0009160065923929739,-1.0282375482210784,1.0,0.004329004329004329,0.26406926406926406
A,AAG,0.09347750628556148,0.08105833124453288,0.2056587728345579,32.0,0.025974025974025976,0.5281385281385281
A,GTA,0.001983569719563946,0.0030735219968615764,-0.6317937033309323,4.0,0.025974025974025976,0.5281385281385281
A,GAA,0.030401315232825625,0.03540081840047173,-0.21964897367527056,5.0,0.04112554112554113,0.6271645021645021
A,AGA,0.021358631112110664,0.01870218586057034,0.1916122885337032,30.0,0.06493506493506493,0.7096861471861472
A,CGT,0.027600509291647663,0.02394023888982899,0.20525733981088287,29.0,0.09307359307359307,0.7096861471861472
A,GCG,0.0014987900443391743,0.001955171226566679,-0.38349665912907394,7.0,0.09307359307359307,0.7096861471861472
A,GTG,0.007250078374045242,0.009037778378194876,-0.3179715892051548,7.0,0.09307359307359307,0.7096861471861472
A,AAA,0.01026328485087269,0.014249617228527717,-0.4734306147318072,8.0,0.13203463203463203,0.7321920503738686
A,ACA,0.0050839242958521,0.007288526514394682,-0.5196846339677335,8.0,0.13203463203463203,0.7321920503738686
A,TCT,0.009521073811763776,0.010709157227791942,-0.1696487508716789,8.0,0.13203463203463203,0.7321920503738686
A,AAT,0.010072014627373572,0.012126850377156382,-0.2678526145535579,9.0,0.17965367965367965,0.8362193362193362
A,ACC,0.018760559538218327,0.020038332645655382,-0.09505961219244016,15.0,0.6991341991341992,0.8362193362193362
A,ACG,0.0025761924898553626,0.002763522900976362,-0.10126817420423785,15.0,0.6991341991341992,0.8362193362193362
A,ACT,0.0130212455172082,0.014071117084204707,-0.11186941367650605,13.0,0.48484848484848486,0.8362193362193362
A,AGC,0.004534748644642376,0.004834846708427707,-0.09244756274191766,15.0,0.6991341991341992,0.8362193362193362
A,AGG,0.0009085410562977431,0.0011190303870450722,-0.30062559757388135,15.0,0.6991341991341992,0.8362193362193362
A,AGT,0.002215549466887558,0.0024815879409791023,-0.16359904243527967,11.0,0.30952380952380953,0.8362193362193362
A,ATA,0.001155256520873432,0.001205354314151614,-0.06124405644983178,12.0,0.3939393939393939,0.8362193362193362
A,ATG,0.02142482182040955,0.022126093253410528,-0.046465534513326835,14.0,0.5887445887445888,0.8362193362193362
A,ATT,0.0192863913182724,0.019090070004255583,0.014760832404223889,14.0,0.5887445887445888,0.8362193362193362
A,CAC,0.011985664271401611,0.0111311453599328,0.10670781936704943,24.0,0.3939393939393939,0.8362193362193362
A,CAG,0.011807521363497967,0.010860420818179744,0.12062614019126387,23.0,0.48484848484848486,0.8362193362193362
A,CCA,0.03575085587329911,0.03747841166354399,-0.0680820324887572,14.0,0.5887445887445888,0.8362193362193362
A,CCC,0.001972397871498489,0.0017052170647824708,0.20999520296933694,23.0,0.48484848484848486,0.8362193362193362
A,CCG,0.0022728473120258155,0.0026174203528352077,-0.20364486876063473,12.0,0.3939393939393939,0.8362193362193362
A,CCT,0.0016377837390796925,0.002064292835809924,-0.33390277356811043,11.0,0.30952380952380953,0.8362193362193362
A,CGA,0.0018242702102253734,0.002161574480292365,-0.24476311052948332,14.0,0.5887445887445888,0.8362193362193362
A,CGC,0.017708466080455378,0.015614158312169424,0.1815844478964556,22.0,0.5887445887445888,0.8362193362193362
A,CTA,0.0011364236560129077,0.0012894223624809985,-0.18222414113946733,12.0,0.3939393939393939,0.8362193362193362
A,CTC,0.024088417300842352,0.020042076616785844,0.2653076081970238,26.0,0.24025974025974026,0.8362193362193362
A,CTG,0.0038409061712045074,0.0038355511716928413,0.0020128119385075353,14.0,0.5887445887445888,0.8362193362193362
A,GAC,0.032683651129498795,0.032169561716694356,0.022872877049064204,21.0,0.6991341991341992,0.8362193362193362
A,GAG,0.06450026398591907,0.05885859888875827,0.13205186542762756,26.0,0.24025974025974026,0.8362193362193362
A,GAT,0.04056335797333381,0.04149017250949585,-0.032592567208487716,15.0,0.6991341991341992,0.8362193362193362
A,GCA,0.005758058810092873,0.005830101699392241,-0.01793852581211968,14.0,0.5887445887445888,0.8362193362193362
A,GCT,0.02111210228962236,0.021852557244266567,-0.04973187185616538,14.0,0.5887445887445888,0.8362193362193362
A,GGA,0.0744022158471454,0.06549144554918448,0.1840391132728494,22.0,0.5887445887445888,0.8362193362193362
A,GGG,0.0008103644790367879,0.0010675767323415901,-0.3976969251068791,15.0,0.6991341991341992,0.8362193362193362
A,GGT,0.007983787102032305,0.006630740133197782,0.26790333474754396,22.0,0.5887445887445888,0.8362193362193362
A,GTC,0.03079666774123202,0.029387571437802303,0.06756811607453175,23.0,0.48484848484848486,0.8362193362193362
A,GTT,0.024358290381027013,0.022560588915915846,0.11060815135403487,15.0,0.6991341991341992,0.8362193362193362
A,TAT,0.006871916378465518,0.010134680385458634,-0.5605162055267805,10.0,0.24025974025974026,0.8362193362193362
A,TCA,0.005225468180238703,0.006600544280120551,-0.3370246913769207,9.0,0.17965367965367965,0.8362193362193362
A,TCC,0.015458191122697867,0.014077181761020487,0.13501297207146729,26.0,0.24025974025974026,0.8362193362193362
A,TGC,0.007733313995389561,0.008658562275938367,-0.16304069844267055,13.0,0.48484848484848486,0.8362193362193362
A,TGT,0.003254313273726561,0.0035342640091646175,-0.11905667557024464,15.0,0.6991341991341992,0.8362193362193362
A,TTA,0.00073632159952935,0.0010138620333738446,-0.4614534155650466,15.0,0.6991341991341992,0.8362193362193362
A,TTC,0.03268863608013796,0.029997344391268405,0.12395439522171156,21.0,0.6991341991341992,0.8362193362193362
A,TTG,0.015734409753686465,0.01780727665868237,-0.1785438362171355,12.0,0.3939393939393939,0.8362193362193362
A,TTT,0.00418436717236694,0.005330632528953241,-0.34929728066772836,11.0,0.30952380952380953,0.8362193362193362
A,ATC,0.041794598203692856,0.04256267000819497,-0.026272164308226587,16.0,0.8181818181818182,0.8912337662337662
A,CTT,0.02286489883011753,0.020175551217258524,0.1805264457077995,20.0,0.8181818181818182,0.8912337662337662
A,GCC,0.018996745956644752,0.021278884901964723,-0.16367023627832197,16.0,0.8181818181818182,0.8912337662337662
A,TCG,0.0069979400742666426,0.007217327760215579,-0.04453446295934667,16.0,0.8181818181818182,0.8912337662337662
A,TGG,0.009832579329680131,0.009276827050001192,0.0839384757157563,20.0,0.8181818181818182,0.8912337662337662
A,AAC,0.02446151572933021,0.023972403169287025,0.02913925899774642,19.0,0.9372294372294373,0.9528499278499278
A,CAT,0.008672981950313543,0.009623371181563074,-0.15001426870811083,17.0,0.9372294372294373,0.9528499278499278
A,GGC,0.0031092985693329175,0.003281052538066368,-0.07756953765991112,17.0,0.9372294372294373,0.9528499278499278
A,TAC,0.030320000374832387,0.028666915977894704,0.08088306532610089,19.0,0.9372294372294373,0.9528499278499278
A,CAA,0.022572855161624262,0.024480852486260942,-0.11706488572875004,18.0,1.0,1.0
E,AGT,0.001314931914332326,0.002100828029395483,-0.6759699696551358,1.0,0.004329004329004329,0.26406926406926406
E,AAA,0.018580783668527882,0.02174095843937461,-0.2266041917340478,10.0,0.24025974025974026,0.7281910009182736
E,AAC,0.045011671637363984,0.043207793627883864,0.05900758161435739,25.0,0.30952380952380953,0.7281910009182736
E,AAG,0.1168259525399821,0.1018100482850057,0.1984808430153934,24.0,0.3939393939393939,0.7281910009182736
E,AAT,0.010846869455254825,0.015138144111097993,-0.48090962371411305,8.0,0.13203463203463203,0.7281910009182736
E,ACA,0.004121702722191162,0.005026826372204127,-0.2864074046093863,11.0,0.30952380952380953,0.7281910009182736
E,AGA,0.023583075452592528,0.020427489726786062,0.20723994497298875,24.0,0.3939393939393939,0.7281910009182736
E,AGG,0.0008951021647881623,0.0006954520317389797,0.36410134804975297,24.0,0.3939393939393939,0.7281910009182736
E,ATA,0.0003288244978188091,0.0005256077664213658,-0.6766688076606691,12.0,0.3751171348317355,0.7281910009182736
E,ATT,0.014822400701861518,0.018101163520145097,-0.2883033030552794,9.0,0.17965367965367965,0.7281910009182736
E,CAG,0.01478842445631466,0.016745798814858142,-0.17933084034435973,9.0,0.17965367965367965,0.7281910009182736
E,CAT,0.005067431547874122,0.006327125162226021,-0.32029543976823227,10.0,0.24025974025974026,0.7281910009182736
E,CCC,0.002088571717839045,0.0018498376467779606,0.17511802749835667,24.0,0.3939393939393939,0.7281910009182736
E,CCG,0.001826869827648705,0.0022660977243686904,-0.3108362386398922,11.0,0.30952380952380953,0.7281910009182736
E,CGA,0.0014918369413136037,0.0025596487635784213,-0.7788559996303147,8.0,0.13203463203463203,0.7281910009182736
E,CGC,0.015774259924139167,0.010269923065417587,0.619146946233685,31.0,0.04112554112554113,0.7281910009182736
E,CGG,0.0002482732153292817,0.0005405187393692822,-1.1224160095431002,12.0,0.3751171348317355,0.7281910009182736
E,CGT,0.021471182142962095,0.018734582119185477,0.19669782586481882,29.0,0.09307359307359307,0.7281910009182736
E,CTA,0.0008679457058014997,0.0006571078124208975,0.40147470337268115,26.0,0.24025974025974026,0.7281910009182736
E,CTC,0.029201711906885856,0.023957495600659302,0.2855758437035864,24.0,0.3939393939393939,0.7281910009182736
E,CTG,0.003026149784531859,0.00457400988474841,-0.5959760855005948,8.0,0.13203463203463203,0.7281910009182736
E,GAA,0.027175856701382076,0.03169030660915788,-0.22171610210833687,8.0,0.13203463203463203,0.7281910009182736
E,GAT,0.028965422029650398,0.032887230440025825,-0.18319583299743405,7.0,0.09307359307359307,0.7281910009182736
E,GGG,0.0007902741294768576,0.0010665079580246734,-0.43246964497054075,12.0,0.3939393939393939,0.7281910009182736
E,GGT,0.006673864528712539,0.007521422908208551,-0.17248321593809934,9.0,0.17965367965367965,0.7281910009182736
E,GTA,0.001910597410325329,0.0028964346327184348,-0.6002542921071661,10.0,0.24025974025974026,0.7281910009182736
E,TAC,0.018545111818339576,0.016967317017214774,0.12828051207290248,26.0,0.24025974025974026,0.7281910009182736
E,TAT,0.004534748644642376,0.005812988897657523,-0.35825756692438854,12.0,0.3939393939393939,0.7281910009182736
E,TCA,0.005822638885494145,0.0062383319621686206,-0.09948717832669522,11.0,0.30952380952380953,0.7281910009182736
E,TCG,0.004474774427764968,0.007223068735619776,-0.6907969409880403,6.0,0.06493506493506493,0.7281910009182736
E,TTA,0.0002962284270139335,0.0003829845615555391,-0.3705761441813085,11.0,0.29710698354709286,0.7281910009182736
E,TTC,0.028966061030958397,0.02774219486959048,0.06228157872414027,25.0,0.30952380952380953,0.7281910009182736
E,TTT,0.0030289874216387447,0.004710450833397284,-0.6370295584880865,10.0,0.24025974025974026,0.7281910009182736
E,TGG,0.009202746966160781,0.008228310111870663,0.16146839372770838,23.0,0.48484848484848486,0.8698752228163994
E,ATC,0.04341836621819366,0.040839832660439224,0.08832848522177522,22.0,0.5887445887445888,0.8759370710590223
E,ATG,0.020344346838091443,0.02191655996429787,-0.10739340687593776,14.0,0.5887445887445888,0.8759370710590223
E,CAC,0.014264053409845885,0.013165900729772303,0.11557778500267969,22.0,0.5887445887445888,0.8759370710590223
E,GCA,0.004402363829355851,0.004615774789691246,-0.06829445415244656,14.0,0.5887445887445888,0.8759370710590223
E,GCC,0.02046556490394183,0.01905229291892251,0.10323385488714214,22.0,0.5887445887445888,0.8759370710590223
E,GTG,0.005522821733613667,0.0063141280646563,-0.19317796137867654,14.0,0.5887445887445888,0.8759370710590223
E,TGC,0.005214778631040267,0.00461748365910658,0.1754991555577491,22.0,0.5887445887445888,0.8759370710590223
E,ACC,0.022786112366983732,0.021476482452012894,0.08539708205564563,16.0,0.8181818181818182,0.9786096256684492
E,ACG,0.00216652197452721,0.002310011010007227,-0.09251885824788642,15.0,0.6991341991341992,0.9786096256684492
E,AGC,0.00621172855963508,0.00570529554810601,0.12269316461495124,20.0,0.8181818181818182,0.9786096256684492
E,CAA,0.025157792637063196,0.027887077988276956,-0.14859143184498108,16.0,0.8181818181818182,0.9786096256684492
E,CCT,0.001402821333064655,0.0011751840252692092,0.25544458527589275,16.0,0.8181818181818182,0.9786096256684492
E,CTT,0.02321971975101514,0.021654720030762034,0.10066903955833394,20.0,0.8181818181818182,0.9786096256684492
E,GCG,0.0015413384753522146,0.0017122040665805724,-0.15167094745858023,16.0,0.8181818181818182,0.9786096256684492
E,GGC,0.0038179573029003444,0.0038075444931826,0.003940073369732649,16.0,0.8181818181818182,0.9786096256684492
E,TCC,0.014463938931261727,0.01467663693305821,-0.02106092915828221,20.0,0.8181818181818182,0.9786096256684492
E,TCT,0.009531177600335106,0.010774765937567779,-0.17693015093107603,16.0,0.8181818181818182,0.9786096256684492
E,ACT,0.014961987524865427,0.015534915671694604,-0.054212576987657586,17.0,0.9372294372294373,1.0
E,CCA,0.034158062766434336,0.03475265365761776,-0.02489698739229425,18.0,1.0,1.0
E,GAC,0.030935104703814442,0.029959913720299186,0.04621144787100196,19.0,0.9372294372294373,1.0
E,GAG,0.06070060364071403,0.06290587656586455,-0.051483934133903696,18.0,1.0,1.0
E,GCT,0.020343660437215617,0.0209127257508695,-0.03980182726218629,17.0,0.9372294372294373,1.0
E,GGA,0.06027178467247665,0.056931132486554945,0.08226498580159743,19.0,0.9372294372294373,1.0
E,GTC,0.0361705643854091,0.03529285544244775,0.03543995007576781,18.0,1.0,1.0
E,GTT,0.022148912902020545,0.021882447616581722,0.017461774265051678,19.0,0.9372294372294373,1.0
E,TGT,0.002123643578906504,0.0022142639473213778,-0.060285554055705674,17.0,0.9372294372294373,1.0
E,TTG,0.01227012501473819,0.011957994987094035,0.03717443682176059,18.0,1.0,1.0
P,GTA,0.001972397871498489,0.003182383307551757,-0.6901570129076346,2.0,0.008658008658008658,0.26406926406926406
P,TCA,0.005264072016983428,0.006570946016257925,-0.31992186317841687,1.0,0.004329004329004329,0.26406926406926406
P,AGT,0.002213185812101443,0.004073930194338849,-0.880296679987327,3.0,0.015151515151515152,0.30808080808080807
P,AAG,0.0788430188044116,0.06267314414971839,0.33113564527324457,32.0,0.025974025974025976,0.3600944510035419
P,ACG,0.0017176485949651574,0.002819923530461359,-0.7152211277517493,6.0,0.06493506493506493,0.3600944510035419
P,ATA,0.00135571314556056,0.0009497949421699708,0.5133639731668089,31.0,0.04112554112554113,0.3600944510035419
P,CCA,0.030432891931320837,0.0347143852205144,-0.18990218741332346,5.0,0.04112554112554113,0.3600944510035419
P,CCT,0.0015809048214608578,0.0022701800194990197,-0.5220561913922156,6.0,0.06493506493506493,0.3600944510035419
P,CGA,0.0013846968713421895,0.0022704357909825454,-0.7133990516226278,6.0,0.06493506493506493,0.3600944510035419
P,GCT,0.02225529403110664,0.025007719421768736,-0.16822493556161772,6.0,0.06493506493506493,0.3600944510035419
P,TCG,0.004810822662272627,0.0059259760214421375,-0.3007691692445154,6.0,0.06493506493506493,0.3600944510035419
P,ACA,0.003896103572675549,0.005234154142777222,-0.4259243814983225,7.0,0.09307359307359307,0.4055349412492269
P,CCG,0.002861025354003636,0.003302452059610976,-0.20700533591344752,7.0,0.09307359307359307,0.4055349412492269
P,CGT,0.031117300880275332,0.02644297123405094,0.23483263342649746,29.0,0.09307359307359307,0.4055349412492269
P,AGA,0.02052277872315602,0.016971464869914688,0.27411498618388214,28.0,0.13203463203463203,0.423900660742766
P,AGC,0.007538514811279961,0.006883124071155417,0.13121680581771797,28.0,0.13203463203463203,0.423900660742766
P,GTG,0.007051311287622094,0.0080433024253971,-0.18989639459353055,8.0,0.13203463203463203,0.423900660742766
P,TGT,0.0042150141005071395,0.004900593816818953,-0.21741911724132257,8.0,0.13203463203463203,0.423900660742766
P,TTT,0.004157949693423186,0.006007445864517545,-0.5308794394223016,8.0,0.13203463203463203,0.423900660742766
P,AAA,0.01457391631477602,0.016836724945630002,-0.208222923130353,9.0,0.17965367965367965,0.47647280255975905
P,ATC,0.041920743394856956,0.036960140671130626,0.1816940532116468,27.0,0.17965367965367965,0.47647280255975905
P,GAA,0.02243428217350811,0.027878541903638157,-0.3134500846652324,9.0,0.17965367965367965,0.47647280255975905
P,TAT,0.0068472724324959485,0.010239601747869,-0.5805582860193894,9.0,0.17965367965367965,0.47647280255975905
P,AAT,0.014194348407162261,0.017997683742186625,-0.34249462364669264,10.0,0.24025974025974026,0.5234230055658626
P,CAG,0.00987651979886665,0.008701857412513364,0.1826793899109127,26.0,0.24025974025974026,0.5234230055658626
P,CGG,0.00030745734194629373,0.0004973841537143267,-0.6939742869525305,10.0,0.24025974025974026,0.5234230055658626
P,GAT,0.04830111405128211,0.053618616018904865,-0.15067751677499142,10.0,0.24025974025974026,0.5234230055658626
P,GCA,0.004305087961072804,0.005606845953557548,-0.38114671782107773,10.0,0.24025974025974026,0.5234230055658626
P,AGG,0.0008647907990741695,0.0007618396196889868,0.18286385600318394,25.0,0.30952380952380953,0.590029761904762
P,CTC,0.0224264118386327,0.020558692687334196,0.12545028433697464,25.0,0.30952380952380953,0.590029761904762
P,GGG,0.0004775012745062905,0.0011295582116639352,-1.2421821327978528,11.0,0.30952380952380953,0.590029761904762
P,GTC,0.02831181339343914,0.024442534896310444,0.21201024541360552,25.0,0.30952380952380953,0.590029761904762
P,CAT,0.009399918158358257,0.010208025923137413,-0.11898379698300558,12.0,0.3939393939393939,0.6494676494676495
P,CGC,0.014756953511870813,0.009630136775913064,0.6157667222617929,24.0,0.3939393939393939,0.6494676494676495
P,CTT,0.028253897455503163,0.0256940126685941,0.13701767691034047,24.0,0.3939393939393939,0.6494676494676495
P,TCT,0.01122410048059706,0.012436459695957962,-0.14797602048832603,12.0,0.3939393939393939,0.6494676494676495
P,TTA,0.00015664160401002505,0.00035675422095294716,-1.1874630557834944,12.0,0.3611299763458352,0.6494676494676495
P,CAC,0.012883880119900923,0.011641174106000868,0.14633056913348294,23.0,0.48484848484848486,0.7783094098883573
P,ACT,0.017200044603033003,0.018604541158924463,-0.1132425038070944,14.0,0.5887445887445888,0.855081426509998
P,ATT,0.01861917115303769,0.02081307456008761,-0.1607012477530514,14.0,0.5887445887445888,0.855081426509998
P,CAA,0.02017951179438416,0.019698948539611794,0.03477264578892607,22.0,0.5887445887445888,0.855081426509998
P,GGC,0.002788587885123193,0.0033138421706764374,-0.24897015287440444,14.0,0.5887445887445888,0.855081426509998
P,AAC,0.04274531596999198,0.041168791972681744,0.054215222316762075,21.0,0.6991341991341992,0.9416809605488851
P,ATG,0.0173938554012149,0.017793621565005482,-0.032782428725825784,20.0,0.8181818181818182,0.9416809605488851
P,CCC,0.0014904743983880514,0.0014882930908234398,0.002112929041979321,15.0,0.6991341991341992,0.9416809605488851
P,CTA,0.0005525235365326622,0.0005405187393692822,0.03169128613379195,16.0,0.8181818181818182,0.9416809605488851
P,CTG,0.0026695446242725454,0.0025857003553984123,0.046038567662822424,20.0,0.8181818181818182,0.9416809605488851
P,GCC,0.019224921471636652,0.01856096442062099,0.05070603090193223,20.0,0.8181818181818182,0.9416809605488851
P,GGA,0.07156970364322557,0.06611144328038898,0.11444899519860827,20.0,0.8181818181818182,0.9416809605488851
P,GGT,0.01317546885747043,0.012800352937087686,0.04167071258986763,16.0,0.8181818181818182,0.9416809605488851
P,TAC,0.02393477727113117,0.024567519573626965,-0.03764382440751016,20.0,0.8181818181818182,0.9416809605488851
P,TCC,0.01090928745649719,0.010588870922663834,0.043008109801123386,20.0,0.8181818181818182,0.9416809605488851
P,TGG,0.0058121381762614235,0.005407590460560735,0.10408310720642767,20.0,0.8181818181818182,0.9416809605488851
P,ACC,0.0208856783919598,0.021619861717591293,-0.04984329077400308,17.0,0.9372294372294373,0.9857068219137185
P,GAC,0.031911493979680676,0.0308496993482843,0.04881972253524709,19.0,0.9372294372294373,0.9857068219137185
P,GTT,0.031049965157625536,0.02932219700261084,0.08259844627445996,19.0,0.9372294372294373,0.9857068219137185
P,TGC,0.008832381914148528,0.008838815204659803,-0.001050441197033658,17.0,0.9372294372294373,0.9857068219137185
P,TTG,0.013112760715347692,0.016790436876639222,-0.3566683112146612,17.0,0.9372294372294373,0.9857068219137185
P,GAG,0.05355730514811619,0.052838378746881146,0.01949716946770099,18.0,1.0,1.0
P,GCG,0.0014244198502537085,0.0010320162686284298,0.46490873240578334,18.0,1.0,1.0
P,TTC,0.03767329341639092,0.03863861553246618,-0.03650124176820395,18.0,1.0,1.0
